player_id,player_name,birth_date,nationality,primary_broad_position,primary_general_position,secondary_broad_position,secondary_general_position,season_name,height_ft,height_in,weight_lb,competition,league
0Oq6243Pq6,Lena Silano,2000-02-28,USA,FW,ST,MF,W,"['2023', '2024']",,,,nwsl,nwsl
0Oq62D2xq6,Mwanalima Jereko,1997-09-04,Kenya,MF,CM,,AM,"['2024', '2025']",,,,nwsl,nwsl
0Oq62ob2q6,Heather Hinz,2001-06-27,USA,GK,GK,,,2024,,,,nwsl,nwsl
0Oq632XPQ6,Jenna Hellstrom,1995-04-02,Canada,DF,FB,,,2020,5.0,6.0,,nwsl,nwsl
0Oq63967Q6,Julia Dorsey,2000-08-08,USA,,,,,{},,,,nwsl,nwsl
0Oq63DazQ6,Lilly Reale,2003-08-12,USA,DF,FB,,,"['2025', '2026']",5.0,8.0,,nwsl,nwsl
0Oq63N8zQ6,Ivy Garner,2003-05-07,Puerto Rico,MF,W,,,2026,,,,nwsl,nwsl
0Oq63NGdQ6,Kate Del Fava,1998-07-23,USA,DF,CB,,FB,"['2020', '2021', '2022', '2023', '2024', '2025', '2026']",5.0,9.0,,nwsl,nwsl
0Oq63d8XQ6,Maddie Huster,1996-07-05,USA,,,,,{},5.0,4.0,,nwsl,nwsl
0Oq63dogQ6,Paige Cronin,1996-11-13,USA,MF,W,,,"['2019', '2020', '2021', '2022', '2023', '2024', '2025', '2026']",5.0,7.0,,nwsl,nwsl
0Oq63dpzQ6,Erin Yenney,1992-10-20,USA,FW,W,MF,W,2018,5.0,7.0,,nwsl,nwsl
0Oq63vrxQ6,Grace Chanda,1997-06-11,Zambia,MF,W,,,2025,5.0,3.0,115.0,nwsl,nwsl
0Oq6J6jxq6,Kalea Eichenberger,,USA,FW,ST,,,2026,,,,nwsl,nwsl
0Oq6J6kgq6,Reagan Raabe,2001-09-27,USA,MF,W,DF,FB,2026,5.0,5.0,,nwsl,nwsl
0Oq6Jmprq6,Gianna Paul,2004-12-28,USA,FW,ST,,,2026,5.0,10.0,,nwsl,nwsl
0Oq6L6BzM6,Madison Elwell,1999-09-06,USA,DF,FB,,,"['2022', '2023']",,,,nwsl,nwsl
0Oq6LKAxM6,Scarlett Camberos,2000-11-20,Mexico,MF,W,FW,W,"['2023', '2024']",5.0,6.0,137.0,nwsl,nwsl
0Oq6LbXzM6,Mia Gyau,1998-06-22,USA,DF,FB,,,"['2022', '2023']",,,,nwsl,nwsl
0Oq6Lbp7M6,Alexis Loera,1999-06-19,USA,MF,DM,DF,CB,"['2022', '2023', '2024', '2025']",,,,nwsl,nwsl
0Oq6LeZxM6,Joelle Anderson,1998-10-06,USA,DF,CB,,,"['2022', '2023', '2024', '2025', '2026']",,,,nwsl,nwsl
0Oq6LpwXM6,Taylor Aylmer,,USA,MF,DM,,,"['2021', '2022', '2023']",5.0,8.0,,nwsl,nwsl
0Oq6LyL7M6,Jenna Winebrenner,1999-03-01,USA,DF,CB,,,"['2022', '2023']",,,,nwsl,nwsl
0Oq6lL2rM6,Nahomi Kawasumi,1985-09-23,Japan,FW,W,MF,W,"['2016', '2017', '2018', '2019', '2020', '2021', '2022', '2023']",5.0,2.0,110.0,nwsl,nwsl
0Oq6lLLrM6,Elise Thorsnes,1988-08-14,Norway,MF,W,,,2018,5.0,9.0,154.0,nwsl,nwsl
0Oq6lLw2M6,Lisa De Vanna,1984-11-14,Australia,MF,W,,AM,2016,5.0,1.0,123.0,nwsl,nwsl
0Oq6lRkrM6,Verónica Boquete,1987-04-09,Spain,MF,CM,,,"['2019', '2020']",5.0,4.0,119.0,nwsl,nwsl
0Oq6lgE2M6,Angharad James-Turner,1994-06-01,Wales,MF,DM,,CM,"['2021', '2022', '2024', '2025', '2026']",,,,nwsl,nwsl
0Oq6w2WgQ6,Katie Lind,1994-02-15,USA,DF,CB,,,"['2016', '2017', '2018', '2019', '2020', '2021', '2022', '2023', '2025']",5.0,10.0,,nwsl,nwsl
0Oq6w6D6Q6,Ally Brazier,1997-03-12,USA,MF,W,FW,ST,"['2020', '2021', '2022', '2023', '2024', '2025', '2026']",,,,nwsl,nwsl
0Oq6w6JgQ6,Naomi Girma,2000-06-14,USA,DF,CB,,,"['2022', '2023', '2024']",5.0,5.0,,nwsl,nwsl
0Oq6w6ngQ6,Holly Daugirda,,USA,,,,,{},,,,nwsl,nwsl
0Oq6wGnrQ6,Paige Nielsen,1993-10-14,USA,DF,CB,,,"['2016', '2019', '2020', '2021', '2022', '2023', '2024', '2025', '2026']",5.0,5.0,,nwsl,nwsl
0Oq6wVydQ6,Kayla Mills,1995-11-08,USA,DF,FB,,,2017,5.0,9.0,,nwsl,nwsl
0Oq6wZexQ6,Janine Sonis,1994-08-20,Canada,DF,FB,,,"['2016', '2017', '2018', '2022', '2024', '2025', '2026']",5.0,8.0,,nwsl,nwsl
0Oq6wa1gQ6,Lindsay Elston,1991-04-30,USA,MF,CM,,,"['2016', '2017']",5.0,8.0,,nwsl,nwsl
0Oq6waLAQ6,Jami Kranich,1992-05-27,USA,GK,GK,,,2016,5.0,10.0,,nwsl,nwsl
0Oq6waLXQ6,Louise Schillgard,1989-10-23,Sweden,MF,W,,,2016,,,,nwsl,nwsl
0Oq6waZ2Q6,Maycee Bell,2000-09-18,USA,DF,CB,,,"['2024', '2025', '2026']",5.0,11.0,,nwsl,nwsl
0Oq6wbb2Q6,Kristen McNabb,1994-04-17,USA,DF,CB,,FB,"['2017', '2018', '2019', '2020', '2021', '2022', '2023', '2024', '2025', '2026']",5.0,5.0,,nwsl,nwsl
0Oq6wlg7Q6,Caprice Dydasco,1993-08-19,USA,DF,FB,,,"['2016', '2017', '2018', '2019', '2021', '2022', '2023', '2024', '2025']",5.0,3.0,,nwsl,nwsl
0Oq6wlgrQ6,Taylor Smith,1993-12-01,USA,DF,FB,,,"['2016', '2017', '2018', '2020', '2021', '2022', '2023']",5.0,3.0,,nwsl,nwsl
0x5g23JrM7,Cara Walls,1993-06-16,USA,FW,ST,,,2016,,,,nwsl,nwsl
0x5g23VwM7,Abigail Steele,1993-09-18,USA,,,,,{},,,,nwsl,nwsl
0x5g23X7M7,Samantha Lofton,1992-04-29,USA,DF,FB,,,2016,5.0,8.0,,nwsl,nwsl
0x5g23nLM7,Hensley Hancuff,2000-08-03,USA,,,,,{},,,,nwsl,nwsl
0x5g26b7M7,Jess Carter,1997-10-27,England,DF,CB,,,"['2024', '2025', '2026']",5.0,5.0,150.0,nwsl,nwsl
0x5g27kbM7,Sofia Cantore,1999-09-30,Italy,FW,ST,,,"['2025', '2026']",5.0,6.0,,nwsl,nwsl
0x5g2EBPM7,Zoe Redei,1997-10-08,USA,FW,W,,,2020,5.0,4.0,,nwsl,nwsl
0x5g2EoZM7,Katie Johnson,1994-09-14,Mexico,FW,ST,,,"['2017', '2018', '2019', '2020', '2021', '2022', '2023', '2024']",5.0,9.0,,nwsl,nwsl
0x5g2EvwM7,Sam Hiatt,1998-01-06,USA,DF,CB,,,"['2020', '2021', '2022', '2023', '2024', '2025', '2026']",5.0,10.0,,nwsl,nwsl
0x5g2NEPM7,Kumi Yokoyama,1993-08-13,Japan,MF,W,,,"['2020', '2021', '2022']",5.0,1.0,119.0,nwsl,nwsl
0x5g2aejM7,Lais Dos Santos Araujo,1996-03-16,Brazil,DF,CB,,,2026,5.0,9.0,115.0,nwsl,nwsl
0x5g2k0bM7,Amber Brooks,1991-01-23,USA,DF,CB,,,"['2016', '2017', '2018', '2019', '2020', '2021', '2022', '2023']",5.0,6.0,,nwsl,nwsl
0x5g2mW7M7,Casey Krueger,1990-08-23,USA,DF,FB,,,"['2016', '2017', '2018', '2019', '2020', '2021', '2023', '2024', '2025']",5.0,8.0,,nwsl,nwsl
0x5g2nzPM7,Allysha Chapman,1989-01-25,Canada,DF,FB,,,"['2016', '2017', '2018', '2019', '2020', '2021', '2022', '2023', '2024', '2025', '2026']",5.0,3.0,123.0,nwsl,nwsl
0x5g2pRwM7,Elin Rubensson,1993-05-11,Sweden,MF,CM,,DM,2024,5.0,5.0,135.0,nwsl,nwsl
0x5gJ06XM7,Sydney Collins,,Canada,DF,FB,,CB,"['2023', '2025', '2026']",,,,nwsl,nwsl
0x5gJ0LXM7,Mackenzie Wood,2000-07-04,USA,GK,GK,,,2024,5.0,9.0,,nwsl,nwsl
0x5gJvWRM7,Maddie Padelski,2007-09-29,USA,MF,W,,,2026,5.0,0.0,143.0,nwsl,nwsl
0x5gL8rbq7,Autumn Smithers,1994-11-04,USA,DF,CB,,,2020,5.0,8.0,,nwsl,nwsl
0x5gLLzRq7,Adelaide Gay,1989-11-03,USA,,,,,{},5.0,6.0,,nwsl,nwsl
0x5gLNAPq7,Racheal Kundananji,2000-06-03,Zambia,MF,W,,,"['2024', '2025', '2026']",5.0,7.0,130.0,nwsl,nwsl
0x5gLOxwq7,Phoebe McClernon,1997-12-13,USA,DF,CB,,,"['2021', '2022', '2023', '2024', '2025', '2026']",5.0,7.0,,nwsl,nwsl
0x5gLXKXq7,Vanessa Gilles,1996-03-11,Canada,DF,CB,,,2022,5.0,7.0,,nwsl,nwsl
0x5gP7Lwq7,Nadia Nadim,1988-01-02,Denmark,FW,ST,MF,W,"['2016', '2017', '2021', '2022', '2023']",5.0,9.0,,nwsl,nwsl
0x5gPJvRq7,Francisca Ordega,1993-10-19,Nigeria,FW,ST,,W,"['2016', '2017', '2018']",5.0,1.0,,nwsl,nwsl
0x5gPW2Rq7,Emily van Egmond,1993-07-12,Australia,MF,DM,,,"['2018', '2019', '2021', '2022', '2023', '2024']",5.0,10.0,154.0,nwsl,nwsl
0x5gPXRRq7,Makenzy Robbe,1994-02-25,USA,MF,W,,,"['2016', '2017', '2019', '2020', '2021', '2022', '2023', '2024', '2025', '2026']",5.0,8.0,,nwsl,nwsl
0x5gW0mw57,Shelby Hogan,1998-05-10,USA,GK,GK,,,"['2022', '2023', '2024', '2025', '2026']",,,,nwsl,nwsl
0x5gW3J757,Manaka Matsukubo,2004-07-28,Japan,FW,ST,,,"['2023', '2024', '2025', '2026']",5.0,1.0,,nwsl,nwsl
0x5gWVaj57,Ana Dias,1997-10-02,Portugal,FW,ST,,,2024,,,,nwsl,nwsl
0x5gkW2j57,Audrey McKeen,2008-11-26,USA,MF,W,FW,ST,2026,5.0,8.0,,nwsl,nwsl
0x5gko0j57,Aaliyah Farmer,2003-10-27,Mexico,DF,CB,,,2026,,,,nwsl,nwsl
0x5gkyRb57,Mirann Gacioch,2003-10-30,USA,DF,CB,,FB,2026,5.0,5.0,,nwsl,nwsl
2lqR70GxQr,Ryanne Brown,1999-01-21,USA,DF,FB,,,"['2022', '2023', '2024', '2026']",,,,nwsl,nwsl
2lqR7Y32Qr,Gabriella English,1996-11-21,USA,,,,,{},5.0,10.0,,nwsl,nwsl
2lqR7an0Qr,Hannah Seabert,1995-02-27,USA,GK,GK,,,2025,5.0,10.0,132.0,nwsl,nwsl
2lqR7prDQr,Olivia Athens,1998-08-01,USA,MF,DM,,,"['2022', '2023', '2024']",,,,nwsl,nwsl
2lqRJVwaqr,Meila Brewer,2009-03-24,USA,,,,,{},,,,nwsl,nwsl
2lqRJZbaqr,Rebeca,2005-09-01,Brazil,,,,,{},5.0,6.0,139.0,nwsl,nwsl
2lqRJgPLqr,Ryan Childers,,USA,MF,DM,,,2023,,,,nwsl,nwsl
2lqRJk0Jqr,Moriya Miyabi,1996-08-22,Japan,DF,FB,,,"['2025', '2026']",5.0,5.0,119.0,nwsl,nwsl
2lqRJn6xqr,Lindsi Jennings,,USA,DF,FB,,,2023,,,,nwsl,nwsl
2lqRR7knqr,Sam Kerr,1993-09-10,Australia,FW,ST,,,"['2016', '2017', '2018', '2019', '2026']",5.0,6.0,146.0,nwsl,nwsl
2lqRRG6xqr,Danielle Colaprico,1993-05-06,USA,MF,CM,,DM,"['2016', '2017', '2018', '2019', '2020', '2021', '2022', '2023', '2024', '2025', '2026']",5.0,3.0,,nwsl,nwsl
2lqRRddLqr,Debinha,1991-10-20,Brazil,MF,AM,,,"['2017', '2018', '2019', '2020', '2021', '2022', '2023', '2024', '2025', '2026']",5.0,2.0,115.0,nwsl,nwsl
2lqRRj9Jqr,Amy Turner,1991-07-04,England,DF,CB,,,"['2021', '2022']",,,,nwsl,nwsl
2lqRRjmaqr,Jess Fishlock,1987-01-14,Wales,MF,CM,,DM,"['2016', '2017', '2018', '2019', '2020', '2021', '2022', '2023', '2024', '2025', '2026']",5.0,2.0,121.0,nwsl,nwsl
2lqRj1OLqr,Sofia Cook,2004-08-07,USA,MF,DM,,,"['2025', '2026']",5.0,6.0,,nwsl,nwsl
2lqRj7BAqr,Kristina Maksuti,1993-02-06,Albania,,,,,{},,,,nwsl,nwsl
2lqRjBw0qr,Sarah Luebbert,1997-12-16,USA,DF,FB,,,"['2020', '2021', '2022']",5.0,7.0,,nwsl,nwsl
2lqRjL1Aqr,Marie-Yasmine Alidou,1995-04-28,Canada,MF,W,,,"['2025', '2026']",5.0,3.0,143.0,nwsl,nwsl
2lqRjRg2qr,Ludmila,1994-12-01,Brazil,FW,ST,,,"['2024', '2025', '2026']",5.0,3.0,132.0,nwsl,nwsl
2lqRjnZWqr,Amandine Pierre-Louis,1995-02-18,Canada,MF,W,FW,ST,"['2018', '2019']",5.0,7.0,,nwsl,nwsl
2lqRjybWqr,Aissata Traore,1997-09-09,Mali,FW,ST,,,2026,5.0,8.0,,nwsl,nwsl
2lqRk09LQr,Parker Roberts,1997-07-30,USA,MF,CM,,,"['2021', '2022']",,,,nwsl,nwsl
2lqRk0vaQr,Taylor Flint,1998-11-22,USA,MF,DM,,,"['2021', '2022', '2023', '2024', '2025', '2026']",6.0,1.0,,nwsl,nwsl
2lqRk1YaQr,Dominique Richardson,1992-10-18,USA,DF,CB,,,"['2016', '2017', '2018', '2019', '2020', '2021', '2022']",5.0,6.0,,nwsl,nwsl
2lqRk1dnQr,Madelyn Desiano,2000-02-18,USA,MF,W,,,2023,5.0,6.0,,nwsl,nwsl
2lqRk1eAQr,Jordyn Huitema,2001-05-08,Canada,FW,ST,,,"['2022', '2023', '2024', '2025', '2026']",5.0,11.0,,nwsl,nwsl
2lqRk1naQr,Tessa Florio-Gavilsky,1989-07-20,USA,MF,CM,,,2016,5.0,8.0,,nwsl,nwsl
2lqRk9PAQr,Katie Cousins,1996-09-25,USA,MF,W,,,2022,,,,nwsl,nwsl
2lqRk9wWQr,Kerolin,1999-11-17,Brazil,MF,W,FW,ST,"['2022', '2023', '2024']",5.0,4.0,112.0,nwsl,nwsl
2lqRkN10Qr,Elli Pikkujamsa,1999-10-24,Finland,DF,CB,MF,DM,"['2023', '2024', '2025']",,,,nwsl,nwsl
2lqRkPPnQr,Libby Stout,1990-06-16,USA,GK,GK,,,2016,,,,nwsl,nwsl
2lqRkRADQr,Lauren Kaskie,1995-09-18,USA,MF,CM,,,"['2017', '2018']",5.0,5.0,,nwsl,nwsl
2lqRkZOxQr,Lo'eau LaBonta,1993-03-18,USA,MF,CM,,DM,"['2016', '2017', '2018', '2019', '2020', '2021', '2022', '2023', '2024', '2025', '2026']",5.0,2.0,,nwsl,nwsl
2lqRkkNDQr,Mackenzie Arnold,1994-02-25,Australia,GK,GK,,,"['2024', '2025', '2026']",5.0,10.0,168.0,nwsl,nwsl
2lqRklgAQr,Emily Menges,1992-07-28,USA,DF,CB,,,"['2016', '2017', '2018', '2019', '2020', '2021', '2022', '2023', '2024', '2025']",5.0,7.0,,nwsl,nwsl
2lqRkmXAQr,Arin Wright,1992-12-25,USA,DF,FB,,CB,"['2016', '2017', '2018', '2019', '2020', '2021', '2022', '2023', '2024', '2025', '2026']",5.0,7.0,132.0,nwsl,nwsl
2lqRknR2Qr,Lotta Okvist,1997-02-17,Sweden,,,,,{},5.0,5.0,,nwsl,nwsl
2lqRkppnQr,Morgan Proffitt,1994-08-22,USA,MF,DM,,,"['2017', '2018', '2019']",5.0,10.0,,nwsl,nwsl
2lqRlP1DMr,Jordan Fusco,2003-09-11,USA,MF,AM,,,"['2025', '2026']",5.0,9.0,,nwsl,nwsl
2lqRlkRnMr,Taylor Huff,2002-08-16,USA,MF,W,,,"['2025', '2026']",5.0,8.0,,nwsl,nwsl
2vQ143Ylqr,Jaedyn Shaw,2004-11-20,USA,MF,W,,,"['2022', '2023', '2024', '2025', '2026']",,,,nwsl,nwsl
2vQ14G44qr,Kyra Carusa,1995-11-14,Republic of Ireland,FW,ST,,,"['2023', '2024', '2025', '2026']",5.0,7.0,146.0,nwsl,nwsl
2vQ14Xolqr,Haley McCutcheon,1996-02-22,USA,DF,FB,,,"['2018', '2019', '2020', '2021', '2022', '2023', '2024', '2025', '2026']",5.0,6.0,,nwsl,nwsl
2vQ14byOqr,Erin Greening,1997-06-20,USA,DF,FB,,,2019,5.0,7.0,,nwsl,nwsl
2vQ14dwwqr,Maddie Mercado,2001-04-01,USA,FW,ST,,,"['2024', '2025', '2026']",,,,nwsl,nwsl
2vQ14jmLqr,Makenna Morris,2002-04-26,USA,MF,W,DF,FB,"['2024', '2025', '2026']",5.0,5.0,,nwsl,nwsl
2vQ14k60qr,Maddie Pokorny,1996-11-24,USA,MF,W,,,"['2023', '2024']",,,,nwsl,nwsl
2vQ14vBxqr,Amanda Santos,2001-03-18,Brazil,FW,ST,,,2026,5.0,9.0,154.0,nwsl,nwsl
2vQ14ykGqr,Riley Smith,,USA,,,,,{},,,,nwsl,nwsl
2vQ1LPYKqr,Cristiana Girelli,1990-04-23,Italy,FW,ST,,,2026,5.0,9.0,,nwsl,nwsl
2vQ1LdZwqr,Kaylyn Kyle,1988-10-06,Canada,DF,CB,MF,DM,2016,5.0,8.0,,nwsl,nwsl
2vQ1N2EbMr,Joanna Lohman,1982-06-26,USA,MF,CM,,,"['2016', '2017', '2018']",5.0,5.0,,nwsl,nwsl
2vQ1N2ybMr,Alexa Newfield,1991-12-03,USA,MF,AM,,,"['2016', '2017', '2018', '2019']",5.0,3.0,,nwsl,nwsl
2vQ1N3ebMr,Frankie Tagliaferri,1999-01-18,USA,MF,AM,,,"['2022', '2023', '2024']",,,,nwsl,nwsl
2vQ1N8PLMr,Jasmyne Spencer,1990-08-27,USA,DF,FB,,,"['2016', '2017', '2018', '2019', '2020', '2021', '2022', '2023', '2024']",5.0,1.0,,nwsl,nwsl
2vQ1NDNOMr,Stephanie Verdoia,1993-01-02,USA,MF,AM,,CM,2016,,,,nwsl,nwsl
2vQ1R0jLMr,Tamara,2003-05-12,Brazil,MF,W,,,2026,5.0,9.0,141.0,nwsl,nwsl
2vQ1R1WbMr,Caroline Conti,2001-03-28,USA,MF,CM,,,"['2024', '2025', '2026']",,,,nwsl,nwsl
2vQ1eNl0Qr,Sarah Schupansky,2003-08-25,USA,MF,CM,,,"['2025', '2026']",5.0,5.0,,nwsl,nwsl
2vQ1emn4Qr,Carolyn Calzada,2003-03-06,USA,DF,CB,,,2026,5.0,9.0,,nwsl,nwsl
2vQ1jGBxMr,Andrea Rán Hauksdóttir,1996-01-28,Iceland,FW,W,,,2021,,,,nwsl,nwsl
315V1BnYM9,Stephanie Sparkowski,2002-04-18,USA,,,,,{},,,,nwsl,nwsl
315V1XobM9,Khyah Harper,2002-08-15,USA,MF,W,,,"['2025', '2026']",5.0,5.0,,nwsl,nwsl
315V7YbXq9,Keira Barry,2005-06-13,England,MF,W,,,2026,,,,nwsl,nwsl
315V7ZLVq9,Miranda Nild,1997-04-01,USA,MF,W,,,2020,5.0,9.0,,nwsl,nwsl
315V7xlnq9,Elexa Bahr,1998-05-16,Colombia,FW,ST,MF,W,2024,5.0,3.0,132.0,nwsl,nwsl
315V7yXbq9,Stefany Ferrer,1998-10-17,Brazil,MF,DM,,,2022,5.0,4.0,,nwsl,nwsl
315VP9j9Q9,Jenna Szczesny,1997-05-17,USA,FW,ST,,,2019,5.0,9.0,,nwsl,nwsl
315VPG89Q9,Quincy McMahon,2002-09-26,USA,DF,FB,,,"['2025', '2026']",,,,nwsl,nwsl
315VPayXQ9,Gabby Cuevas,,USA,,,,,{},,,,nwsl,nwsl
315VPeLEQ9,Kiana Palacios,1996-10-01,Mexico,FW,ST,,,2026,5.0,6.0,139.0,nwsl,nwsl
315VWAw9q9,Alyssa Walker,1997-11-30,USA,FW,ST,,,2023,5.0,10.0,,nwsl,nwsl
315VWVYYq9,Regan Steigleder,1998-09-03,USA,DF,FB,,,"['2024', '2025']",5.0,7.0,,nwsl,nwsl
315VWp19q9,Mallie McKenzie,2000-11-13,USA,DF,FB,,,"['2024', '2025', '2026']",,,,nwsl,nwsl
315VX01YQ9,Brianna Pinto,2000-05-24,USA,FW,ST,,,"['2021', '2022', '2023', '2024', '2025', '2026']",5.0,5.0,,nwsl,nwsl
315VX0vYQ9,Julie Doyle,1998-08-30,USA,MF,W,,,"['2022', '2023', '2024', '2025', '2026']",5.0,10.0,,nwsl,nwsl
315VX1nEQ9,Courtney Niemiec,1992-04-13,USA,DF,CB,,,2016,,,,nwsl,nwsl
315VXENGQ9,Poliana,1991-02-06,Brazil,DF,FB,,,"['2016', '2017', '2018']",5.0,9.0,132.0,nwsl,nwsl
315VXEXnQ9,Kristin Grubka,1992-12-17,USA,DF,CB,,,2016,,,,nwsl,nwsl
315VXPr6Q9,Josée Bélanger,1986-05-14,Canada,DF,FB,,,2016,5.0,4.0,,nwsl,nwsl
315VXRDbQ9,Crystal Dunn,1992-07-03,USA,MF,W,,,"['2016', '2018', '2019', '2020', '2021', '2022', '2023', '2024']",5.0,1.0,119.0,nwsl,nwsl
315VXd2YQ9,Cambria Privett,1993-03-16,USA,DF,FB,,,"['2016', '2017', '2019', '2020', '2021']",5.0,8.0,,nwsl,nwsl
315VXdEbQ9,Summer Yates,2000-06-17,USA,MF,W,,,"['2023', '2024', '2025', '2026']",,,,nwsl,nwsl
315VXdjYQ9,Theresa Diederich,,USA,,,,,{},5.0,6.0,,nwsl,nwsl
315VXz3vQ9,Nicole Douglas,2000-07-31,England,MF,AM,,,2023,,,,nwsl,nwsl
315VeoRVM9,Morgan Gautrat,1993-02-26,USA,MF,DM,,CM,"['2016', '2017', '2018', '2019', '2020', '2021', '2022', '2023', '2024', '2025']",5.0,7.0,123.0,nwsl,nwsl
4JMA8mrOQK,Tessa Dellarose,2004-04-02,USA,DF,FB,,,2026,5.0,5.0,,nwsl,nwsl
4JMA91xYMK,Haley Berg,1998-09-23,USA,,,,,{},,,,nwsl,nwsl
4JMA93B9MK,Havana Solaun,1993-02-23,Jamaica,MF,CM,,,"['2016', '2017', '2018', '2020', '2021', '2022', '2023', '2024']",5.0,9.0,,nwsl,nwsl
4JMA98P2MK,Summer Green,1995-05-02,USA,FW,ST,,W,"['2017', '2018']",5.0,6.0,,nwsl,nwsl
4JMA9KEYMK,Erika Tymrak,1991-08-07,USA,MF,W,,,"['2016', '2017', '2018', '2019', '2021', '2022', '2023']",5.0,5.0,,nwsl,nwsl
4JMA9KmkMK,Amirah Ali,1998-12-07,USA,MF,W,FW,ST,"['2022', '2023', '2024']",,,,nwsl,nwsl
4JMA9ROlMK,Kiersten Dallstream,1988-03-05,USA,MF,W,,,"['2016', '2017', '2018', '2019']",5.0,7.0,,nwsl,nwsl
4JMA9Wp2MK,Becky Edwards,1988-05-22,USA,MF,DM,,CM,2016,5.0,7.0,,nwsl,nwsl
4JMA9dO6MK,Stine Ballisager Pedersen,1994-01-03,Denmark,DF,CB,,,"['2023', '2024']",5.0,7.0,141.0,nwsl,nwsl
4JMA9gG2MK,Sandra Paños,1992-11-04,Spain,GK,GK,,,2026,5.0,7.0,143.0,nwsl,nwsl
4JMA9y01MK,Marissa Everett,1997-08-29,USA,MF,AM,FW,ST,"['2019', '2020', '2021', '2022']",5.0,4.0,,nwsl,nwsl
4JMAR7Y95K,Cate Hardin,2003-03-20,USA,MF,DM,,,2026,5.0,8.0,,nwsl,nwsl
4JMAaW7OMK,Natalia Kuikka,1995-12-01,Finland,DF,FB,,,"['2021', '2022', '2023', '2024', '2025']",,,,nwsl,nwsl
4JMAak3kMK,Marta,1986-02-19,Brazil,FW,ST,,,"['2017', '2018', '2019', '2020', '2021', '2022', '2023', '2024', '2025', '2026']",5.0,4.0,123.0,nwsl,nwsl
4JMAakvDMK,Gaëtane Thiney,1985-10-28,France,MF,CM,,,2021,5.0,7.0,,nwsl,nwsl
4JMAaoD6MK,Jennifer Beattie,1991-05-13,Scotland,DF,CB,,,2024,5.0,10.0,,nwsl,nwsl
4JMAaol2MK,Karen Bardsley,1984-10-14,England,GK,GK,,,2021,6.0,0.0,,nwsl,nwsl
4JMAaorOMK,Stephanie Cox,1986-04-03,USA,DF,FB,,,"['2019', '2020', '2021']",5.0,6.0,,nwsl,nwsl
4JMAarV6MK,Steph Catley,1994-01-26,Australia,DF,FB,,,"['2016', '2017', '2018', '2019']",5.0,7.0,132.0,nwsl,nwsl
4JMAkJv6qK,Talia Sommer,2004-02-19,Israel,DF,FB,,,2026,5.0,7.0,,nwsl,nwsl
4JMAkml7qK,Nealy Martin,1998-04-22,USA,MF,DM,,,"['2021', '2022', '2023', '2024', '2025', '2026']",5.0,7.0,,nwsl,nwsl
4JMAkp87qK,Emily Jane Garnier,1996-03-21,USA,,,,,{},,,,nwsl,nwsl
4JMAo0dOqK,Kori Butterfield,,USA,,,,,{},,,,nwsl,nwsl
4JMAo3G2qK,EJ Proctor,,,,,,,{},,,,nwsl,nwsl
4JMAoLEPqK,Maya Doms,2001-05-11,USA,MF,CM,,,2024,5.0,6.0,,nwsl,nwsl
4JMAoba7qK,Olivia Moultrie,2005-09-17,USA,MF,AM,,CM,"['2021', '2022', '2023', '2024', '2025', '2026']",5.0,7.0,,nwsl,nwsl
4JMAomE7qK,Messiah Bright,2000-01-12,USA,FW,ST,,,"['2023', '2024', '2025', '2026']",,,,nwsl,nwsl
4JMAon29qK,Meaghan Nally,1998-06-30,USA,DF,CB,,,"['2021', '2022', '2023', '2024']",5.0,7.0,,nwsl,nwsl
4JMAoyV2qK,Madison Curry,2001-01-23,USA,DF,FB,,,"['2024', '2025', '2026']",,,,nwsl,nwsl
4wM42Drpqj,Janine van Wyk,1987-04-17,South Africa,DF,CB,,,"['2017', '2018']",5.0,4.0,126.0,nwsl,nwsl
4wM42JdNqj,Rachel Daly,1991-12-06,England,FW,ST,,,"['2016', '2017', '2018', '2019', '2020', '2021', '2022']",5.0,6.0,,nwsl,nwsl
4wM42nwzqj,Katrina Gorry,1992-08-13,Australia,MF,AM,,,2018,5.0,1.0,119.0,nwsl,nwsl
4wM42pa4qj,Nora Holstad Berge,1987-03-26,Norway,MF,DM,,,2017,5.0,9.0,146.0,nwsl,nwsl
4wM4Eo2z5j,Bridgette Skiba,,USA,,,,,{},,,,nwsl,nwsl
4wM4J4gNqj,Daniela Arias,1994-08-31,Colombia,DF,FB,,,2025,5.0,9.0,143.0,nwsl,nwsl
4wM4JOopqj,Megan Hinz,1995-12-04,USA,,,,,{},5.0,8.0,126.0,nwsl,nwsl
4wM4JYjlqj,Emma Egizii,2003-03-06,USA,MF,DM,,W,2026,5.0,4.0,,nwsl,nwsl
4wM4JZAlqj,Jocelyn Blankenship,1994-06-10,USA,,,,,{},,,,nwsl,nwsl
4wM4Jb2gqj,Scout Watson,1996-05-01,USA,,,,,{},,,,nwsl,nwsl
4wM4Je2gqj,Kelsey Turnbow,1999-01-10,USA,MF,W,,,"['2022', '2023']",5.0,8.0,,nwsl,nwsl
4wM4Jnmgqj,Lindsey Harris,1993-11-19,USA,GK,GK,,,"['2021', '2022']",5.0,7.0,,nwsl,nwsl
4wM4ZnGAqj,Sammy Jo Prudhomme,1993-10-25,USA,GK,GK,,,2017,5.0,10.0,,nwsl,nwsl
4wM4ZnXgqj,Claire Emslie,1994-03-08,Scotland,MF,W,FW,W,"['2019', '2022', '2023', '2024', '2025', '2026']",5.0,7.0,,nwsl,nwsl
4wM4a1zy5j,Ashleigh Sykes,1991-12-15,Australia,DF,FB,MF,W,2017,5.0,4.0,119.0,nwsl,nwsl
4wM4aOLA5j,Malia Berkely,1998-02-13,USA,DF,CB,,,"['2022', '2023', '2024', '2025', '2026']",,,,nwsl,nwsl
4wM4aVdl5j,Christen Westphal,1993-09-02,USA,DF,FB,,,"['2016', '2017', '2018', '2019', '2020', '2021', '2022', '2023', '2024', '2025']",5.0,6.0,,nwsl,nwsl
4wM4aa445j,Celeste Boureille,1994-04-20,USA,MF,CM,,,"['2016', '2017', '2018', '2019', '2020', '2021']",5.0,9.0,,nwsl,nwsl
4wM4agey5j,Fuka Nagano,1999-03-09,Japan,MF,AM,,W,2022,5.0,3.0,,nwsl,nwsl
4wM4aj4y5j,Maddy Evans,,,MF,CM,,DM,"['2016', '2017']",,,,nwsl,nwsl
4wM4ajpz5j,Mary Luba,1993-08-20,USA,MF,CM,,,2016,5.0,8.0,,nwsl,nwsl
4wM4p3LdMj,Jordan Thompson,,USA,DF,CB,,,2023,,,,nwsl,nwsl
4wM4pDg4Mj,Yuuka Kurosaki,1997-06-12,Japan,,,,,{},5.0,4.0,119.0,nwsl,nwsl
4wM4pXEAMj,Lauren Kozal,2000-07-11,USA,,,,,{},5.0,10.0,,nwsl,nwsl
4wM4pk3gMj,Kaká,1999-08-02,Brazil,DF,CB,,,2026,5.0,9.0,137.0,nwsl,nwsl
7VqG07XzQv,Kayla McKenna,1996-09-03,Jamaica,FW,ST,,,2019,5.0,6.0,,nwsl,nwsl
7VqG08dzQv,Catherine Barry,2001-12-16,USA,FW,ST,,,2025,,,,nwsl,nwsl
7VqG0WeYQv,Giovanna DeMarco,1999-07-09,USA,MF,AM,,,2023,5.0,7.0,,nwsl,nwsl
7VqG0lxdQv,Sandra Starke,1993-07-31,Germany,MF,AM,,,2023,5.0,5.0,,nwsl,nwsl
7VqG32WXqv,Katharine Scott,2007-06-20,USA,DF,FB,MF,DM,"['2025', '2026']",5.0,6.0,132.0,nwsl,nwsl
7VqG3gWeqv,Sydney Cummings,1999-03-05,Guyana,,,,,{},,,,nwsl,nwsl
7VqGLB4XQv,Linda Ullmark,2006-04-21,USA,MF,W,,,2026,5.0,6.0,,nwsl,nwsl
7VqGLPRXQv,Claudia Martínez,2008-01-15,Paraguay,MF,W,FW,ST,2026,5.0,6.0,,nwsl,nwsl
7VqGLVgAQv,Jordyn Bugg,2006-08-11,USA,DF,CB,,,"['2024', '2025', '2026']",5.0,7.0,,nwsl,nwsl
7VqGLW0xQv,Chloe Ricketts,2007-05-23,USA,MF,AM,,,"['2023', '2024', '2025', '2026']",,,,nwsl,nwsl
7VqGLWJdQv,Clara Robbins,1998-12-09,USA,MF,CM,,,2023,5.0,7.0,,nwsl,nwsl
7VqGZEyW5v,Molly Pritchard,2003-11-21,USA,,,,,{},5.0,11.0,,nwsl,nwsl
7VqGZPOA5v,Erynn Floyd,2004-04-04,USA,,,,,{},5.0,8.0,,nwsl,nwsl
7VqGj84Y5v,Gia Corley,2002-05-20,Germany,MF,AM,,,"['2025', '2026']",5.0,3.0,,nwsl,nwsl
7VqGj8N65v,Bianca Henninger,1990-10-22,Mexico,GK,GK,,,2016,5.0,6.0,,nwsl,nwsl
7VqGj8wd5v,Jessie Scarpa,1996-05-17,USA,FW,ST,,W,2020,5.0,7.0,,nwsl,nwsl
7VqGjEoj5v,Nikki Stanton,1990-10-26,USA,MF,DM,,,"['2016', '2017', '2018', '2019', '2021', '2022', '2023', '2024']",5.0,7.0,,nwsl,nwsl
7VqGjK3A5v,Ashley Hatch,1995-05-25,USA,FW,ST,,,"['2017', '2018', '2019', '2020', '2021', '2022', '2023', '2024', '2025']",5.0,9.0,,nwsl,nwsl
7VqGjVXY5v,Maddie Bauer,1995-03-20,USA,DF,CB,MF,DM,"['2017', '2018']",5.0,8.0,,nwsl,nwsl
7VqGjXpX5v,Kailen Sheridan,1995-07-16,Canada,GK,GK,,,"['2017', '2018', '2019', '2020', '2021', '2022', '2023', '2024', '2025', '2026']",5.0,9.0,,nwsl,nwsl
7VqGjYPj5v,Jessie Fleming,1998-03-11,Canada,MF,CM,,DM,"['2024', '2025', '2026']",5.0,3.0,,nwsl,nwsl
7VqGjZWW5v,Sinead Farrelly,1989-11-16,USA,MF,CM,,,"['2023', '2024']",5.0,4.0,,nwsl,nwsl
7VqGjo7z5v,Bianca Brinson,1992-11-13,USA,,,,,{},5.0,1.0,,nwsl,nwsl
7VqGjoY35v,Brianna Martínez,2000-04-22,USA,DF,FB,,,"['2023', '2024', '2025']",5.0,6.0,,nwsl,nwsl
7VqGjobW5v,Gunnhildur Jonsdottir,1988-09-28,Iceland,MF,DM,,,"['2018', '2019', '2020', '2021', '2022']",5.0,5.0,,nwsl,nwsl
7VqGm02dMv,Alex Morgan,1989-07-02,USA,FW,ST,,,"['2016', '2017', '2018', '2019', '2021', '2022', '2023', '2024']",5.0,7.0,,nwsl,nwsl
7VqGm33XMv,Caitlin Foord,1994-11-11,Australia,FW,ST,,,"['2018', '2019']",5.0,7.0,130.0,nwsl,nwsl
7VqGm3O6Mv,Sofia Jakobsson,1990-04-23,Sweden,MF,W,,,"['2022', '2023', '2024']",5.0,9.0,135.0,nwsl,nwsl
7VqGm3RzMv,Natasha Kai,1983-05-22,USA,FW,ST,,,"['2016', '2017']",5.0,8.0,,nwsl,nwsl
7VqGm3jYMv,Ellie Brush,1988-08-19,Australia,DF,CB,,,2016,5.0,5.0,130.0,nwsl,nwsl
7vQ7B4LEqD,Kimberly Keever,1995-09-22,USA,DF,FB,MF,W,2018,5.0,5.0,,nwsl,nwsl
7vQ7BOOLqD,Justina Gaynor,2001-12-21,USA,DF,FB,,,2025,5.0,8.0,,nwsl,nwsl
7vQ7Bdp8qD,Christine Creighton,1997-03-22,USA,,,,,{},5.0,9.0,,nwsl,nwsl
7vQ7Bk42qD,Shae Harvey,2005-03-01,USA,MF,CM,,,2026,,,,nwsl,nwsl
7vQ7Bo9GqD,Teagen Wy,2004-07-30,USA,,,,,{},5.0,10.0,,nwsl,nwsl
7vQ7e71L5D,Madison White,2001-11-30,USA,,,,,{},,,,nwsl,nwsl
7vQ7rAZOqD,Line Jensen,1991-08-23,Denmark,MF,CM,,DM,"['2016', '2017']",5.0,6.0,,nwsl,nwsl
7vQ7rAdOqD,Mandy Laddish,1992-05-13,USA,MF,DM,,CM,"['2016', '2019']",5.0,7.0,,nwsl,nwsl
7vQ7rAjzqD,Cori Dyke,2000-09-20,USA,DF,FB,,,"['2024', '2025', '2026']",,,,nwsl,nwsl
7vQ7rL4eqD,Esme Morgan,2000-10-18,England,DF,CB,,,"['2024', '2025', '2026']",5.0,10.0,132.0,nwsl,nwsl
7vQ7rNEGqD,Haley Rosen,1993-06-01,USA,,,,,{},5.0,9.0,,nwsl,nwsl
7vQ7rOwOqD,Sophia Wilson,2000-08-10,USA,FW,ST,,,"['2020', '2021', '2022', '2023', '2024', '2026']",5.0,5.0,,nwsl,nwsl
7vQ7raRDqD,Natasha Flint,1996-08-02,England,MF,AM,,,2026,,,,nwsl,nwsl
7vQ7rjrGqD,Abby Smith,1993-10-04,USA,GK,GK,,,"['2016', '2017', '2018', '2020', '2021', '2022', '2023', '2025', '2026']",5.0,9.0,,nwsl,nwsl
7vQ7rpPLqD,Satara Murray,1993-07-01,USA,DF,CB,,FB,"['2019', '2022', '2023']",5.0,8.0,,nwsl,nwsl
7vQ7w3v8QD,Carly Wickenheiser,1997-06-03,Canada,MF,CM,,,2026,5.0,6.0,,nwsl,nwsl
7vQ7xAxdMD,Emily Clegg,2005-11-01,New Zealand,FW,ST,,,2024,5.0,9.0,,nwsl,nwsl
7vQ7xkp8MD,Isabella Beletic,1998-08-10,USA,,,,,{},,,,nwsl,nwsl
7vQ7xzeEMD,Kysha Sylla,2004-02-04,France,DF,CB,,,2025,5.0,8.0,,nwsl,nwsl
9Yqd63z7Mv,Mal Swanson,1998-04-29,USA,MF,W,FW,W,"['2017', '2018', '2019', '2020', '2021', '2022', '2023', '2024', '2026']",5.0,4.0,119.0,nwsl,nwsl
9Yqd662mMv,Nahikari García,1997-03-10,Spain,DF,FB,,,2026,5.0,3.0,117.0,nwsl,nwsl
9Yqd67mLMv,Gabi Nunes,1997-03-10,Brazil,,,,,{},5.0,7.0,123.0,nwsl,nwsl
9Yqd6LYoMv,Jéssica Silva,1994-12-11,Portugal,MF,W,FW,W,"['2021', '2024', '2025']",5.0,7.0,119.0,nwsl,nwsl
9Yqd6PL7Mv,Lindsey Heaps,1994-05-26,USA,MF,CM,,DM,"['2016', '2017', '2018', '2019', '2020', '2021', '2026']",5.0,9.0,168.0,nwsl,nwsl
9Yqd6bA7Mv,Kristen Hamilton,1992-04-17,USA,FW,ST,,,"['2016', '2017', '2018', '2019', '2020', '2021', '2022', '2023', '2024']",5.0,4.0,,nwsl,nwsl
9Yqd6bg7Mv,Brittany Kolmel,1987-09-18,USA,DF,FB,,,"['2016', '2017']",5.0,8.0,,nwsl,nwsl
9YqddxoOqv,Katie Cappelletti,2002-09-12,USA,,,,,{},6.0,0.0,,nwsl,nwsl
9Yqdkgdm5v,Denise O'Sullivan,1994-02-04,Republic of Ireland,MF,DM,,CM,"['2016', '2017', '2018', '2019', '2020', '2021', '2022', '2023', '2024', '2025', '2026']",5.0,4.0,,nwsl,nwsl
9YqdkwPR5v,Lianne Sanderson,1988-02-03,England,MF,AM,,,2016,5.0,8.0,,nwsl,nwsl
9YqdoLB75v,Heather Gilchrist,2004-03-04,USA,DF,CB,,,2026,5.0,8.0,,nwsl,nwsl
9YqdoLJE5v,Bianca St. Georges,1997-07-28,Canada,DF,FB,,,"['2020', '2021', '2022', '2023', '2024', '2025', '2026']",5.0,6.0,,nwsl,nwsl
9YqdoYPo5v,Sophie Jones,2001-07-17,USA,MF,CM,,,2023,5.0,5.0,,nwsl,nwsl
9YqdoZjk5v,Evelyn Ijeh,2001-08-12,Sweden,FW,ST,,,2026,5.0,9.0,,nwsl,nwsl
9YqdoZzk5v,Olivia Wade-Katoa,1999-12-28,USA,MF,DM,,,2024,,,,nwsl,nwsl
9Yqdog7k5v,Simone Charley,1995-02-04,USA,FW,ST,,,"['2019', '2020', '2021', '2022', '2023', '2025']",5.0,8.0,,nwsl,nwsl
9Yqdog9R5v,Yuzuki Yamamoto,2002-09-01,Japan,MF,W,,,2026,5.0,5.0,101.0,nwsl,nwsl
9YqdoxJm5v,Penelope Hocking,1999-12-29,USA,MF,W,,,"['2023', '2024', '2025', '2026']",5.0,5.0,,nwsl,nwsl
9YqdoyGO5v,Brianna Visalli,1995-04-17,USA,FW,W,,,"['2020', '2021', '2022']",5.0,2.0,,nwsl,nwsl
9Yqdozw75v,Yuna McCormack,2004-11-03,USA,MF,W,,,2026,,,,nwsl,nwsl
9Yqdozxk5v,Maya McCutcheon,2002-04-12,USA,,,,,{},,,,nwsl,nwsl
9Yqdw4ko5v,Zoe Burns,2002-01-05,Canada,DF,FB,,,2024,5.0,2.0,,nwsl,nwsl
9YqdwJ8R5v,Tess Boade,1999-02-03,USA,FW,ST,,,"['2022', '2023', '2024', '2025', '2026']",,,,nwsl,nwsl
9Yqdwkv75v,Sveindís Jane Jónsdóttir,2001-06-05,Iceland,FW,ST,,,"['2025', '2026']",5.0,10.0,,nwsl,nwsl
9vQ2220eQK,Angela Salem,1988-07-24,USA,MF,DM,,,"['2016', '2017', '2018', '2019', '2020', '2021']",5.0,5.0,119.0,nwsl,nwsl
9vQ2222aQK,Vilde Risa,1995-07-13,Norway,MF,DM,,AM,2026,5.0,5.0,,nwsl,nwsl
9vQ222oeQK,Hayley Raso,1994-09-05,Australia,MF,W,,,"['2016', '2017', '2018', '2019']",5.0,4.0,,nwsl,nwsl
9vQ223OaQK,Geyse,1998-03-27,Brazil,MF,W,,,2025,5.0,6.0,128.0,nwsl,nwsl
9vQ22Km7QK,Kaitlyn Torpey,2000-03-17,Australia,DF,FB,,,"['2024', '2025']",5.0,6.0,,nwsl,nwsl
9vQ22aGxQK,Julie Ertz,1992-04-06,USA,DF,CB,MF,DM,"['2016', '2017', '2018', '2019', '2020', '2021', '2023']",5.0,7.0,135.0,nwsl,nwsl
9vQ22eXYQK,Meg Morris,1992-05-11,USA,DF,FB,MF,W,"['2016', '2017']",5.0,2.0,,nwsl,nwsl
9vQ22r1mQK,Ann-Katrin Berger,1990-10-09,Germany,GK,GK,,,"['2024', '2025', '2026']",5.0,11.0,139.0,nwsl,nwsl
9vQ22xyLQK,Aubrey Kingsbury,1991-11-20,USA,GK,GK,,,"['2016', '2017', '2018', '2019', '2020', '2021', '2022', '2023', '2024', '2025']",5.0,9.0,,nwsl,nwsl
9vQ244vx5K,Charlotte Mclean,2000-03-01,Australia,,,,,{},5.0,7.0,126.0,nwsl,nwsl
9vQ2NB81QK,Pietra Tordin,2004-03-30,USA,FW,ST,MF,W,"['2025', '2026']",,,,nwsl,nwsl
9vQ2NNoeQK,Isabel Dehakiz,2000-07-19,Colombia,,,,,{},5.0,5.0,,nwsl,nwsl
9vQ2NY3LQK,Mckenna Whitham,2010-07-27,USA,MF,W,,,"['2025', '2026']",,,,nwsl,nwsl
9vQ2Z1x7QK,Ryan Torrero,1990-09-01,Chile,,,,,{},5.0,9.0,141.0,nwsl,nwsl
9vQ2Z6VxQK,Laurel Ansbrow,2003-04-10,USA,DF,CB,,,2026,5.0,11.0,154.0,nwsl,nwsl
9vQ2Z7baQK,Brooke Hendrix,1993-05-06,USA,DF,CB,,,"['2020', '2021']",5.0,11.0,,nwsl,nwsl
9vQ2Z931QK,Lara Prasnikar,1998-08-08,Slovenia,FW,ST,,,"['2025', '2026']",5.0,7.0,130.0,nwsl,nwsl
9vQ2Z9V7QK,Valérie Gauvin,1996-06-01,France,FW,ST,,,2022,5.0,8.0,,nwsl,nwsl
9vQ2Z9meQK,Hannah Bebar,2001-09-05,USA,MF,DM,,,"['2025', '2026']",5.0,3.0,,nwsl,nwsl
9vQ2ZedoQK,Mandy McGlynn,1998-11-03,USA,GK,GK,,,"['2021', '2023', '2024', '2025', '2026']",5.0,9.0,,nwsl,nwsl
9vQ2Zg6mQK,Elise Evans,2004-12-16,USA,DF,CB,,,2026,5.0,7.0,,nwsl,nwsl
9vQ2ZkJmQK,Vanessa Kara,1996-11-27,USA,MF,W,,,2021,5.0,4.0,,nwsl,nwsl
9vQ2Zy9LQK,Gabby Seiler,1994-09-14,USA,MF,CM,,DM,"['2019', '2020', '2021']",5.0,5.0,,nwsl,nwsl
9vQ2d4jx5K,Sophie Schmidt,1988-06-28,Canada,MF,DM,,,"['2019', '2020', '2021', '2022', '2023', '2024', '2025', '2026']",5.0,8.0,157.0,nwsl,nwsl
9vQ2d8nx5K,Mollie Pathman,1992-07-01,USA,DF,FB,,,2016,5.0,4.0,,nwsl,nwsl
9vQ2dZ695K,Hope Solo,1981-07-30,USA,GK,GK,,,2016,5.0,9.0,,nwsl,nwsl
9vQ2dnK95K,Yuki Nagasato,1987-07-15,Japan,MF,W,,,"['2017', '2018', '2019', '2020', '2021', '2022', '2023', '2024']",5.0,6.0,132.0,nwsl,nwsl
9z5k33xJ5A,Cosette Morche,1997-06-09,USA,,,,,{},,,,nwsl,nwsl
9z5k730a5A,Ji So-Yun,1991-02-21,South Korea,MF,CM,,,"['2024', '2025']",5.0,3.0,,nwsl,nwsl
9z5k7ENJ5A,Kiara Pickett,1999-04-30,USA,MF,DM,DF,FB,"['2021', '2022', '2023', '2024', '2025', '2026']",5.0,0.0,,nwsl,nwsl
9z5k7G0J5A,Kelly Conheeney,1991-01-24,USA,FW,ST,MF,CM,2016,,,,nwsl,nwsl
9z5k7G3l5A,Rachel Wood,1990-05-10,USA,MF,DM,DF,CB,2016,6.0,0.0,,nwsl,nwsl
9z5k7GVJ5A,Melissa Henderson,1989-08-23,USA,FW,W,,,"['2016', '2017']",,,,nwsl,nwsl
9z5k7GpK5A,Alli Murphy,1994-05-13,Republic of Ireland,DF,FB,,,2018,5.0,3.0,,nwsl,nwsl
9z5k7NAP5A,Becca Moros,1985-05-06,USA,DF,FB,,,"['2016', '2017', '2018', '2019']",5.0,5.0,,nwsl,nwsl
9z5k7P4g5A,Alyssa Naeher,1988-04-20,USA,GK,GK,,,"['2016', '2017', '2018', '2019', '2020', '2021', '2022', '2023', '2024', '2025', '2026']",5.0,9.0,152.0,nwsl,nwsl
9z5k7azJ5A,Maya Hayes,1992-03-26,USA,FW,ST,,,"['2016', '2017']",,,,nwsl,nwsl
9z5k7k7d5A,Shea Groom,1993-03-04,USA,MF,CM,,,"['2016', '2017', '2018', '2019', '2020', '2021', '2022', '2023', '2024', '2025']",5.0,6.0,,nwsl,nwsl
9z5k7pPJ5A,Ariana Calderón,1990-05-12,Mexico,FW,ST,,,2019,5.0,5.0,,nwsl,nwsl
9z5k7wOP5A,Parker Goins,1998-12-08,USA,MF,W,FW,ST,"['2022', '2023', '2024']",5.0,10.0,,nwsl,nwsl
9z5k7y9b5A,Gabriela Guillén,1992-03-01,Costa Rica,,,,,{},5.0,1.0,128.0,nwsl,nwsl
9z5kOl1e5A,Pauline Peyraud-Magnin,1992-03-17,France,,,,,{},5.0,8.0,,nwsl,nwsl
9z5kWAOe5A,Sami Feller,,USA,DF,CB,,,2023,5.0,10.0,,nwsl,nwsl
9z5kWjNj5A,Madeline Moreau,2000-12-05,USA,DF,FB,,,"['2024', '2025', '2026']",5.0,1.0,,nwsl,nwsl
9z5ka3RKQA,Rosie White,1993-06-06,New Zealand,MF,CM,,,"['2017', '2018', '2019', '2020', '2021']",5.0,5.0,139.0,nwsl,nwsl
9z5kaPweQA,Bruna Benites,1985-10-16,Brazil,DF,CB,,,2017,5.0,5.0,,nwsl,nwsl
9z5kbD6aMA,Eliza Bona,,USA,FW,ST,,,2018,,,,nwsl,nwsl
9z5kbV9lMA,Imani Dorsey,1996-03-21,USA,DF,FB,,,"['2018', '2019', '2020', '2021', '2022', '2024', '2025']",5.0,7.0,,nwsl,nwsl
9z5kbv7KMA,Isabella Obaze,2002-10-30,Denmark,DF,CB,,,"['2024', '2025', '2026']",5.0,10.0,,nwsl,nwsl
9z5kbvLaMA,Kelsey Dossey,1996-07-13,USA,,,,,{},,,,nwsl,nwsl
BLMv601AMx,Savannah Uveges,,USA,MF,W,,,2020,,,,nwsl,nwsl
BLMv77ZR5x,Jordan Brewster,1999-09-27,USA,DF,CB,,,"['2024', '2025']",5.0,9.0,,nwsl,nwsl
BLMv78mR5x,Hina Sugita,1997-01-31,Japan,MF,CM,,,"['2022', '2023', '2024', '2025']",5.0,4.0,117.0,nwsl,nwsl
BLMv79N75x,Annie Karich,2003-10-26,USA,MF,DM,,CM,2026,5.0,9.0,130.0,nwsl,nwsl
BLMv7AJB5x,Tatum Wynalda,2004-10-19,USA,DF,FB,,,2026,5.0,5.0,,nwsl,nwsl
BLMv7Klj5x,Isabel Rodriguez,1999-04-13,USA,DF,FB,,,"['2022', '2023', '2024', '2025', '2026']",5.0,4.0,,nwsl,nwsl
BLMv7jlj5x,Alison Jahansouz,1996-12-29,USA,,,,,{},5.0,10.0,,nwsl,nwsl
BLMv7kn85x,Payton Linnehan,2001-03-25,USA,MF,W,,,"['2024', '2025', '2026']",5.0,5.0,,nwsl,nwsl
BLMv7myB5x,Élisabeth Tsé,2002-12-07,Canada,DF,CB,,FB,2026,5.0,9.0,,nwsl,nwsl
BLMv7oZO5x,Barbra Banda,2000-03-20,Zambia,FW,ST,,,"['2024', '2025', '2026']",5.0,0.0,137.0,nwsl,nwsl
BLMv7pkR5x,Macy Blackburn,2003-04-07,USA,DF,FB,,,2026,5.0,7.0,,nwsl,nwsl
BLMvK6z75x,Sydney Schmidt,2008-01-25,USA,DF,FB,,,2026,5.0,7.0,135.0,nwsl,nwsl
BLMvKkKB5x,Aria Nagai,,USA,MF,DM,,,"['2025', '2026']",5.0,3.0,,nwsl,nwsl
BLMvkAnB5x,Mille Jensen,1999-09-23,Denmark,MF,W,,,2023,,,,nwsl,nwsl
BLMvl6k7qx,Stephanie Labbé,1986-10-10,Canada,GK,GK,,,"['2016', '2017', '2019', '2020']",5.0,10.0,139.0,nwsl,nwsl
BLMvl7ABqx,Yael Averbuch,1986-11-03,USA,DF,CB,,,"['2016', '2017', '2018']",5.0,10.0,150.0,nwsl,nwsl
BLMvr0yAMx,Uno Shiragaki,2005-10-11,Japan,DF,CB,,,2026,5.0,7.0,126.0,nwsl,nwsl
BLMvrGGOMx,Landy Mertz,2000-07-19,USA,DF,CB,,,2024,,,,nwsl,nwsl
BLMvrenOMx,McKinley Crone,1998-10-20,USA,GK,GK,,,2025,,,,nwsl,nwsl
BLMvrre7Mx,Riley Tanner,1999-10-15,Panama,DF,FB,MF,CM,2023,,,,nwsl,nwsl
BLMvz047Mx,Alyssa Kleiner,1993-04-01,USA,DF,FB,,,"['2016', '2017', '2018']",5.0,9.0,,nwsl,nwsl
BLMvzAG7Mx,Elizabeth Addo,1993-09-01,Ghana,FW,W,,,2018,5.0,4.0,,nwsl,nwsl
BLMvzAX3Mx,Nickolette Driesse,1994-11-08,USA,MF,W,FW,ST,"['2017', '2018']",,,,nwsl,nwsl
BLMvzE4WMx,Shannon Horgan,1996-02-01,USA,,,,,{},5.0,5.0,,nwsl,nwsl
BLMvzNdBMx,Michelle Cruz,1992-05-14,USA,MF,W,,,2016,5.0,6.0,,nwsl,nwsl
BLMvzNvlMx,Sierra Lelii,,USA,,,,,{},5.0,7.0,,nwsl,nwsl
BLMvzVyXMx,Sam Coffey,1998-12-31,USA,MF,DM,,,"['2022', '2023', '2024', '2025']",5.0,5.0,,nwsl,nwsl
BLMvzrdlMx,Morgan Andrews,1995-03-25,USA,MF,CM,,DM,"['2017', '2018', '2019', '2020']",5.0,9.0,,nwsl,nwsl
EGMPR9DVqa,Mikenna McManus,1999-07-26,USA,DF,FB,,,2022,,,,nwsl,nwsl
EGMPRVe3qa,Brooklyn Courtnall,2002-12-28,Canada,DF,CB,,,"['2025', '2026']",5.0,9.0,,nwsl,nwsl
EGMPRWj4qa,Paulina Gramaglia,2003-03-21,Argentina,MF,DM,,,2022,,,,nwsl,nwsl
EGMPRePVqa,Laurina Fazer,2003-10-13,France,MF,DM,,,"['2025', '2026']",5.0,5.0,121.0,nwsl,nwsl
EGMPRz6kqa,Amanda Allen,2005-02-21,Canada,DF,FB,MF,W,"['2023', '2024', '2026']",5.0,4.0,,nwsl,nwsl
EGMPY22k5a,Abby Boyan,,,,,,,{},,,,nwsl,nwsl
EGMPZ1x3qa,Cassidy Benintente,1994-06-12,USA,DF,FB,,,2017,5.0,2.0,,nwsl,nwsl
EGMPZ6Zxqa,Michele Vasconcelos,1994-05-11,USA,MF,W,FW,W,"['2018', '2019', '2020', '2021', '2022', '2023', '2024']",5.0,5.0,,nwsl,nwsl
EGMPZBdjqa,Nádia Gomes,1996-11-09,Portugal,MF,W,,,"['2024', '2025', '2026']",5.0,5.0,,nwsl,nwsl
EGMPZanrqa,Alyssa Malonson,1999-04-09,USA,DF,FB,,,"['2023', '2024', '2025']",,,,nwsl,nwsl
EGMPlAeyMa,Rachel Corsie,1989-08-17,Scotland,DF,CB,,,"['2016', '2017', '2018', '2019', '2020', '2021']",5.0,9.0,,nwsl,nwsl
EGMPlJ8VMa,Whitney Engen,1987-11-28,USA,DF,CB,,,2016,5.0,7.0,143.0,nwsl,nwsl
EGMPlRrrMa,Emilie Haavi,1992-06-16,Norway,FW,W,MF,W,2017,5.0,5.0,,nwsl,nwsl
EGMPlrnyMa,Lady Andrade,1992-01-10,Colombia,MF,CM,,,2016,5.0,7.0,137.0,nwsl,nwsl
EGMPn0zxqa,Zoe Morse,1998-04-01,USA,DF,CB,,,"['2020', '2021', '2022']",5.0,7.0,,nwsl,nwsl
EGMPn76xqa,Kate Scheel,1994-08-06,USA,,,,,{},,,,nwsl,nwsl
EGMPn7Dxqa,Catherine Zimmerman,1995-01-15,USA,MF,W,,,2016,,,,nwsl,nwsl
EGMPn8O3qa,Janice Cayman,1988-10-12,Belgium,DF,FB,,,2016,,,,nwsl,nwsl
EGMPnK94qa,Hayley Dowd,1994-09-07,USA,MF,W,,,2017,,,,nwsl,nwsl
EGMPnKgxqa,María Sánchez,1996-02-20,Mexico,MF,W,,,"['2019', '2021', '2022', '2023', '2024', '2025']",5.0,5.0,,nwsl,nwsl
EGMPnYB4qa,Meleana Shim,1991-09-25,USA,MF,DM,,,"['2016', '2017', '2018', '2023']",5.0,4.0,,nwsl,nwsl
EGMPnZPjqa,Quinn,1995-08-11,Canada,MF,DM,,,"['2018', '2019', '2020', '2021', '2022', '2023', '2024']",5.0,9.0,146.0,nwsl,nwsl
EGMPneD4qa,Katie Zelem,1996-01-20,England,MF,DM,,,"['2024', '2025']",5.0,4.0,117.0,nwsl,nwsl
EGMPrB60qa,Mackenzie Pluck,2000-04-12,USA,MF,W,,,2023,,,,nwsl,nwsl
EGMPrO6rqa,Princess Marfo,2003-10-02,Ghana,FW,W,,,2024,,,,nwsl,nwsl
KAqB99w75b,Amy Harrison,1996-04-21,Australia,DF,FB,,,2019,5.0,7.0,130.0,nwsl,nwsl
KAqB9G4A5b,Jeon Ga-Eul,1988-09-14,South Korea,MF,CM,,,2016,5.0,4.0,,nwsl,nwsl
KAqB9Y8X5b,Shelina Zadorsky,1992-10-24,Canada,DF,CB,,,"['2016', '2017', '2018', '2019']",5.0,8.0,148.0,nwsl,nwsl
KAqB9gvJ5b,Brianna Smallidge,1993-11-26,USA,,,,,{},5.0,10.0,,nwsl,nwsl
KAqBN0dVqb,Rebecca Holloway,1995-08-25,Northern Ireland,DF,FB,,CB,"['2022', '2023']",,,,nwsl,nwsl
KAqBN4d7qb,Chinyelu Asher,1993-05-20,Jamaica,DF,FB,,,2021,5.0,6.0,,nwsl,nwsl
KAqBN78Xqb,Maggie Graham,2002-07-10,USA,MF,CM,,,"['2025', '2026']",5.0,9.0,,nwsl,nwsl
KAqBNV2Wqb,Sydney Miramontez,1994-10-11,USA,DF,FB,,CB,"['2017', '2018', '2019', '2021']",5.0,7.0,,nwsl,nwsl
KAqBNYamqb,Morgan Reid,1995-06-13,USA,DF,CB,,,2019,5.0,7.0,,nwsl,nwsl
KAqBNlkJqb,Hanna Lundkvist,2002-07-17,Sweden,DF,FB,,,"['2024', '2025']",5.0,7.0,137.0,nwsl,nwsl
KAqBNmrmqb,Tziarra King,1998-08-24,USA,MF,W,,,"['2020', '2021', '2022', '2023', '2024']",5.0,9.0,,nwsl,nwsl
KAqBNn1Zqb,Hannah Betfort,1999-01-04,USA,FW,ST,,,"['2021', '2022', '2023', '2024', '2025', '2026']",5.0,10.0,,nwsl,nwsl
KAqBNz4mqb,Savannah McCaskill,1996-07-31,USA,MF,DM,,,"['2018', '2019', '2020', '2021', '2022', '2023', '2024', '2025', '2026']",5.0,4.0,,nwsl,nwsl
KAqBNzkXqb,Bárbara Olivieri,2002-02-24,Venezuela,MF,W,,,"['2023', '2024', '2025', '2026']",5.0,5.0,123.0,nwsl,nwsl
KAqBREYXqb,Kate Faasse,2004-06-04,USA,FW,ST,,,2026,5.0,7.0,,nwsl,nwsl
KAqBRVn7qb,Katie O'Kane,2002-01-18,USA,MF,DM,,CM,"['2025', '2026']",,,,nwsl,nwsl
KAqBjNlAqb,Meghan Klingenberg,1988-08-02,USA,DF,FB,,,"['2016', '2017', '2018', '2019', '2020', '2021', '2022', '2023', '2024']",5.0,2.0,126.0,nwsl,nwsl
KAqBjk9Vqb,Clare Polkinghorne,1989-02-01,Australia,DF,CB,,,"['2018', '2019']",5.0,7.0,148.0,nwsl,nwsl
KAqBk7P7Qb,Sydney Pulver,1999-06-10,USA,MF,DM,,,2022,,,,nwsl,nwsl
KAqBkKgvQb,Emily Sams,1999-07-01,USA,DF,CB,,,"['2023', '2024', '2025', '2026']",,,,nwsl,nwsl
KAqBkgkXQb,Tarciane,2003-05-27,Brazil,DF,CB,,,2024,6.0,0.0,165.0,nwsl,nwsl
KAqBv1kZqb,Micayla Johnson,2008-01-18,USA,MF,W,,,"['2025', '2026']",5.0,4.0,130.0,nwsl,nwsl
KAqBvJG4qb,Madison Ayson,2001-01-22,USA,FW,W,,,2024,,,,nwsl,nwsl
KAqBvLJXqb,Emeri Adames,2006-04-03,USA,MF,W,,,"['2024', '2025', '2026']",5.0,3.0,,nwsl,nwsl
KAqBvyOWqb,Stella Nyamekye,2005-09-18,Ghana,MF,CM,,,2025,5.0,3.0,,nwsl,nwsl
KAqBvyxAqb,Caroline DeLisle,,USA,GK,GK,,,2026,,,,nwsl,nwsl
KAqBvzOBqb,Kelsey Hill,,USA,DF,FB,,,2023,,,,nwsl,nwsl
KPqj70wNQ6,Emily Alvarado,1998-06-09,Mexico,GK,GK,,,2023,5.0,9.0,,nwsl,nwsl
KPqj7AY8Q6,Sara Doorsoun,1991-11-17,Germany,DF,CB,,,2025,5.0,8.0,128.0,nwsl,nwsl
KPqj7WvEQ6,Claire Falknor,1993-05-12,USA,DF,FB,,,"['2017', '2018']",5.0,4.0,146.0,nwsl,nwsl
KPqj7gByQ6,Sarah Gorden,1992-09-13,USA,DF,CB,,,"['2016', '2017', '2018', '2019', '2020', '2021', '2023', '2024', '2025', '2026']",5.0,4.0,,nwsl,nwsl
KPqj7gN2Q6,Toni Pressley,1990-02-19,USA,DF,CB,,,"['2016', '2017', '2018', '2019', '2020', '2021', '2022']",5.0,11.0,,nwsl,nwsl
KPqj7klyQ6,Hanna Glas,1993-04-16,Sweden,DF,FB,,,"['2024', '2025']",5.0,8.0,148.0,nwsl,nwsl
KPqj7omEQ6,Nichelle Prince,1995-02-19,Canada,FW,W,MF,W,"['2017', '2018', '2019', '2020', '2021', '2022', '2023', '2024', '2025', '2026']",5.0,5.0,143.0,nwsl,nwsl
KPqjBOaNq6,Bea Franklin,2000-10-04,USA,MF,CM,,DM,"['2024', '2025', '2026']",,,,nwsl,nwsl
KPqjBXVYq6,Lacho Marta,1999-03-16,Angola,FW,ST,DF,FB,2025,5.0,3.0,,nwsl,nwsl
KPqjBzzRq6,Emma Sears,2001-02-23,USA,MF,W,,,"['2024', '2025', '2026']",5.0,9.0,,nwsl,nwsl
KPqjKN9PQ6,Sandra Yu,1995-11-05,USA,,,,,{},5.0,4.0,,nwsl,nwsl
KPqjKWP4Q6,Reilyn Turner,2002-10-18,USA,FW,ST,MF,W,"['2024', '2025', '2026']",5.0,9.0,,nwsl,nwsl
KPqjKaknQ6,Emma Regan,2000-01-28,Canada,MF,DM,,,2026,5.0,7.0,,nwsl,nwsl
KPqjKjoPQ6,Madison Pogarch,1997-11-05,USA,DF,FB,,,"['2019', '2020', '2021', '2022', '2023', '2024', '2025']",5.0,6.0,,nwsl,nwsl
KPqjKkoPQ6,Savannah DeMelo,1998-03-26,USA,MF,CM,,,"['2022', '2023', '2024', '2025']",5.0,5.0,,nwsl,nwsl
KPqjKodPQ6,Yanara Aedo,1993-08-05,Chile,,,,,{},5.0,1.0,115.0,nwsl,nwsl
KPqjKvrYQ6,Gisele Thompson,2005-12-02,USA,DF,FB,,,"['2024', '2025', '2026']",5.0,4.0,,nwsl,nwsl
KPqjKzG2Q6,Lauren Milliet,1996-12-01,USA,DF,FB,,,"['2019', '2020', '2021', '2022', '2023', '2024', '2025', '2026']",5.0,1.0,,nwsl,nwsl
KPqjKzrEQ6,Channing Foster,1998-12-25,USA,FW,W,,,2022,,,,nwsl,nwsl
KPqjkR68Q6,DeAira Jackson,,USA,,,,,{},6.0,1.0,,nwsl,nwsl
KPqjoKrBQ6,Christie Pearce,1975-06-24,USA,DF,CB,,,"['2016', '2017']",5.0,6.0,,nwsl,nwsl
KPqjw0ePQ6,Shelby Money,1997-04-22,USA,,,,,{},5.0,7.0,,nwsl,nwsl
KPqjw0gnQ6,Brittany Persaud,1990-04-01,USA,,,,,{},5.0,4.0,,nwsl,nwsl
KPqjw4oNQ6,Kameron Simmonds,2003-12-06,Jamaica,DF,FB,,,2026,5.0,7.0,,nwsl,nwsl
KPqjwVK2Q6,Jorelyn Carabali,1997-05-18,Colombia,DF,CB,,,2026,5.0,7.0,139.0,nwsl,nwsl
KPqjwgwPQ6,Dudinha,2005-07-04,Brazil,MF,W,,,"['2025', '2026']",5.0,2.0,,nwsl,nwsl
KXMe331vq6,Annika Schmidt,1993-05-04,Germany,,,,,{},,,,nwsl,nwsl
KXMe3vgvq6,Melanie Barcenas,2007-10-30,USA,MF,W,,,"['2023', '2024', '2025', '2026']",,,,nwsl,nwsl
KXMe84j3Q6,Melissa Lowder,,USA,GK,GK,,,2020,5.0,8.0,,nwsl,nwsl
KXMe89xrQ6,Kaylee Gunion,,USA,,,,,{},,,,nwsl,nwsl
KXMe8BrPQ6,Sally Menti,2002-03-10,USA,MF,CM,,AM,"['2025', '2026']",5.0,9.0,,nwsl,nwsl
KXMe8EBvQ6,Morgan Messner,2000-02-17,USA,GK,GK,,,2026,,,,nwsl,nwsl
KXMe8N7rQ6,Nya Harrison,2002-11-09,USA,DF,FB,,,"['2025', '2026']",,,,nwsl,nwsl
KXMe8NL6Q6,Taylor Leach,1992-01-19,USA,DF,CB,,,"['2020', '2021', '2022']",5.0,10.0,,nwsl,nwsl
KXMe8NwPQ6,Cassie Miller,1995-04-28,USA,GK,GK,,,"['2020', '2021', '2022', '2023', '2024', '2026']",,,,nwsl,nwsl
KXMe8R02Q6,Ines Jaurena,1991-05-14,France,MF,CM,,,2023,,,,nwsl,nwsl
KXMe8RL3Q6,Lia Eugenia Godfrey,2001-11-08,USA,MF,AM,,,2026,5.0,4.0,,nwsl,nwsl
KXMe8lW3Q6,Katie Murray,1997-01-16,USA,,,,,{},5.0,2.0,119.0,nwsl,nwsl
KXMeKLpxq6,Karsyn Cherry,2003-11-02,USA,DF,FB,,,2026,5.0,7.0,,nwsl,nwsl
KXMeKgRBq6,Emerson Elgin,2003-03-21,USA,DF,CB,,,2026,,,,nwsl,nwsl
KXMeKkbPq6,Allie George,2003-03-25,USA,,,,,{},5.0,11.0,,nwsl,nwsl
KXMeO371q6,Desiree Scott,1987-07-31,Canada,MF,DM,,,"['2016', '2017', '2018', '2019', '2021', '2022', '2024']",5.0,3.0,137.0,nwsl,nwsl
KXMeO8mvq6,Natasha Dowie,1988-06-30,England,FW,ST,,,"['2016', '2017']",,,,nwsl,nwsl
KXMeOYn1q6,Kimberly DeCesare,1991-08-11,USA,FW,ST,,,2016,,,,nwsl,nwsl
KXMegwDvq6,KK Ream,,USA,MF,W,FW,ST,"['2025', '2026']",,,,nwsl,nwsl
KXMegzErq6,Kat Asman,2000-05-19,USA,,,,,{},,,,nwsl,nwsl
KXMekJVvq6,Meredith Speck,1993-02-01,USA,MF,DM,,,"['2016', '2017', '2018', '2019', '2020', '2021', '2022', '2023', '2024', '2025']",5.0,3.0,,nwsl,nwsl
KXMekJykq6,Julie King,1989-10-21,USA,DF,CB,,FB,"['2016', '2017', '2019']",5.0,9.0,,nwsl,nwsl
KXMekKxXq6,Camille Levin,1990-04-24,USA,DF,FB,,,"['2016', '2017']",5.0,3.0,,nwsl,nwsl
KXMekRd6q6,Millie Farrow,1996-06-03,England,FW,ST,,,2023,,,,nwsl,nwsl
KXMekeX1q6,Andi Tostanoski,1994-08-29,USA,GK,GK,,,2016,,,,nwsl,nwsl
N6Mm7odPqE,Megan Rapinoe,1985-07-05,USA,FW,W,MF,W,"['2016', '2017', '2018', '2019', '2021', '2022', '2023']",5.0,6.0,132.0,nwsl,nwsl
N6MmGEeqEG,Carly Telford,1987-07-07,England,GK,GK,,,2022,5.0,9.0,139.0,nwsl,nwsl
N6MmGeJRqE,Julia Grosso,1998-12-10,USA,,,,,{},,,,nwsl,nwsl
N6MmWXWPqE,Deborah Abiodun,2003-11-02,Nigeria,MF,DM,,,"['2025', '2026']",5.0,6.0,132.0,nwsl,nwsl
N6MmWrKWqE,Caeley Lordemann,1998-04-21,USA,,,,,{},,,,nwsl,nwsl
N6MmeE4xME,Samantha Leshnak,1997-04-21,USA,GK,GK,,,2019,5.0,11.0,,nwsl,nwsl
N6MmeNgZME,Kathrin Hendrich,1992-04-06,Germany,DF,CB,,,"['2025', '2026']",5.0,9.0,121.0,nwsl,nwsl
N6MmeONPME,Jen Buczkowski,1985-04-04,USA,MF,DM,,,2016,5.0,5.0,,nwsl,nwsl
N6MmeeVPME,Taylor Comeau,1993-07-21,USA,DF,FB,,,"['2016', '2017', '2018', '2019']",5.0,6.0,,nwsl,nwsl
N6MmekVeME,Elli Reed,1989-08-10,USA,DF,FB,,,"['2016', '2017']",5.0,5.0,,nwsl,nwsl
N6MmepOxME,Delphine Cascarino,1997-02-05,France,MF,W,,,"['2024', '2025']",5.0,5.0,,nwsl,nwsl
N6MmkJ8eqE,Molly Skurcenski,2004-02-20,USA,,,,,{},5.0,9.0,,nwsl,nwsl
N6MmkK9gqE,Breanna Norris,2003-05-23,USA,,,,,{},,,,nwsl,nwsl
N6MmkZPPqE,Madison Haugen,2001-11-30,USA,DF,FB,,,2026,5.0,6.0,,nwsl,nwsl
N6Mmo0rLqE,Natalie Means,2003-11-12,USA,MF,W,,,2026,,,,nwsl,nwsl
N6Mmo8BPqE,Gift Monday,2001-12-09,Nigeria,FW,ST,,,"['2025', '2026']",5.0,6.0,126.0,nwsl,nwsl
N6MmoKJwqE,Trinity Rodman,2002-05-20,USA,MF,W,,,"['2021', '2022', '2023', '2024', '2025', '2026']",5.0,7.0,,nwsl,nwsl
N6MmoO1wqE,Mya Rilaine Jones,2001-08-01,Canada,MF,W,FW,ST,2024,5.0,7.0,,nwsl,nwsl
N6MmodJvqE,Katie Atkinson,1996-11-27,USA,GK,GK,,,"['2021', '2022', '2023', '2024', '2025', '2026']",6.0,1.0,,nwsl,nwsl
N6MmogVeqE,Raisa Strom-Okimoto,1997-10-25,USA,DF,FB,FW,W,"['2019', '2020', '2021']",5.0,3.0,,nwsl,nwsl
N6MmogzLqE,Caitlin Farrell,1997-09-29,USA,MF,DM,FW,W,2019,5.0,10.0,,nwsl,nwsl
N6MmooZRqE,Meagan McClelland,2000-08-05,USA,,,,,{},,,,nwsl,nwsl
N6MmozKxqE,Kelsey Branson,2004-05-10,USA,MF,DM,,,2026,,,,nwsl,nwsl
N6MmozmgqE,Bayley Feist,1997-03-14,USA,MF,DM,,CM,"['2019', '2020', '2022', '2023', '2024', '2025', '2026']",5.0,7.0,,nwsl,nwsl
NPqxA2zjQ9,Mary Vignola,1998-02-11,USA,DF,FB,,,"['2022', '2023', '2024', '2025', '2026']",,,,nwsl,nwsl
NPqxAddjQ9,Kaylin Williams-Mosier,1996-11-07,USA,,,,,{},,,,nwsl,nwsl
NPqxKPxk59,Kayla Duran,,USA,DF,FB,,,"['2025', '2026']",5.0,10.0,,nwsl,nwsl
NPqxe0LZQ9,Morgan Marlborough,1990-12-03,USA,MF,W,,,2016,6.0,0.0,,nwsl,nwsl
NPqxe7EGQ9,Natalie Viggiano,,USA,MF,W,,AM,2023,,,,nwsl,nwsl
NPqxe7bWQ9,Megan Dorsey,1992-01-16,USA,,,,,{},6.0,0.0,,nwsl,nwsl
NPqxeeJYQ9,Larissa Crummer,1996-01-10,Australia,FW,W,MF,CM,2017,5.0,10.0,154.0,nwsl,nwsl
NPqxepGxQ9,Aisha Solorzano,1998-04-13,Guatemala,FW,ST,,,2025,,,,nwsl,nwsl
NPqxev0jQ9,Asisat Oshoala,1994-10-09,Nigeria,FW,ST,,,"['2024', '2025']",5.0,7.0,,nwsl,nwsl
NPqxew6XQ9,Tinaya Alexander,1999-04-15,England,MF,W,,,2022,,,,nwsl,nwsl
NPqxexKjQ9,Mina Tanaka,1994-04-28,Japan,MF,AM,,,"['2024', '2025', '2026']",5.0,5.0,123.0,nwsl,nwsl
NPqxmpAkQ9,Ramona Bachmann,1990-12-25,Switzerland,FW,ST,,,"['2024', '2025']",5.0,4.0,126.0,nwsl,nwsl
NPqxmxZxQ9,Nicole Barnhart,1981-10-10,USA,GK,GK,,,"['2016', '2017', '2018', '2019', '2020', '2021', '2023']",5.0,10.0,161.0,nwsl,nwsl
NPqxndEmM9,Svava Rós Gudmundsdóttir,1995-11-11,Iceland,FW,ST,,,2023,,,,nwsl,nwsl
NPqxo72Y59,Zoe Matthews,2007-05-25,USA,MF,CM,DF,FB,"['2024', '2026']",,,,nwsl,nwsl
NPqxorYY59,Jameese Joseph,2002-05-03,USA,MF,W,,,"['2024', '2025', '2026']",,,,nwsl,nwsl
NPqxxGogq9,Adrienne Jordan,1994-01-30,USA,DF,FB,,,2020,,,,nwsl,nwsl
NPqxxODWq9,Hailey Harbison,1996-10-03,USA,FW,ST,,,2020,5.0,4.0,,nwsl,nwsl
NPqxxbEXq9,Aldana Cometti,1996-03-03,Argentina,DF,CB,,,2026,5.0,5.0,123.0,nwsl,nwsl
NPqxxjmkq9,Bethany Bos,1997-03-07,USA,FW,ST,,,"['2019', '2020', '2021', '2022', '2023', '2024', '2025']",5.0,9.0,,nwsl,nwsl
NPqxxmlGq9,Kelli Hubly,1994-08-09,USA,DF,CB,,,"['2017', '2018', '2019', '2020', '2021', '2022', '2023', '2024', '2025', '2026']",5.0,9.0,,nwsl,nwsl
NPqxxnRYq9,Mia Fishel,2001-04-30,USA,FW,ST,,,"['2025', '2026']",5.0,7.0,,nwsl,nwsl
NPqxxrzXq9,Amber Nguyen,2002-02-26,USA,,,,,{},,,,nwsl,nwsl
NWMWLBJe5l,Cameron Castleberry,1995-03-14,USA,FW,ST,,,2017,,,,nwsl,nwsl
NWMWV07EQl,Ally Prisock,1997-01-18,USA,DF,CB,,,"['2019', '2020', '2021', '2022', '2023']",5.0,8.0,,nwsl,nwsl
NWMWV0NYQl,Courtney Petersen,1997-10-28,USA,DF,FB,,,"['2020', '2021', '2022', '2023', '2024', '2025', '2026']",,,,nwsl,nwsl
NWMWV1lEQl,Camila,1994-10-10,Brazil,MF,CM,,,"['2017', '2018', '2019']",5.0,3.0,,nwsl,nwsl
NWMWVEkZQl,Jane Campbell,1995-02-17,USA,GK,GK,,,"['2017', '2018', '2019', '2020', '2021', '2022', '2023', '2024', '2025', '2026']",5.0,9.0,,nwsl,nwsl
NWMWVGveQl,Alex Arlitt,1993-08-25,USA,DF,FB,,,2016,5.0,5.0,,nwsl,nwsl
NWMWVNEzQl,Daiane,1997-09-07,Brazil,DF,CB,,,2025,,,,nwsl,nwsl
NWMWVXAeQl,Darian Jenkins,1995-01-05,USA,MF,W,,,"['2018', '2019', '2020', '2021', '2022']",5.0,10.0,,nwsl,nwsl
NWMWVXpDQl,Jannelle Flaws,1991-11-15,USA,FW,ST,,,2016,,,,nwsl,nwsl
NWMWVjJjQl,Michelle Betos,1988-02-20,USA,GK,GK,,,"['2016', '2018', '2019', '2020', '2021', '2022', '2023']",5.0,9.0,,nwsl,nwsl
NWMWVppLQl,Madalyn Schiffel,1994-09-19,USA,GK,GK,,,2017,,,,nwsl,nwsl
NWMWVy3KQl,Megan Crosson,1994-05-13,USA,DF,FB,,,"['2016', '2018', '2019']",5.0,9.0,,nwsl,nwsl
NWMWXlBY5l,Amy Rodriguez,1987-02-17,USA,FW,ST,,,"['2017', '2018', '2019', '2020', '2021']",5.0,4.0,,nwsl,nwsl
NWMWXoVZ5l,Elise Kellond-Knight,1990-08-10,Australia,DF,FB,,,2019,5.0,5.0,132.0,nwsl,nwsl
NWMWgJlNMl,Paige Metayer,2000-09-23,USA,DF,FB,,,"['2023', '2024', '2025', '2026']",,,,nwsl,nwsl
NWMWgvoZMl,Mary Long,2007-01-24,USA,FW,ST,,,2025,5.0,10.0,143.0,nwsl,nwsl
NWMWgzp7Ml,Heather Stainbrook,2001-03-14,USA,MF,CM,,DM,"['2024', '2025']",5.0,4.0,,nwsl,nwsl
NWMWjWnNQl,Grace Gordon,2000-10-10,USA,,,,,{},,,,nwsl,nwsl
NWMWjWweQl,Chioma Okafor,2003-03-20,Nigeria,FW,W,,,2026,5.0,5.0,,nwsl,nwsl
NWMWl2jY5l,Kaleigh Kurtz,1994-09-09,USA,DF,CB,,,"['2018', '2019', '2020', '2021', '2022', '2023', '2024', '2025', '2026']",5.0,8.0,,nwsl,nwsl
NWMWl60z5l,Emily Mason,2002-10-23,USA,DF,CB,,,"['2025', '2026']",5.0,9.0,,nwsl,nwsl
NWMWl7lE5l,Nicole Baxter,1994-05-12,USA,MF,CM,,DM,"['2020', '2021', '2022']",5.0,4.0,,nwsl,nwsl
NWMWlOGK5l,Carly Nelson,1998-02-11,USA,GK,GK,,,"['2021', '2023', '2024']",,,,nwsl,nwsl
NWMWlOGj5l,Anika Rodriguez,1997-01-01,USA,,,,,{},5.0,2.0,,nwsl,nwsl
NWMWlObE5l,Bridgette Andrzejewski,1997-01-27,USA,FW,W,,,2020,5.0,8.0,,nwsl,nwsl
NWMWla0E5l,Allyson Swaby,1996-10-03,Jamaica,DF,CB,,,2022,5.0,9.0,157.0,nwsl,nwsl
NWMWlgLE5l,Adriana,1996-11-17,Brazil,MF,W,,,"['2023', '2024']",5.0,4.0,117.0,nwsl,nwsl
NWMWly9D5l,Ryan Williams,1996-02-23,USA,DF,FB,,,"['2018', '2019', '2020', '2021', '2022', '2023', '2024', '2025', '2026']",5.0,7.0,,nwsl,nwsl
NWMWlzEK5l,Hannah Johnson,2003-02-20,USA,DF,FB,,,2025,,,,nwsl,nwsl
NWMWo0RzMl,Jordyn Bloomer,1997-10-14,USA,GK,GK,,,"['2022', '2025', '2026']",,,,nwsl,nwsl
NWMWo6lEMl,Sophie French,1998-02-28,USA,FW,ST,,,2022,,,,nwsl,nwsl
NWMWoDNzMl,Tatumn Milazzo,1998-04-17,USA,DF,CB,,FB,"['2021', '2022', '2023', '2024', '2026']",,,,nwsl,nwsl
NWMWoEezMl,Shnia Gordan,1997-04-09,USA,MF,W,,,2022,5.0,3.0,117.0,nwsl,nwsl
NWMWox9YMl,Abby Small,,,,,,,{},5.0,9.0,,nwsl,nwsl
Oa5w0gyDq1,Danielle O'Brien,,USA,,,,,{},,,,nwsl,nwsl
Oa5w0xdgq1,Lauren Brzykcy,1999-11-08,USA,,,,,{},,,,nwsl,nwsl
Oa5wA3WAQ1,Evelyne Viens,1997-02-06,Canada,FW,ST,,,"['2020', '2021']",5.0,8.0,,nwsl,nwsl
Oa5wAA2DQ1,Hannah Stambaugh,1998-12-24,Japan,,,,,{},5.0,9.0,150.0,nwsl,nwsl
Oa5wAJ14Q1,Chantelle Swaby,1998-08-06,Jamaica,,,,,{},5.0,10.0,,nwsl,nwsl
Oa5wAP6WQ1,Hana Kerner,1997-03-17,USA,,,,,{},,,,nwsl,nwsl
Oa5wAPB8Q1,Addison Steiner,1994-12-19,USA,FW,ST,,,2019,,,,nwsl,nwsl
Oa5wAPb8Q1,Dana Foederer,2002-07-27,Netherlands,MF,DM,,CM,"['2024', '2025']",5.0,6.0,,nwsl,nwsl
Oa5wAPbAQ1,Betsy Brandon,1996-09-27,USA,MF,W,,,2019,5.0,6.0,,nwsl,nwsl
Oa5wAWPBQ1,Narumi Miura,1997-07-03,Japan,MF,DM,,CM,"['2023', '2024', '2025', '2026']",5.0,1.0,97.0,nwsl,nwsl
Oa5wAZbBQ1,Ana Tejada,2002-06-02,Spain,MF,DM,DF,CB,"['2024', '2025', '2026']",5.0,8.0,146.0,nwsl,nwsl
Oa5wAbPDQ1,Bella Bixby,1995-11-20,USA,GK,GK,,,"['2020', '2021', '2022', '2023', '2025']",6.0,0.0,,nwsl,nwsl
Oa5wAmXDQ1,Sophie Hirst,2000-02-25,USA,MF,CM,,DM,"['2023', '2024', '2025']",,,,nwsl,nwsl
Oa5wAy6DQ1,Karlie Lema,2003-06-29,USA,FW,ST,MF,W,"['2025', '2026']",5.0,10.0,,nwsl,nwsl
Oa5wKA8Y51,Samantha Cary,2000-10-26,USA,DF,FB,,,2025,,,,nwsl,nwsl
Oa5wKmag51,Natalie Mitchell,2004-01-06,USA,,,,,{},,,,nwsl,nwsl
Oa5wKme451,Camryn Miller,2002-04-07,USA,,,,,{},5.0,5.0,,nwsl,nwsl
Oa5wKnR851,Madison Prohaska,2002-12-02,USA,GK,GK,,,2026,5.0,11.0,,nwsl,nwsl
Oa5wV0JgM1,Lee So-Dam,1994-10-12,South Korea,MF,CM,,,2021,5.0,1.0,,nwsl,nwsl
Oa5wVW4AM1,Tori Huster,1989-09-23,USA,MF,CM,DF,FB,"['2016', '2017', '2018', '2019', '2020', '2021', '2023']",5.0,5.0,128.0,nwsl,nwsl
Oa5wVWwBM1,Stephanie Ochs,1990-08-29,USA,DF,FB,,,"['2016', '2017']",,,,nwsl,nwsl
Oa5wVXy8M1,Marie Muller,2000-07-25,Germany,DF,FB,,,"['2024', '2026']",,,,nwsl,nwsl
Oa5wVYNBM1,Abby Dahlkemper,1993-05-13,USA,DF,CB,,,"['2016', '2017', '2018', '2019', '2020', '2021', '2022', '2023', '2024', '2025', '2026']",5.0,7.0,,nwsl,nwsl
Oa5wVjjWM1,Ashley Herndon,1994-10-04,USA,MF,W,,,2017,,,,nwsl,nwsl
Oa5wVmGDM1,Jenna Bike,1998-02-02,USA,MF,W,DF,FB,"['2022', '2023', '2024', '2025', '2026']",,,,nwsl,nwsl
Oa5wVmZgM1,Gabrielle Carle,1998-10-12,Canada,DF,FB,,,"['2023', '2024', '2025', '2026']",5.0,6.0,,nwsl,nwsl
Oa5wVmk9M1,Emily Curran,1996-08-05,USA,MF,DM,,CM,"['2019', '2020', '2021', '2022']",5.0,5.0,,nwsl,nwsl
Oa5wVmr9M1,Leah Galton,1994-05-24,England,MF,W,,,"['2016', '2017']",,,,nwsl,nwsl
Oa5wVyvDM1,Jennifer Skogerboe,1992-06-08,USA,DF,FB,,,2016,,,,nwsl,nwsl
Oa5wYddXQ1,Kyah Simon,1991-06-25,Australia,MF,W,,,"['2016', '2018', '2019']",5.0,5.0,139.0,nwsl,nwsl
Oa5wYkXDQ1,Luana,1993-05-02,Brazil,MF,DM,,AM,"['2024', '2025', '2026']",5.0,4.0,121.0,nwsl,nwsl
Oa5wd4xXq1,Ainsley Mccammon,2007-08-16,USA,MF,DM,,CM,"['2024', '2025', '2026']",,,,nwsl,nwsl
Oa5wd8ZWq1,Ivonne Chacón,1997-10-12,Colombia,FW,ST,,,"['2025', '2026']",5.0,10.0,132.0,nwsl,nwsl
Oa5wdLKgq1,Lucia Di Guglielmo,1997-06-26,Italy,DF,FB,,,2026,5.0,3.0,115.0,nwsl,nwsl
Oa5wdLyBq1,Hannah Diaz,1996-02-17,USA,MF,CM,,,2021,,,,nwsl,nwsl
Oa5wdmoWq1,Caitlin Cosme,1999-01-19,USA,DF,CB,,,2023,,,,nwsl,nwsl
Oa5wdvkXq1,Michelle Alozie,1997-04-28,USA,DF,FB,,,"['2021', '2022', '2023', '2024', '2025', '2026']",,,,nwsl,nwsl
Oa5wn4BAM1,Maegan Kelly,1992-02-19,Canada,MF,W,,,"['2017', '2019', '2020', '2021']",5.0,5.0,,nwsl,nwsl
OlMl96P45L,Brianne Reed,1994-02-05,USA,DF,FB,,,2016,,,,nwsl,nwsl
OlMl96b45L,Elizabeth Eddy,1991-09-13,USA,DF,FB,,,"['2016', '2017', '2018', '2019', '2020', '2021', '2022', '2023', '2024']",5.0,5.0,,nwsl,nwsl
OlMl9Ek45L,Kennedy Wesley,2001-03-08,USA,DF,CB,,,"['2024', '2025', '2026']",5.0,5.0,119.0,nwsl,nwsl
OlMl9P7A5L,Celia Jiménez,1995-06-20,Spain,DF,FB,,,"['2019', '2020', '2021', '2022', '2023', '2024']",5.0,7.0,,nwsl,nwsl
OlMl9V9D5L,Lynn Biyendolo,1993-05-21,USA,FW,ST,,,"['2016', '2017', '2018', '2019', '2020', '2021', '2022', '2023', '2024', '2025']",5.0,7.0,,nwsl,nwsl
OlMl9aZ05L,Sandy MacIver,1998-06-18,Scotland,GK,GK,,,"['2025', '2026']",5.0,9.0,143.0,nwsl,nwsl
OlMl9jrP5L,Jimena López,1999-01-30,Mexico,DF,FB,,,"['2021', '2022']",5.0,7.0,,nwsl,nwsl
OlMl9l845L,Gina Lewandowski,1985-04-13,USA,DF,CB,,,"['2019', '2020', '2021', '2022']",5.0,7.0,137.0,nwsl,nwsl
OlMl9oz45L,Adrianna Franch,1990-11-12,USA,GK,GK,,,"['2016', '2017', '2018', '2019', '2021', '2022', '2023', '2024']",5.0,9.0,,nwsl,nwsl
OlMl9r1y5L,Zoey Goralski,1995-01-22,USA,DF,FB,,,"['2019', '2020', '2021']",5.0,3.0,,nwsl,nwsl
OlMl9rz45L,Whitney Church,1993-04-30,USA,DF,CB,,,"['2016', '2017', '2018']",5.0,5.0,,nwsl,nwsl
OlMl9y7y5L,Shirley Cruz,1985-08-28,Costa Rica,MF,DM,,,"['2020', '2021']",5.0,5.0,101.0,nwsl,nwsl
OlMlBBJRqL,Kayla Ann Morrison,1996-08-05,USA,DF,FB,,,2023,,,,nwsl,nwsl
OlMlBWxRqL,Avery Patterson,2002-06-14,USA,DF,FB,,,"['2024', '2025', '2026']",,,,nwsl,nwsl
OlMleGDw5L,Hillary Beall,1999-01-27,USA,GK,GK,,,2024,5.0,11.0,,nwsl,nwsl
OlMleJEN5L,Macey Fraser,2002-07-11,New Zealand,MF,CM,,W,"['2024', '2025']",5.0,5.0,,nwsl,nwsl
OlMleK0E5L,Allison Wetherington,1994-11-30,USA,,,,,{},5.0,4.0,,nwsl,nwsl
OlMled1D5L,Sydney Schneider,1999-08-31,Jamaica,,,,,{},5.0,10.0,,nwsl,nwsl
OlMlenlA5L,Tori Hansen,2001-01-14,USA,DF,CB,,,2023,5.0,9.0,,nwsl,nwsl
OlMlev8D5L,Evelyn Shores,2004-12-29,USA,DF,FB,,,"['2025', '2026']",,,,nwsl,nwsl
OlMlgKE4QL,Olivia Sekany,1998-12-29,USA,,,,,{},5.0,11.0,,nwsl,nwsl
OlMlgPKwQL,Sarah Clark,,USA,MF,DM,,,2023,,,,nwsl,nwsl
OlMlr8kPqL,Dagny Brynjarsdóttir,1991-08-10,Iceland,MF,DM,,,"['2016', '2017', '2019']",5.0,5.0,,nwsl,nwsl
OlMlrBARqL,Diana Matheson,1984-04-06,Canada,MF,W,,,"['2016', '2018', '2020']",5.0,0.0,117.0,nwsl,nwsl
OlMlrBb0qL,Rosana,1982-07-07,Brazil,MF,AM,,W,2017,5.0,7.0,148.0,nwsl,nwsl
Pk5L1ADOqO,Amanda Da Costa,1989-10-07,Portugal,MF,CM,,,"['2016', '2017']",,,,nwsl,nwsl
Pk5L1JwDqO,Brittany Ratcliffe,1994-02-07,USA,MF,W,,,"['2016', '2017', '2018', '2020', '2021', '2022', '2023', '2024', '2025', '2026']",5.0,4.0,,nwsl,nwsl
Pk5L610OQO,Kelsey Daugherty,1996-12-31,USA,,,,,{},,,,nwsl,nwsl
Pk5L6kYLQO,Becki Tweed,,USA,,,,,{},,,,nwsl,nwsl
Pk5L6maZQO,Phallon Tullis-Joyce,1996-10-19,USA,GK,GK,,,"['2021', '2022', '2023']",6.0,1.0,,nwsl,nwsl
Pk5LZ7OGQO,Carissa Boeckman,,USA,,,,,{},,,,nwsl,nwsl
Pk5Le0DGqO,Agnes Nyberg,2000-04-19,Sweden,MF,DM,,,2024,5.0,4.0,126.0,nwsl,nwsl
Pk5Le4O7qO,Morgan Ruhl,1994-07-28,USA,,,,,{},,,,nwsl,nwsl
Pk5LejgDqO,Josefine Hasbo,2001-11-20,Denmark,MF,CM,,,"['2025', '2026']",5.0,3.0,,nwsl,nwsl
Pk5Lep9DqO,Michelle Maemone,1997-03-18,USA,DF,FB,,,"['2019', '2020', '2021']",5.0,6.0,,nwsl,nwsl
Pk5Lg0ZEMO,Karina Rodriguez,1999-03-02,Mexico,DF,CB,,FB,"['2021', '2022']",5.0,5.0,,nwsl,nwsl
Pk5Lg1NZMO,Megan Montefusco,1992-09-03,USA,DF,CB,,,"['2016', '2017', '2018', '2019', '2020', '2021', '2022', '2023']",5.0,8.0,,nwsl,nwsl
Pk5Lg2KOMO,Julia Bianchi,1997-10-07,Brazil,MF,DM,,CM,"['2023', '2024']",5.0,6.0,132.0,nwsl,nwsl
Pk5Lg76PMO,Guro Reiten,1994-07-26,Norway,DF,FB,,,2026,5.0,5.0,,nwsl,nwsl
Pk5LgPBEMO,Chestley Strother,1994-06-13,USA,,,,,{},5.0,9.0,,nwsl,nwsl
Pk5LgPYEMO,Danielle Schulmann,1989-12-22,Israel,MF,CM,,,2016,5.0,9.0,,nwsl,nwsl
Pk5LgdgYMO,Jaelene Daniels,1993-05-28,USA,DF,FB,,,"['2016', '2017', '2018', '2019', '2020', '2022']",5.0,4.0,135.0,nwsl,nwsl
Pk5LggaNMO,Aminata Diallo,1995-04-03,France,MF,DM,,,2020,5.0,4.0,108.0,nwsl,nwsl
Pk5Lz80GQO,Jadyn Edwards,,USA,MF,AM,,,2023,,,,nwsl,nwsl
Pk5LzW9EQO,Brecken Mozingo,2001-03-08,USA,MF,W,,,"['2024', '2025', '2026']",5.0,6.0,,nwsl,nwsl
Pk5LzYRNQO,Érica Parkinson,2008-04-18,England,MF,AM,,,2026,5.0,3.0,112.0,nwsl,nwsl
Vj583B8LM8,Ella Hase,2002-07-12,USA,MF,W,,,"['2025', '2026']",5.0,5.0,,nwsl,nwsl
Vj583lDJM8,Sophia Mattice,2002-06-25,USA,DF,FB,,,"['2025', '2026']",5.0,8.0,,nwsl,nwsl
Vj583mL3M8,Seven Castain,2004-04-26,USA,MF,W,,,2026,5.0,4.0,,nwsl,nwsl
Vj58B3XJQ8,Kendall Johnson,1991-04-24,USA,DF,CB,,,2017,,,,nwsl,nwsl
Vj58B42DQ8,McCall Zerboni,1986-12-13,USA,MF,CM,,DM,"['2016', '2017', '2018', '2019', '2020', '2021', '2022', '2023', '2024']",5.0,4.0,,nwsl,nwsl
Vj58B4dDQ8,Frances Silva,1992-11-02,USA,MF,AM,,W,2016,5.0,4.0,,nwsl,nwsl
Vj58B4pmQ8,Olivia Wingate,2000-02-20,USA,FW,ST,MF,W,"['2023', '2024', '2026']",,,,nwsl,nwsl
Vj58BBdEQ8,Emily Kruger,1992-10-27,USA,,,,,{},5.0,11.0,,nwsl,nwsl
Vj58BBkmQ8,Ghoutia Karchouni,1995-05-29,France,MF,W,,,2016,5.0,5.0,112.0,nwsl,nwsl
Vj58BZALQ8,Sabrina Flores,1996-01-31,Mexico,DF,FB,,,"['2019', '2020', '2021', '2022', '2023']",5.0,3.0,,nwsl,nwsl
Vj58Bn3DQ8,Kate Wiesner,2001-02-11,USA,DF,FB,,,"['2024', '2025', '2026']",5.0,7.0,,nwsl,nwsl
Vj58WLjDM8,Deja Davis,1995-06-22,USA,DF,CB,,,2026,5.0,9.0,,nwsl,nwsl
Vj58Wky4M8,Leah Freeman,2002-02-06,USA,GK,GK,,,2026,5.0,10.0,,nwsl,nwsl
Vj58Wnl2M8,Zandy Soree,1998-08-01,Belgium,,,,,{},,,,nwsl,nwsl
Vj58Wo7LM8,Neeku Purcell,2003-10-07,USA,,,,,{},5.0,9.0,159.0,nwsl,nwsl
Vj58Ww6EM8,Jordyn Listro,1995-08-10,Canada,MF,DM,,CM,"['2020', '2021', '2022', '2023']",5.0,5.0,121.0,nwsl,nwsl
Vj58Yd3rq8,Diane Caldwell,1988-09-11,Republic of Ireland,DF,CB,,,2021,5.0,8.0,,nwsl,nwsl
Vj58addEq8,Nikia Smith,,USA,,,,,{},,,,nwsl,nwsl
Vj58arV2q8,Samantha Smith,2001-05-07,USA,DF,FB,,,2026,5.0,6.0,,nwsl,nwsl
Vj58l97r58,Lauren Flynn,2002-05-22,USA,DF,CB,,,"['2024', '2025']",5.0,6.0,,nwsl,nwsl
Vj58l99L58,Ángela Barón,2003-09-18,Colombia,DF,CB,,,2024,5.0,7.0,130.0,nwsl,nwsl
Vj58lRaD58,Claire Hutton,2006-01-11,USA,MF,DM,,CM,"['2024', '2025', '2026']",5.0,6.0,,nwsl,nwsl
XVqK28bB50,Chiamaka Okwuchukwu,2005-08-07,Nigeria,FW,ST,,,2025,5.0,3.0,,nwsl,nwsl
XVqK2V2w50,Luany,2003-02-03,Brazil,,,,,{},5.0,5.0,,nwsl,nwsl
XVqK2j1K50,Chelsee Washington,1997-11-17,USA,MF,W,,,"['2020', '2021', '2022']",5.0,8.0,,nwsl,nwsl
XVqKL7paQ0,Jamie Shepherd,2000-10-09,USA,MF,DM,,,"['2024', '2025', '2026']",,,,nwsl,nwsl
XVqKW9Zwq0,Alexandra Chidiac,1999-01-15,Australia,MF,W,,,"['2022', '2023']",,,,nwsl,nwsl
XVqKWLrWq0,Midge Purce,1995-09-18,USA,MF,W,,,"['2017', '2018', '2019', '2020', '2021', '2022', '2023', '2024', '2025', '2026']",5.0,5.0,,nwsl,nwsl
XVqKWPkOq0,Leicy Santos,1996-05-16,Colombia,MF,AM,,CM,"['2024', '2025', '2026']",5.0,1.0,135.0,nwsl,nwsl
XVqKWVlWq0,Jamia Fields,1993-09-24,USA,DF,FB,,,"['2016', '2017', '2019', '2020', '2021', '2022']",5.0,5.0,,nwsl,nwsl
XVqKWbOKq0,Amanda Frisbie,1992-05-29,USA,DF,FB,,,"['2016', '2017', '2018']",5.0,8.0,,nwsl,nwsl
XVqKWmlOq0,Viviana Villacorta,1999-02-02,USA,MF,DM,,CM,"['2022', '2023', '2024', '2025']",5.0,7.0,,nwsl,nwsl
XVqKWp8aq0,Danica Evans,1995-06-02,USA,FW,ST,,,"['2017', '2018', '2019', '2020']",5.0,6.0,,nwsl,nwsl
XVqKWw80q0,Linda Motlhalo,1998-07-01,South Africa,MF,DM,,,"['2018', '2024']",5.0,4.0,104.0,nwsl,nwsl
XVqKYmW0M0,Adriana Leon,1992-10-02,Canada,FW,ST,,W,"['2016', '2017', '2018', '2023', '2025', '2026']",5.0,3.0,,nwsl,nwsl
XVqKbBVD50,Renee Lyles,,USA,MF,W,,,2026,,,,nwsl,nwsl
XVqKe41KM0,Chandra Eigenberger,1993-01-14,USA,,,,,{},,,,nwsl,nwsl
XVqKeJGwM0,Deyna Castellanos,1999-04-18,Venezuela,MF,CM,FW,ST,"['2024', '2025', '2026']",5.0,7.0,139.0,nwsl,nwsl
XVqKeK6KM0,Meghan McCool,1997-09-14,USA,MF,CM,,W,2020,5.0,8.0,,nwsl,nwsl
XVqKea2wM0,Olivia Thomas,2005-04-16,USA,FW,ST,,,2026,5.0,10.0,,nwsl,nwsl
XVqKelEwM0,Taylor Wood,1999-05-20,USA,DF,FB,,,"['2022', '2023', '2024', '2025', '2026']",5.0,10.0,,nwsl,nwsl
XVqKewOKM0,Kaylan Marckese,1998-04-22,USA,,,,,{},,,112.0,nwsl,nwsl
XVqKezYwM0,Kayla Sharples,1997-06-17,USA,DF,CB,,,"['2019', '2020', '2021', '2022', '2023', '2024', '2025', '2026']",5.0,11.0,,nwsl,nwsl
Xj5Y4OWRMb,Gabi Portilho,1995-07-18,Brazil,MF,W,FW,W,"['2025', '2026']",5.0,2.0,130.0,nwsl,nwsl
Xj5Y4XlAMb,Jada Talley,,USA,MF,CM,,,2022,,,,nwsl,nwsl
Xj5Y607aqb,Natalie Jacobs,1997-08-16,USA,DF,CB,,,"['2020', '2021', '2022', '2023', '2024', '2025', '2026']",5.0,8.0,,nwsl,nwsl
Xj5Y60lRqb,Hailie Mace,1997-03-24,USA,DF,FB,,,"['2020', '2021', '2022', '2023', '2024', '2025', '2026']",5.0,7.0,,nwsl,nwsl
Xj5Y62Dyqb,Kathryn Williamson,1989-08-01,USA,DF,FB,,,2016,5.0,6.0,,nwsl,nwsl
Xj5Y66Eaqb,Ifeoma Onumonu,1994-02-25,USA,FW,ST,,,"['2017', '2018', '2019', '2020', '2021', '2022', '2023', '2024']",5.0,10.0,,nwsl,nwsl
Xj5Y6PPaqb,Tierna Davidson,1998-09-19,USA,DF,CB,,,"['2019', '2020', '2021', '2022', '2023', '2024', '2025', '2026']",5.0,10.0,,nwsl,nwsl
Xj5Y6jEwqb,Keelin Winters,1988-12-09,Australia,MF,DM,,,2016,5.0,8.0,,nwsl,nwsl
Xj5Y6mWlqb,Alyssa Mautz,1989-07-29,USA,MF,W,,CM,"['2016', '2017', '2018', '2019', '2021', '2022']",5.0,5.0,,nwsl,nwsl
Xj5Y87kyMb,Andressa Alves,1992-11-10,Brazil,MF,AM,,,"['2023', '2024']",5.0,6.0,128.0,nwsl,nwsl
Xj5Y90Gw5b,Faith Nguyen,2003-11-16,USA,,,,,{},5.0,7.0,,nwsl,nwsl
Xj5Y90Ny5b,Riley Mattingly,2000-03-31,USA,,,,,{},,,,nwsl,nwsl
Xj5Y97805b,Rylee Baisden,1994-04-16,USA,FW,ST,,,"['2020', '2021', '2022']",,,,nwsl,nwsl
Xj5Y9E3l5b,Bridget Callahan,1996-04-16,USA,MF,DM,,CM,"['2018', '2019']",5.0,5.0,,nwsl,nwsl
Xj5Y9EPy5b,Ella Dederick,1996-07-27,USA,GK,GK,,,2021,5.0,10.0,,nwsl,nwsl
Xj5Y9PEw5b,Jazmin Jackmon,1997-10-30,USA,,,,,{},5.0,10.0,112.0,nwsl,nwsl
Xj5Y9PzE5b,Alika Keene,1994-01-15,Jamaica,,,,,{},,,,nwsl,nwsl
Xj5Y9oOw5b,Addisyn Merrick,1998-03-04,USA,DF,CB,,,"['2020', '2021', '2022', '2023', '2024']",5.0,5.0,,nwsl,nwsl
Xj5Y9zKX5b,Alana Cook,1997-04-11,USA,DF,CB,,,"['2020', '2021', '2022', '2023', '2024', '2025']",5.0,9.0,,nwsl,nwsl
Xj5Yj0dyqb,Rajanah Reed,,USA,,,,,{},5.0,5.0,,nwsl,nwsl
Xj5YjLWAqb,Margie Detrizio,2001-09-17,USA,MF,AM,,,2025,5.0,10.0,,nwsl,nwsl
Xj5YjWJXqb,Jordan Nytes,2004-04-05,USA,,,,,{},5.0,7.0,,nwsl,nwsl
Xj5YjWVwqb,Sara Wojdelko,2003-05-14,USA,,,,,{},5.0,8.0,146.0,nwsl,nwsl
a35rB2n25L,Kelly Rowswell,1998-01-28,USA,,,,,{},,,,nwsl,nwsl
a35rK2K2qL,Cheyna Matthews,1993-11-10,Jamaica,MF,W,FW,ST,"['2016', '2017', '2019', '2021', '2023']",5.0,9.0,,nwsl,nwsl
a35rK9a2qL,Anna Gilbertson,,Costa Rica,,,,,{},,,,nwsl,nwsl
a35rKEnoqL,Taryn Torres,1999-04-23,USA,MF,DM,,,"['2022', '2024', '2025', '2026']",5.0,6.0,,nwsl,nwsl
a35rKRboqL,Zsanett Kajan,1997-09-16,Hungary,,,,,{},,,,nwsl,nwsl
a35rKY7oqL,Catherine Parkhill,1990-05-27,,,,,,{},,,,nwsl,nwsl
a35rKYzoqL,Cali Farquharson,1993-12-17,USA,MF,W,,,"['2016', '2017', '2018', '2019', '2022']",5.0,7.0,,nwsl,nwsl
a35rKl1bqL,Claire Winter,,USA,,,,,{},,,,nwsl,nwsl
a35rKl3oqL,Mallory Weber,1994-04-04,USA,DF,FB,,,"['2016', '2017', '2018', '2019', '2020', '2021', '2022', '2023']",5.0,6.0,,nwsl,nwsl
a35rKneLqL,CoCo Goodson,1990-06-19,USA,DF,CB,,,2016,,,,nwsl,nwsl
a35rKoNwqL,Kaiya McCullough,1998-05-29,USA,,,,,{},5.0,8.0,,nwsl,nwsl
a35rlBbBQL,Monica Alvarado,1991-01-11,Mexico,,,,,{},5.0,5.0,,nwsl,nwsl
a35rnK125L,Sarah Weber,2003-02-14,USA,FW,ST,,,"['2025', '2026']",5.0,6.0,,nwsl,nwsl
a35rngpB5L,Cara Martin,2004-02-11,USA,,,,,{},5.0,10.0,,nwsl,nwsl
a35ry3BoML,Jennie Immethun,,,MF,DM,,,2026,,,,nwsl,nwsl
a35ry6BLML,Ally Sentnor,2004-02-18,USA,MF,AM,FW,ST,"['2024', '2025', '2026']",5.0,4.0,,nwsl,nwsl
a35ryBJwML,Kiki Van Zanten,2001-08-25,Jamaica,MF,W,FW,ST,"['2024', '2025', '2026']",5.0,1.0,132.0,nwsl,nwsl
a35ryBRGML,Zaneta Wyne,1990-08-03,USA,DF,FB,,,"['2022', '2023']",5.0,6.0,130.0,nwsl,nwsl
a35ryeZLML,Veronica Latsko,1995-12-12,USA,MF,W,,,"['2018', '2019', '2020', '2021', '2022', '2023', '2024']",5.0,8.0,,nwsl,nwsl
a35ryrgKML,Nicole Payne,2001-01-18,Nigeria,DF,FB,,,"['2024', '2026']",5.0,5.0,,nwsl,nwsl
a35ryvOKML,Peyton Perea,1997-03-28,USA,MF,CM,,,2020,5.0,8.0,,nwsl,nwsl
aDQ0N3R35E,Ayooluwa Oke,2003-04-05,USA,DF,FB,,,2026,5.0,3.0,,nwsl,nwsl
aDQ0ND9G5E,Ally Haran,1996-05-21,Canada,DF,FB,,,"['2020', '2021']",5.0,9.0,,nwsl,nwsl
aDQ0NDgR5E,Emina Ekic,1999-06-06,USA,MF,W,,,"['2021', '2022', '2023', '2026']",5.0,4.0,,nwsl,nwsl
aDQ0NLmE5E,Croix Bethune,2001-03-14,USA,MF,AM,,,"['2024', '2025', '2026']",5.0,3.0,,nwsl,nwsl
aDQ0NWGP5E,Katy Byrne,1996-10-21,USA,,,,,{},5.0,5.0,,nwsl,nwsl
aDQ0NXov5E,Haley Bugeja,2004-05-05,Malta,MF,W,FW,ST,"['2022', '2023']",,,,nwsl,nwsl
aDQ0NYeB5E,Lysianne Proulx,1999-04-17,Canada,GK,GK,,,2024,5.0,7.0,139.0,nwsl,nwsl
aDQ0Nbav5E,Jorian Baucom,,USA,FW,ST,,,"['2021', '2022']",,,,nwsl,nwsl
aDQ0Neav5E,Julia Bingham,1998-05-25,USA,DF,FB,,,2020,,,,nwsl,nwsl
aDQ0Nv325E,Lauren Costa,2002-09-13,Brazil,DF,CB,,,"['2023', '2024']",5.0,10.0,143.0,nwsl,nwsl
aDQ0P8BRQE,Savannah Jordan,1995-01-24,USA,FW,ST,,,"['2017', '2018']",5.0,7.0,,nwsl,nwsl
aDQ0PLRpQE,Mimmi Larsson,1994-04-09,Sweden,FW,ST,,,2023,5.0,6.0,143.0,nwsl,nwsl
aDQ0PPgWQE,Clarisse Le Bihan,1994-12-14,France,MF,AM,FW,ST,"['2022', '2023', '2024']",5.0,8.0,,nwsl,nwsl
aDQ0PXxpQE,Michele Dalton,1988-11-05,USA,GK,GK,,,"['2016', '2017']",,,,nwsl,nwsl
aDQ0PXyGQE,Kaitlyn Savage,1990-10-27,USA,GK,GK,,,2016,,,,nwsl,nwsl
aDQ0PeEBQE,Ashley Nick,1987-10-27,USA,MF,CM,,,2016,,,,nwsl,nwsl
aDQ0aNglME,Ashlyn Harris,1985-10-19,USA,GK,GK,,,"['2016', '2017', '2018', '2019', '2020', '2021', '2022']",5.0,9.0,146.0,nwsl,nwsl
aDQ0aplvME,Ana Maria Crnogorcevic,1990-10-03,Switzerland,FW,ST,,,"['2018', '2019', '2024', '2025']",5.0,9.0,143.0,nwsl,nwsl
aDQ0l9YvQE,Maia Pérez,1999-10-19,USA,,,,,{},,,,nwsl,nwsl
aDQ0lBxGQE,Onyeka Gamero,2006-02-23,USA,MF,W,,,2026,5.0,4.0,,nwsl,nwsl
aDQ0lPXGQE,Mikaela Howell,,England,DF,FB,,,2020,,,,nwsl,nwsl
aDQ0x3YEQE,Hannah Anderson,2001-04-03,USA,DF,CB,,,"['2024', '2025', '2026']",,,,nwsl,nwsl
aDQ0x4glQE,Jordynn Dudley,2004-11-21,USA,MF,W,,,2026,,,,nwsl,nwsl
aDQ0xDDPQE,Ally Cook,2000-07-18,USA,FW,ST,,,2024,,,,nwsl,nwsl
e7Mz0Oxeqr,Jenna Butler,2000-01-18,USA,MF,CM,,,2024,,,,nwsl,nwsl
e7Mz9JKeQr,Carli Lloyd,1982-07-16,USA,FW,ST,,,"['2016', '2017', '2018', '2019', '2021']",5.0,8.0,,nwsl,nwsl
e7Mz9KJJQr,Theresa Eslund,1986-07-20,Denmark,DF,FB,,,"['2018', '2019']",5.0,6.0,,nwsl,nwsl
e7MzAKROQr,Lily Woodham,2000-09-03,Wales,DF,FB,,,2024,5.0,3.0,,nwsl,nwsl
e7MzJ216Mr,Trinity Byars,2003-01-29,USA,FW,ST,,,"['2025', '2026']",5.0,4.0,,nwsl,nwsl
e7MzJAkPMr,Ryan Campbell,2002-03-18,USA,GK,GK,,,2025,5.0,11.0,,nwsl,nwsl
e7MzJJDXMr,Emily Gray,2000-10-05,USA,MF,CM,,,"['2022', '2024']",,,,nwsl,nwsl
e7MzJKkOMr,Averie Collins,1997-03-03,USA,FW,ST,,,"['2020', '2022']",5.0,11.0,,nwsl,nwsl
e7MzJRO7Mr,Delanie Sheehan,1999-01-13,USA,MF,CM,,,"['2021', '2022', '2023', '2024', '2025', '2026']",,,,nwsl,nwsl
e7MzJbOeMr,Cristina Roque,2001-11-06,Puerto Rico,GK,GK,,,2024,,,,nwsl,nwsl
e7MzJnKGMr,Katherine Rader,2004-06-30,USA,MF,W,,,2026,,,,nwsl,nwsl
e7MzJzNeMr,Halle Mackiewicz,2001-09-24,USA,GK,GK,,,"['2025', '2026']",5.0,10.0,,nwsl,nwsl
e7Mzl1Z6qr,Kassey Kallman,1992-05-06,USA,DF,CB,,FB,"['2016', '2017']",5.0,8.0,,nwsl,nwsl
e7Mzl1vJqr,Allie Wisner,1990-10-12,USA,,,,,{},5.0,7.0,,nwsl,nwsl
e7MzlELeqr,Tegan McGrady,1997-10-11,USA,DF,FB,,,"['2019', '2020', '2021', '2022', '2023']",5.0,6.0,,nwsl,nwsl
e7MzlGkjqr,Jen Hoy,1991-01-18,USA,FW,ST,,,"['2016', '2017', '2018', '2019']",5.0,5.0,,nwsl,nwsl
e7Mzllbeqr,Samantha Witteman,1994-02-26,USA,DF,FB,MF,W,"['2016', '2017']",,,,nwsl,nwsl
e7MzlobXqr,Miljana Ivanovic,2000-05-17,Serbia,,,,,{},,,,nwsl,nwsl
e7MzlyXGqr,Thembi Kgatlana,1996-05-02,South Africa,FW,W,MF,W,"['2018', '2023']",5.0,1.0,110.0,nwsl,nwsl
e7Mzlyyeqr,Ella Stevens,1997-12-11,USA,FW,ST,,,"['2020', '2021', '2022', '2023', '2024', '2025', '2026']",,,,nwsl,nwsl
e7MzzAdjMr,Caiya Hanks,2004-09-26,USA,MF,W,,,2025,5.0,4.0,,nwsl,nwsl
eV5D022O5K,Manon Melis,1986-08-31,Netherlands,FW,ST,,,2016,5.0,5.0,,nwsl,nwsl
eV5D27XYQK,Croix Soto,2001-01-02,USA,DF,CB,,,"['2023', '2024']",5.0,10.0,,nwsl,nwsl
eV5D2w7JQK,Jyllissa Harris,2000-04-08,USA,DF,CB,,,"['2023', '2024']",5.0,8.0,,nwsl,nwsl
eV5DL1R95K,Alexa Spaanstra,2000-02-01,USA,MF,W,,,"['2023', '2024', '2025', '2026']",5.0,5.0,,nwsl,nwsl
eV5DLE8Z5K,Ellie Carpenter,2000-04-28,Australia,DF,FB,,,"['2018', '2019']",5.0,5.0,132.0,nwsl,nwsl
eV5DLEjY5K,Brooke Elby,1993-05-24,USA,DF,FB,,,"['2016', '2017', '2018', '2019']",5.0,4.0,,nwsl,nwsl
eV5DLK7A5K,Kealia Watt,1992-01-31,USA,MF,W,,,"['2016', '2017', '2018', '2019', '2020', '2021']",5.0,5.0,,nwsl,nwsl
eV5DLY795K,Tiffany McCarty,1990-12-14,USA,MF,W,,,"['2016', '2018', '2019']",5.0,4.0,,nwsl,nwsl
eV5DLYZ95K,Estefanía Banini,1990-06-21,Argentina,MF,W,,,"['2016', '2017', '2018']",5.0,4.0,,nwsl,nwsl
eV5DLgAm5K,Samantha Johnson,1991-06-10,USA,DF,CB,,,"['2016', '2017', '2018', '2019']",5.0,5.0,,nwsl,nwsl
eV5DLm3J5K,Felicitas Rauch,1996-04-30,Germany,DF,FB,,,"['2024', '2025', '2026']",5.0,6.0,128.0,nwsl,nwsl
eV5DLxWE5K,Melissa Kossler,2000-03-04,Germany,FW,ST,,,2026,5.0,10.0,,nwsl,nwsl
eV5DR9dAQK,Ana Paula Pedrero,2002-05-17,USA,,,,,{},,,,nwsl,nwsl
eV5Dk4j9MK,Kelly Fitzgerald,1994-10-20,USA,,,,,{},5.0,5.0,,nwsl,nwsl
eV5DkJZAMK,Sarah Griffith,1999-08-10,USA,FW,W,,,"['2022', '2023', '2024']",,,,nwsl,nwsl
eV5DklVaMK,Sarah Sodoma,1998-09-04,USA,,,,,{},,,,nwsl,nwsl
eV5Dz11YQK,Courtney Brown,2000-11-25,USA,MF,W,,,"['2024', '2025', '2026']",5.0,4.0,,nwsl,nwsl
eV5Dz239QK,Gabi,1994-04-26,Brazil,MF,CM,,,2019,5.0,6.0,,nwsl,nwsl
eV5DzaEmQK,Angelina Anderson,2001-03-22,USA,GK,GK,,,"['2023', '2024', '2025', '2026']",5.0,11.0,,nwsl,nwsl
eV5DzeXAQK,Riley Jackson,2005-12-02,USA,MF,CM,,DM,"['2024', '2025', '2026']",5.0,8.0,126.0,nwsl,nwsl
eV5DzkDJQK,Samantha Meza,2001-11-07,USA,MF,DM,,CM,"['2025', '2026']",5.0,2.0,,nwsl,nwsl
eV5Dzp7nQK,Marisa DiGrande,1997-02-05,USA,MF,CM,,DM,"['2019', '2020', '2021', '2022', '2023', '2024', '2025']",5.0,4.0,,nwsl,nwsl
eV5DzpYYQK,Alexa Kimball,1995-09-21,USA,,,,,{},5.0,7.0,126.0,nwsl,nwsl
eV5DzwJJQK,Chardonnay Curran,1999-09-27,USA,MF,CM,,,"['2022', '2023', '2024', '2025']",,,,nwsl,nwsl
eV5DzwxEQK,Abby Elinsky,1996-01-08,USA,FW,ST,,,"['2018', '2019', '2020']",5.0,9.0,110.0,nwsl,nwsl
eVq32V2v5W,Crystal Thomas,1994-01-18,USA,MF,W,,,"['2017', '2019', '2020', '2021']",5.0,4.0,,nwsl,nwsl
eVq3axOvMW,Kelley O'Hara,1988-08-04,USA,DF,FB,,,"['2016', '2017', '2018', '2019', '2020', '2021', '2022', '2023', '2024']",5.0,5.0,128.0,nwsl,nwsl
eVq3ay46MW,Katie Bowen,1994-04-15,New Zealand,DF,FB,,,"['2016', '2017', '2018', '2019', '2020', '2021', '2022']",5.0,7.0,123.0,nwsl,nwsl
eVq3ayjwMW,Lydia Williams,1988-05-13,Australia,GK,GK,,,"['2016', '2017', '2018', '2019']",5.0,9.0,139.0,nwsl,nwsl
eVq3e2onMW,Riley Tiernan,,USA,FW,ST,,,"['2025', '2026']",5.0,8.0,,nwsl,nwsl
eVq3ej1DMW,Clare Gagne,2000-02-22,USA,,,,,{},6.0,0.0,,nwsl,nwsl
eVq3emoyMW,Maja Lardner,2002-11-23,USA,FW,ST,,,2026,5.0,8.0,,nwsl,nwsl
eVq3exgyMW,Avery Ciorbu,,USA,MF,DM,,,2026,,,,nwsl,nwsl
eVq3j01X5W,Maureen Fitzgerald,,USA,MF,W,,AM,2016,5.0,3.0,,nwsl,nwsl
eVq3j0y65W,Kristie Mewis,1991-02-25,USA,MF,CM,,,"['2016', '2017', '2018', '2019', '2020', '2021', '2022', '2023']",5.0,7.0,141.0,nwsl,nwsl
eVq3jWNv5W,Jordan Baggett,1996-10-28,USA,MF,CM,,,"['2019', '2020', '2021', '2022', '2023', '2024']",5.0,6.0,,nwsl,nwsl
eVq3jWwG5W,Sabrina D'Angelo,1993-05-11,Canada,GK,GK,,,"['2016', '2017', '2018']",5.0,8.0,150.0,nwsl,nwsl
eVq3ja3g5W,Katelyn Rowland,1994-03-16,USA,GK,GK,,,"['2016', '2017', '2018', '2019', '2020', '2021', '2022', '2023', '2024']",5.0,11.0,,nwsl,nwsl
eVq3jbPg5W,Tyler Lussi,1995-01-26,USA,MF,W,,,"['2017', '2018', '2019', '2020', '2021', '2022', '2023', '2024', '2025']",5.0,7.0,,nwsl,nwsl
eVq3jjGX5W,Lisa Boattin,1997-05-03,Italy,DF,FB,,,"['2025', '2026']",5.0,3.0,,nwsl,nwsl
eVq3jmaw5W,Nérilia Mondésir,1999-01-17,Haiti,MF,W,,,"['2024', '2025', '2026']",5.0,2.0,126.0,nwsl,nwsl
eVq3jrvw5W,Wang Shuang,1995-01-23,China,FW,W,,,"['2022', '2023']",5.0,5.0,,nwsl,nwsl
eVq3jxzD5W,Ouleymata Sarr,1995-10-08,France,FW,ST,MF,W,"['2023', '2024']",5.0,9.0,,nwsl,nwsl
eVq3r30j5W,Susanna Friedrichs,1998-10-29,USA,,,,,{},5.0,4.0,,nwsl,nwsl
eVq3r4VV5W,Phair Casey Yu-Jin,2007-06-29,South Korea,FW,ST,,,"['2025', '2026']",5.0,10.0,150.0,nwsl,nwsl
eVq3rB0X5W,Shaelan Murison,1998-03-05,USA,MF,AM,,DM,2024,,,,nwsl,nwsl
eVq3rN7w5W,Catherine Paulson,2001-11-05,USA,MF,W,,,2025,,,,nwsl,nwsl
eVq3rXxv5W,Brenna Lovera,1997-03-12,USA,FW,ST,,,2023,5.0,8.0,,nwsl,nwsl
eVq3rlb65W,Hal Hershfelt,2002-10-03,USA,MF,DM,,,"['2024', '2025', '2026']",5.0,8.0,,nwsl,nwsl
eVq3x4bgQW,Schuyler DeBree,1996-09-05,USA,DF,CB,,,2021,5.0,8.0,,nwsl,nwsl
eVq3xN0wQW,Devin Lynch,2003-12-04,USA,MF,DM,,CM,2026,5.0,8.0,,nwsl,nwsl
eVq3xWNwQW,Hannah Davison,1997-04-09,USA,DF,CB,,,2020,5.0,8.0,,nwsl,nwsl
eVq3xWngQW,Meg Boade,2002-07-03,USA,MF,AM,,CM,2025,,,,nwsl,nwsl
eVq3xXGgQW,Ella Shamburger,2000-01-18,USA,,,,,{},5.0,6.0,,nwsl,nwsl
eVq3xd6XQW,Julie Doyle,1996-12-31,USA,MF,DM,,,2019,5.0,10.0,,nwsl,nwsl
eVq3xlKGQW,Shae Yanez,1997-05-22,USA,GK,GK,,,"['2019', '2023']",5.0,8.0,,nwsl,nwsl
eVq3xoZDQW,Mariana Larroquette,1992-10-24,Argentina,FW,ST,,,"['2021', '2023', '2024']",5.0,3.0,128.0,nwsl,nwsl
eVq3xp1GQW,Jamie Gillis,1988-05-25,USA,,,,,{},,,,nwsl,nwsl
eVq3xvJGQW,Bruninha,2002-06-16,Brazil,DF,FB,,,"['2022', '2023', '2024', '2025', '2026']",5.0,3.0,143.0,nwsl,nwsl
eVq3xy8wQW,Julia Roddar,1992-02-16,Sweden,MF,DM,DF,FB,"['2021', '2022']",5.0,6.0,132.0,nwsl,nwsl
eVq3y0rnMW,Zara Chavoshi,2002-12-06,Canada,DF,CB,,,"['2025', '2026']",5.0,7.0,,nwsl,nwsl
eVq3y1GwMW,Mariana Speckmaier,1997-12-26,Venezuela,MF,W,FW,W,"['2021', '2023']",5.0,5.0,,nwsl,nwsl
eVq3y1NgMW,Amber Marshall,,USA,MF,CM,,,2021,,,,nwsl,nwsl
eVq3y1WvMW,Cloe Lacasse,1993-07-07,Canada,MF,W,,,"['2024', '2025', '2026']",5.0,7.0,123.0,nwsl,nwsl
eVq3y7KnMW,Annika Creel,1997-07-14,USA,,,,,{},,,,nwsl,nwsl
eVq3yAovMW,Tristin Stuteville,,,,,,,{},5.0,6.0,,nwsl,nwsl
eVq3yWJgMW,Kelly Ann Livingstone,1998-11-24,USA,DF,CB,,,2022,,,,nwsl,nwsl
eVq3ydvvMW,Nina Nijstad,2003-03-05,Netherlands,MF,DM,,,2026,5.0,9.0,,nwsl,nwsl
eVq3ywVGMW,Kaylie Collins,1998-05-17,USA,GK,GK,,,"['2022', '2023']",,,,nwsl,nwsl
eVq3yyanMW,Freja Olofsson,1998-05-24,Sweden,MF,DM,,,"['2021', '2022']",,,,nwsl,nwsl
eVq3yzXDMW,Cheyenne Shorts,,,DF,CB,,,"['2022', '2023']",,,,nwsl,nwsl
gOMn2eV6Mw,Mandy Freeman,1995-03-23,USA,DF,CB,,FB,"['2017', '2018', '2020', '2021', '2022', '2023', '2024', '2025', '2026']",5.0,8.0,,nwsl,nwsl
gOMn6X8BMw,Emily Sonnett,1993-11-25,USA,DF,CB,,,"['2016', '2017', '2018', '2019', '2021', '2022', '2023', '2024', '2025', '2026']",5.0,7.0,,nwsl,nwsl
gOMn6Yd6Mw,Rumi Utsugi,1988-12-05,Japan,MF,DM,,CM,"['2016', '2017', '2018', '2019']",5.0,6.0,139.0,nwsl,nwsl
gOMnR6AAMw,Vanessa DiBernardo,1992-05-15,USA,MF,AM,,CM,"['2016', '2017', '2018', '2019', '2020', '2021', '2022', '2023', '2024', '2025', '2026']",5.0,4.0,,nwsl,nwsl
gOMnRAAJMw,Caroline Flynn,1994-02-28,USA,MF,W,,CM,2017,,,,nwsl,nwsl
gOMnREWAMw,Taylor Otto,1997-10-23,USA,MF,DM,,,"['2021', '2022']",5.0,10.0,,nwsl,nwsl
gOMnREd8Mw,Jaelin Howell,1999-11-21,USA,MF,DM,,,"['2022', '2023', '2024', '2025', '2026']",5.0,8.0,,nwsl,nwsl
gOMnREv8Mw,Amanda Dennis,1998-05-25,USA,GK,GK,,,2021,6.0,0.0,,nwsl,nwsl
gOMnRNZAMw,Emily Boyd,1996-07-25,USA,GK,GK,,,"['2018', '2019', '2020', '2021', '2022', '2023']",5.0,9.0,,nwsl,nwsl
gOMnROp6Mw,Anna Gasper,1997-01-03,Germany,MF,CM,,DM,2026,,,,nwsl,nwsl
gOMnRbbAMw,Yuri Kawamura,1989-05-17,Japan,DF,CB,,,"['2017', '2018']",5.0,6.0,126.0,nwsl,nwsl
gOMnRboOMw,Carson Pickett,1993-09-15,USA,DF,FB,,,"['2016', '2017', '2018', '2019', '2021', '2022', '2023', '2024', '2025', '2026']",5.0,8.0,,nwsl,nwsl
gOMnRdyOMw,Allie Long,1987-08-13,USA,MF,DM,,,"['2016', '2017', '2018', '2019', '2020', '2021', '2023']",5.0,8.0,130.0,nwsl,nwsl
gOMnRnK8Mw,Caroline Casey,1994-05-27,USA,GK,GK,,,"['2016', '2017', '2018']",5.0,8.0,,nwsl,nwsl
gOMnRnYmMw,Kylie Nadaner,1992-03-18,USA,DF,FB,,CB,"['2016', '2021', '2022', '2023', '2024', '2025']",5.0,8.0,,nwsl,nwsl
gOMnRrGBMw,Laura Liedle,1994-03-11,USA,,,,,{},5.0,5.0,,nwsl,nwsl
gOMnY42OQw,Ryan Gareis,1998-11-13,USA,MF,W,DF,FB,"['2022', '2023', '2024', '2025', '2026']",,,,nwsl,nwsl
gOMnYAOxQw,Cameron Tucker,1999-07-15,USA,MF,W,,,"['2022', '2023', '2024']",,,,nwsl,nwsl
gOMnYAkBQw,Hope Breslin,1999-03-10,USA,DF,FB,,,"['2022', '2023']",,,,nwsl,nwsl
gOMnYEXBQw,Ava Cook,2000-07-05,USA,FW,ST,,,"['2022', '2023', '2024', '2025']",,,,nwsl,nwsl
gOMnYXe6Qw,Amanda West,2001-02-11,Canada,DF,FB,FW,ST,2024,,,,nwsl,nwsl
gOMnYo8lQw,Taylor Hansen,,USA,DF,FB,,,2022,,,,nwsl,nwsl
gOMnaWKeQw,Maiara Niehues,2004-08-11,Brazil,MF,AM,,,"['2025', '2026']",5.0,9.0,130.0,nwsl,nwsl
gOMnazzXQw,Alex Kerr,2001-07-23,USA,FW,ST,,,2024,5.0,9.0,,nwsl,nwsl
gOMnlOgAqw,Oihane Hernández,2000-05-04,Spain,DF,FB,,,"['2025', '2026']",5.0,7.0,130.0,nwsl,nwsl
gOMnlVG8qw,Morgan Weaver,1997-10-18,USA,FW,W,,ST,"['2020', '2021', '2022', '2023', '2024', '2026']",5.0,10.0,,nwsl,nwsl
gOMnlWnBqw,Amelia White,2003-06-17,USA,MF,W,,,2026,5.0,3.0,,nwsl,nwsl
gOMnlaKJqw,Chelsie Dawber,2000-01-12,Australia,FW,ST,,,2022,,,,nwsl,nwsl
gOMnlek8qw,Taylor White,2004-04-23,USA,MF,W,,,2026,5.0,6.0,,nwsl,nwsl
gOMnljxOqw,Machaela George,,USA,DF,FB,,,2021,5.0,7.0,,nwsl,nwsl
gOMnlyvBqw,Maliah Morris,2000-12-31,USA,MF,W,,,2023,5.0,5.0,,nwsl,nwsl
gjMN69n4MK,Holly Ward,2003-10-25,Canada,MF,W,,,2026,,,,nwsl,nwsl
gjMN6KX0MK,Kayla Hamric,1998-12-08,Canada,,,,,{},5.0,6.0,,nwsl,nwsl
gjMN6dzBMK,Cyera Hintzen,1997-10-28,USA,MF,CM,FW,W,2023,5.0,5.0,,nwsl,nwsl
gjMN6mz3MK,Hannah Adler,1998-01-23,USA,,,,,{},,,,nwsl,nwsl
gjMN6nOpMK,Kim Hazlett,,USA,DF,FB,,,2020,,,,nwsl,nwsl
gjMN6ol0MK,Jillienne Aguilera,,USA,DF,FB,,,"['2022', '2023']",,,,nwsl,nwsl
gjMN6vA0MK,Aerial Chavarin,,USA,MF,DM,,,2020,,,,nwsl,nwsl
gjMN7GgY5K,Temwa Chawinga,1998-09-20,Malawi,MF,W,FW,W,"['2024', '2025', '2026']",5.0,8.0,,nwsl,nwsl
gjMN7bAK5K,McKenzie Weinert,1998-12-02,USA,MF,W,,,"['2023', '2024']",,,,nwsl,nwsl
gjMNPRApqK,Jayden Perry,2001-02-20,USA,DF,CB,,,"['2025', '2026']",,,,nwsl,nwsl
gjMNPRw0qK,Emma Gaines-Ramos,2002-02-18,USA,,,,,{},5.0,7.0,,nwsl,nwsl
gjMNR1gvMK,Claire Lavogez,1994-06-18,France,FW,ST,,,"['2022', '2023', '2024']",5.0,8.0,139.0,nwsl,nwsl
gjMNRAm4MK,Ebony Salmon,2001-01-27,England,FW,ST,,,"['2021', '2022', '2023']",,,,nwsl,nwsl
gjMNRDZYMK,Katherine Reynolds,1987-09-14,USA,DF,CB,,FB,"['2016', '2017', '2018', '2019', '2020']",5.0,8.0,,nwsl,nwsl
gjMNRDxDMK,Andi Sullivan,1995-12-20,USA,MF,DM,,,"['2018', '2019', '2020', '2021', '2022', '2023', '2024', '2026']",5.0,7.0,,nwsl,nwsl
gjMNRNg3MK,Caroline Van Slambrouck,1992-09-28,USA,,,,,{},5.0,10.0,,nwsl,nwsl
gjMNRNl3MK,Dijana Haracic,1992-04-12,Bosnia and Herzegovina,GK,GK,,,"['2017', '2018', '2019', '2020', '2021', '2022', '2023', '2024', '2025', '2026']",5.0,9.0,,nwsl,nwsl
gjMNRdRDMK,Stephanie McCaffrey,1993-02-18,USA,FW,ST,,,"['2016', '2017', '2018']",5.0,6.0,,nwsl,nwsl
gjMNRyokMK,Michaela Hahn,1994-04-19,USA,MF,CM,,DM,2016,5.0,4.0,,nwsl,nwsl
gjMNj3VpMK,Hildah Magaia,1994-12-16,South Africa,MF,W,,,2024,5.0,4.0,,nwsl,nwsl
gjMNj4NjMK,Taylor Suarez,2005-05-27,USA,MF,W,,,2026,5.0,5.0,,nwsl,nwsl
gjMNjpVpMK,Gaby Vincent,1997-12-07,USA,MF,DM,DF,CB,"['2019', '2020', '2021', '2022']",5.0,8.0,,nwsl,nwsl
gjMNjwJkMK,Sarah Shimer,,USA,,,,,{},5.0,7.0,,nwsl,nwsl
gjMNv6j4MK,Amandine Henry,1989-09-28,France,MF,DM,,CM,"['2016', '2017', '2023', '2024']",5.0,7.0,141.0,nwsl,nwsl
gpMO1GYlqz,Sofía Caicedo,2006-08-10,USA,MF,W,,,2026,,,,nwsl,nwsl
gpMOL3oy5z,Lyza Bosselmann,2001-07-27,USA,GK,GK,,,2024,,,,nwsl,nwsl
gpMOLNLy5z,Gracie Brian,2001-08-28,USA,,,,,{},5.0,6.0,130.0,nwsl,nwsl
gpMOa0nlqz,Emily Fox,1998-07-05,USA,DF,FB,,,"['2021', '2022', '2023']",5.0,6.0,,nwsl,nwsl
gpMOa13Oqz,Thaisa,1988-12-17,Brazil,MF,DM,,CM,2018,5.0,5.0,128.0,nwsl,nwsl
gpMOaLbDqz,Cari Roccaro,1994-07-18,USA,MF,DM,,,"['2016', '2017', '2018', '2019', '2020', '2021', '2022', '2023', '2024', '2025']",5.0,6.0,,nwsl,nwsl
gpMOajmEqz,Lorena Silva,1997-05-06,Brazil,GK,GK,,,"['2025', '2026']",6.0,0.0,152.0,nwsl,nwsl
gpMOapp1qz,Meggie Dougherty Howard,1995-07-27,USA,MF,CM,,DM,"['2017', '2018', '2019', '2020', '2021', '2022', '2023', '2024']",5.0,5.0,,nwsl,nwsl
gpMOay2Dqz,Caroline Stanley,1993-03-16,USA,GK,GK,,,"['2016', '2017']",5.0,10.0,,nwsl,nwsl
gpMOayenqz,Katie Schoepfer,1988-11-10,USA,MF,DM,,,2016,5.0,8.0,,nwsl,nwsl
gpMOeGZrqz,Victoria Pickett,1996-08-12,Canada,MF,CM,,,"['2021', '2022', '2023', '2024']",,,,nwsl,nwsl
gpMOeRG2qz,Natalie Beckman,2000-03-25,USA,DF,FB,,,"['2022', '2023']",,,,nwsl,nwsl
gpMOekr2qz,Lily Nabet,1999-09-24,USA,MF,DM,,,"['2022', '2023', '2024', '2025']",5.0,3.0,,nwsl,nwsl
gpMOep8Rqz,Marisa Jordan,2000-06-09,USA,GK,GK,,,"['2025', '2026']",,,,nwsl,nwsl
gpMOo3K7Mz,Anna Heilferty,1999-04-17,USA,DF,FB,,,"['2021', '2022', '2024', '2025']",5.0,3.0,,nwsl,nwsl
gpMOoD77Mz,Colette Smith,,USA,,,,,{},,,,nwsl,nwsl
gpMOoG6nMz,Julia Ashley,1996-11-11,USA,DF,FB,,CB,"['2021', '2022']",5.0,8.0,,nwsl,nwsl
gpMOoGgDMz,Sam Staab,1997-03-28,USA,DF,CB,,,"['2019', '2020', '2021', '2022', '2023', '2024', '2025', '2026']",5.0,7.0,,nwsl,nwsl
gpMOoJjEMz,Camryn Biegalski,1998-08-11,USA,DF,FB,,,"['2020', '2021', '2022', '2023', '2024', '2025']",,,,nwsl,nwsl
gpMOoKbnMz,Manaka Hayashi,2004-08-16,Japan,MF,CM,,DM,"['2025', '2026']",5.0,5.0,123.0,nwsl,nwsl
gpMOoXeOMz,Ashley Sanchez,1999-03-16,USA,MF,AM,,,"['2020', '2021', '2022', '2023', '2024', '2025', '2026']",5.0,4.0,,nwsl,nwsl
gpMOoYn7Mz,Julie Dufour,2001-05-29,France,FW,W,MF,W,2025,5.0,4.0,123.0,nwsl,nwsl
gpMOol9nMz,Ally Lemos,2004-03-04,USA,MF,DM,,CM,"['2024', '2025', '2026']",5.0,7.0,,nwsl,nwsl
gpMOzBW7Qz,Molly Menchel,1991-12-05,USA,DF,FB,,,2016,,,,nwsl,nwsl
gpMOzddlQz,Rebekah Stott,1993-06-17,New Zealand,DF,FB,,CB,"['2017', '2018']",5.0,8.0,135.0,nwsl,nwsl
gpMOzmn1Qz,Annaïg Butel,1992-02-15,France,DF,CB,,,"['2023', '2024']",5.0,6.0,112.0,nwsl,nwsl
gpMOzoKnQz,Gemma Bonner,1991-07-13,England,DF,CB,,,"['2021', '2022']",5.0,9.0,,nwsl,nwsl
gpMOzomrQz,Jade Moore,1990-10-22,England,MF,DM,,,2021,5.0,5.0,,nwsl,nwsl
jYQJ17DdqG,Rosella Ayane,1996-03-16,Morocco,FW,ST,,,2024,5.0,11.0,132.0,nwsl,nwsl
jYQJ1ajVqG,Tobin Heath,1988-05-29,USA,MF,W,,,"['2016', '2017', '2018', '2019', '2022']",5.0,6.0,130.0,nwsl,nwsl
jYQJ1g8dqG,Ali Riley,1987-10-30,New Zealand,DF,FB,,,"['2021', '2022', '2023', '2024', '2025']",5.0,5.0,119.0,nwsl,nwsl
jYQJYxgdqG,Evan O'Steen,,USA,,,,,{},,,,nwsl,nwsl
jYQJZBEPQG,Kiley Dulaney,,USA,DF,FB,,,2025,,,,nwsl,nwsl
jYQJZa3BQG,Heather MacNab,2001-09-09,USA,MF,AM,,DM,2025,5.0,10.0,,nwsl,nwsl
jYQJZdOGQG,Cassandra Bogere,2005-06-25,Norway,MF,DM,,,2026,,,,nwsl,nwsl
jYQJa0vBqG,Ellie Bravo-Young,2001-12-14,USA,DF,FB,,,"['2024', '2025', '2026']",,,,nwsl,nwsl
jYQJaBrVqG,Claudia Zornoza,1990-10-20,Spain,MF,DM,,,"['2024', '2025']",5.0,5.0,126.0,nwsl,nwsl
jYQJaJydqG,Taylor Porter,1997-10-29,USA,MF,DM,,,"['2021', '2022', '2023']",,,,nwsl,nwsl
jYQJaJzDqG,Lainey Burdett,1996-12-22,USA,GK,GK,,,2019,5.0,10.0,,nwsl,nwsl
jYQJaLkPqG,Mia Justus,2002-09-03,USA,GK,GK,,,"['2025', '2026']",5.0,9.0,,nwsl,nwsl
jYQJabREqG,Konya Plummer,1997-08-02,Jamaica,DF,CB,,,"['2020', '2021']",5.0,8.0,130.0,nwsl,nwsl
jYQJakyZqG,Carina Lageyre,2003-11-01,USA,MF,DM,,CM,2026,5.0,7.0,,nwsl,nwsl
jYQJavePqG,Madison Hammond,1997-11-15,USA,MF,DM,,,"['2020', '2021', '2022', '2023', '2024', '2025', '2026']",5.0,8.0,,nwsl,nwsl
jYQJaw3kqG,Jaye Boissiere,1996-02-16,USA,MF,CM,,,2020,5.0,2.0,,nwsl,nwsl
jYQJg0EdMG,Elyse Bennett,1999-08-10,USA,FW,ST,,,"['2022', '2023', '2024']",,,,nwsl,nwsl
jYQJg0lEMG,Gabby Provenzano,1999-08-07,USA,DF,CB,,,"['2022', '2023']",,,,nwsl,nwsl
jYQJgGXWMG,Olivia Van Der Jagt,1999-07-07,,MF,DM,,,"['2022', '2023', '2024', '2025']",,,,nwsl,nwsl
jYQJgnxGMG,Ana Maria Guzman,2005-06-11,Colombia,DF,FB,MF,W,2025,5.0,4.0,117.0,nwsl,nwsl
jYQJz0WVQG,Madeline Nolf,1996-03-29,USA,DF,FB,,,"['2019', '2020', '2021', '2022']",5.0,3.0,,nwsl,nwsl
jYQJz0XZQG,Jun Endo,2000-05-24,Japan,MF,W,,,"['2022', '2023', '2025', '2026']",5.0,5.0,,nwsl,nwsl
jYQJz1mZQG,Britt Eckerstrom,1993-05-28,USA,GK,GK,,,"['2016', '2018', '2019', '2020']",5.0,8.0,135.0,nwsl,nwsl
jYQJzWeyQG,Reiss,1999-12-09,Brazil,MF,W,,,"['2022', '2023']",5.0,6.0,,nwsl,nwsl
jYQJzkYyQG,Rebekah Roller,1991-12-16,USA,,,,,{},,,,nwsl,nwsl
jYQJzkdZQG,Shade Pratt,1993-04-02,USA,MF,W,,,2016,5.0,7.0,,nwsl,nwsl
jYQJzkgyQG,Elise Kreighoff,1993-11-18,USA,FW,ST,,,2016,,,,nwsl,nwsl
jYQJzwXyQG,Maitane López,1995-03-13,Spain,MF,DM,,,"['2023', '2024', '2025', '2026']",5.0,9.0,135.0,nwsl,nwsl
jYQJzzGkQG,Kenza Dali,1991-07-31,France,MF,DM,,,"['2025', '2026']",5.0,5.0,135.0,nwsl,nwsl
kRQa204jMK,Mallory Eubanks,1996-06-04,USA,DF,FB,,,2018,5.0,4.0,,nwsl,nwsl
kRQa264bMK,Sofia Huerta,1992-12-14,USA,DF,FB,,,"['2016', '2017', '2018', '2019', '2020', '2021', '2022', '2023', '2024', '2025', '2026']",5.0,7.0,,nwsl,nwsl
kRQa2DZbMK,Arianna Romero,1992-07-29,Mexico,DF,FB,,,"['2019', '2020']",5.0,3.0,,nwsl,nwsl
kRQa2Z3kMK,Leah Lynn Gabriela Fortune,1990-12-13,Brazil,DF,FB,,,2016,5.0,7.0,,nwsl,nwsl
kRQa2mDgMK,Leila,1993-03-22,Spain,DF,FB,,,2026,5.0,7.0,128.0,nwsl,nwsl
kRQa2mVoMK,Kirsten Davis,1998-09-08,USA,FW,ST,,,"['2022', '2023']",,,,nwsl,nwsl
kRQa2wDkMK,Rose Lavelle,1995-05-14,USA,MF,CM,,,"['2017', '2018', '2019', '2020', '2021', '2022', '2023', '2024', '2025', '2026']",5.0,4.0,,nwsl,nwsl
kRQaP0kjqK,Keeley Dockter,2002-10-30,USA,,,,,{},,,,nwsl,nwsl
kRQaP2oOqK,Macey Hodge,2001-05-04,USA,MF,DM,,,"['2025', '2026']",,,,nwsl,nwsl
kRQaP3eLqK,Lauren Gogal,,USA,,,,,{},,,,nwsl,nwsl
kRQaP9XOqK,Sophia Lowenberg,2004-05-17,USA,DF,CB,,,2026,5.0,7.0,,nwsl,nwsl
kRQaWLVO5K,Luisa Agudelo,2007-03-27,Colombia,GK,GK,,,2026,5.0,7.0,161.0,nwsl,nwsl
kRQaWLbk5K,Amanda Kowalski,1998-09-01,USA,DF,CB,,,"['2022', '2023']",,,,nwsl,nwsl
kRQabWebMK,Erin McLeod,1983-02-26,Canada,GK,GK,,,"['2021', '2022']",5.0,9.0,161.0,nwsl,nwsl
kRQabk1gMK,Alanna Kennedy,1995-01-21,Australia,MF,DM,DF,CB,"['2016', '2017', '2018', '2019', '2025']",5.0,9.0,139.0,nwsl,nwsl
kRQaboLgMK,Nadine Angerer,1978-11-10,Germany,,,,,{},5.0,9.0,157.0,nwsl,nwsl
kRQabok8MK,Ali Krieger,1984-07-28,USA,DF,CB,,,"['2016', '2017', '2018', '2019', '2020', '2021', '2022', '2023']",5.0,6.0,132.0,nwsl,nwsl
kRQao0715K,Simone Jackson,2003-01-28,USA,MF,W,,,"['2025', '2026']",5.0,4.0,,nwsl,nwsl
kRQao0ym5K,Ruby Hladek,2003-01-05,USA,DF,FB,,,2026,,,,nwsl,nwsl
kRQao2bk5K,Esther González,1992-12-08,Spain,FW,ST,,,"['2023', '2024', '2025', '2026']",5.0,5.0,121.0,nwsl,nwsl
kRQaoe9O5K,Natalia Staude,2001-04-30,USA,DF,CB,,,"['2025', '2026']",5.0,7.0,,nwsl,nwsl
kRQaogAk5K,Joanna Boyles,1995-11-13,USA,MF,DM,,,2019,,,,nwsl,nwsl
kRQaozyb5K,Haley Hopkins,1998-12-21,USA,MF,W,FW,ST,"['2023', '2024', '2025', '2026']",,,,nwsl,nwsl
kRQaw2Nb5K,Favour Emmanuel,2002-09-07,Nigeria,MF,DM,,,2025,,,,nwsl,nwsl
kRQawVk85K,Madeline Dahlien,2004-07-25,USA,MF,W,,,"['2025', '2026']",5.0,9.0,,nwsl,nwsl
kRQawd8O5K,Erin McKinney,2000-05-29,USA,,,,,{},,,,nwsl,nwsl
ljqE227oQx,Zoe Clark,1995-02-10,USA,DF,CB,,,2018,,,,nwsl,nwsl
ljqE241EQx,Angelina,2000-01-26,Brazil,MF,DM,,CM,"['2021', '2022', '2023', '2024', '2025', '2026']",5.0,3.0,,nwsl,nwsl
ljqE2KEkQx,Kelsey Wys,1991-02-04,USA,GK,GK,,,"['2016', '2018']",5.0,10.0,,nwsl,nwsl
ljqE2N7AQx,Haley Kopmeyer,1990-06-28,USA,GK,GK,,,"['2016', '2017', '2018', '2019']",5.0,11.0,,nwsl,nwsl
ljqE2OzVQx,Christina Burkenroad,1993-07-12,USA,MF,W,FW,W,"['2016', '2017']",5.0,10.0,,nwsl,nwsl
ljqE2r4oQx,Casey Murphy,1996-04-25,USA,GK,GK,,,"['2019', '2020', '2021', '2022', '2023', '2024', '2025', '2026']",6.0,1.0,159.0,nwsl,nwsl
ljqE2rB4Qx,Cece Delzer,1997-08-07,USA,FW,ST,,,"['2019', '2020', '2021', '2022', '2023', '2024', '2025', '2026']",5.0,7.0,128.0,nwsl,nwsl
ljqEJKkoQx,Alba Caño,2003-09-30,Spain,MF,CM,,,2026,5.0,5.0,126.0,nwsl,nwsl
ljqEJe3YQx,Kennedy Fuller,2007-03-09,USA,MF,AM,,,"['2024', '2025', '2026']",5.0,5.0,,nwsl,nwsl
ljqEJjAAQx,Brittany Isenhour,1997-09-22,USA,GK,GK,,,"['2020', '2023']",5.0,8.0,,nwsl,nwsl
ljqEJoXwQx,Morgan Goff,,USA,DF,FB,,,2022,,,,nwsl,nwsl
ljqEJrRoQx,Naomi Powell,1999-01-10,USA,,,,,{},,,,nwsl,nwsl
ljqELLPE5x,Aleigh Gambone,2000-10-09,USA,MF,CM,,,2026,5.0,3.0,,nwsl,nwsl
ljqELZdo5x,Maximiliane Rall,1993-11-18,Germany,DF,FB,,,2024,5.0,11.0,157.0,nwsl,nwsl
ljqELdLY5x,Dayana Louis,2003-09-24,Haiti,MF,DM,,,2026,5.0,10.0,130.0,nwsl,nwsl
ljqELeEw5x,Katie McClure,1998-03-14,USA,MF,W,FW,W,"['2020', '2021']",5.0,4.0,,nwsl,nwsl
ljqELxnA5x,Anouk Denton,2003-05-09,England,DF,FB,,,2026,,,,nwsl,nwsl
ljqEj9aNQx,Erin Nayler,1992-04-17,New Zealand,,,,,{},5.0,9.0,137.0,nwsl,nwsl
ljqEjLeoQx,Heather O'Reilly,1985-01-02,USA,DF,FB,,,"['2016', '2018', '2019']",5.0,5.0,,nwsl,nwsl
odMX1GP05Y,Tyler McCamey,,USA,,,,,{},,,,nwsl,nwsl
odMX1PeA5Y,Liz Beardsley,2003-04-23,USA,,,,,{},5.0,8.0,,nwsl,nwsl
odMX7KP2QY,Olivia Pena,2003-01-07,USA,,,,,{},,,,nwsl,nwsl
odMX7LnxQY,Michelle Cooper,2002-12-04,USA,MF,W,,,"['2023', '2024', '2025', '2026']",5.0,3.0,,nwsl,nwsl
odMX7PBGQY,Izzy D'Aquila,2001-09-08,USA,FW,ST,,,"['2023', '2024']",5.0,7.0,,nwsl,nwsl
odMX7W4JQY,Amanda Visco,1997-10-20,USA,,,,,{},,,,nwsl,nwsl
odMX7XNGQY,Sierra Enge,2000-02-23,USA,MF,DM,DF,CB,"['2023', '2024']",,,,nwsl,nwsl
odMX7YDxQY,Carrie Lawrence,1997-07-15,USA,DF,CB,,FB,"['2020', '2022', '2024']",5.0,7.0,,nwsl,nwsl
odMX7YJWQY,Sydney Jones,2002-10-24,USA,MF,W,,,2025,,,,nwsl,nwsl
odMX7YOJQY,Savannah King,2005-02-07,USA,DF,FB,,CB,"['2024', '2025', '2026']",5.0,6.0,,nwsl,nwsl
odMX7nbxQY,Julia Lester,1998-01-16,USA,DF,CB,,,"['2022', '2023', '2024']",,,,nwsl,nwsl
odMX7rK2QY,Evelina Duljan,2003-05-12,Sweden,MF,W,,,"['2024', '2025']",5.0,3.0,,nwsl,nwsl
odMX8EJoMY,Christine Sinclair,1983-06-12,Canada,FW,ST,MF,AM,"['2016', '2017', '2018', '2019', '2020', '2021', '2022', '2023', '2024']",5.0,9.0,148.0,nwsl,nwsl
odMX8ElWMY,Bia Zaneratto,1993-12-17,Brazil,FW,ST,,,"['2024', '2025']",5.0,9.0,,nwsl,nwsl
odMX8w7GMY,Jodie Taylor,1986-05-17,England,FW,ST,,,"['2018', '2019', '2020', '2021', '2022']",5.0,6.0,,nwsl,nwsl
odMXEOJx5Y,Jackie Altschuld,,,MF,W,,,2022,,,,nwsl,nwsl
odMXGp9oQY,Olivia Griffitts,2001-08-02,USA,DF,FB,,,2024,,,,nwsl,nwsl
odMXGw2oQY,Kayla Fischer,2000-01-05,USA,FW,ST,,,"['2023', '2024', '2025', '2026']",,,,nwsl,nwsl
odMXGzY0QY,Emmie Allen,2002-10-25,USA,GK,GK,,,"['2025', '2026']",,,,nwsl,nwsl
odMXR1wrqY,Taylor Lytle,1989-03-31,USA,MF,W,,,"['2016', '2017', '2018', '2020']",5.0,2.0,,nwsl,nwsl
odMXRA4aqY,Rocky Rodríguez,1993-10-28,Costa Rica,MF,CM,,DM,"['2016', '2017', '2018', '2019', '2020', '2021', '2022', '2023', '2024', '2025', '2026']",5.0,6.0,,nwsl,nwsl
odMXRX2eqY,Tiffany Weimer,1983-12-05,USA,MF,W,,,"['2016', '2017', '2018']",,,,nwsl,nwsl
odMXRX7WqY,Eunice Beckmann,1992-02-08,Germany,MF,W,FW,ST,2016,5.0,6.0,,nwsl,nwsl
odMXRZOaqY,Christine Nairn,1990-09-25,USA,MF,CM,,,"['2016', '2017', '2018', '2019', '2020', '2021']",5.0,6.0,146.0,nwsl,nwsl
odMXRl80qY,Uchenna Kanu,1997-06-20,Nigeria,MF,W,FW,ST,"['2023', '2024', '2025']",5.0,9.0,,nwsl,nwsl
odMXRp8AqY,Lizbeth Ovalle,1999-10-19,Mexico,MF,W,,,"['2025', '2026']",5.0,4.0,121.0,nwsl,nwsl
p6qb3mNBQ0,Mackenzie Rath,2001-03-01,USA,,,,,{},,,,nwsl,nwsl
p6qbOPR3Q0,Miriael Taylor,2000-02-02,England,MF,W,FW,ST,2022,,,,nwsl,nwsl
p6qbOPx8Q0,Beverly Yanez,1988-07-19,USA,FW,ST,,,"['2016', '2017', '2018', '2019']",5.0,8.0,141.0,nwsl,nwsl
p6qbOW6BQ0,Nuria Rabano,1999-06-15,Spain,DF,FB,,,"['2025', '2026']",5.0,5.0,,nwsl,nwsl
p6qbOWW4Q0,Rikke Marie Madsen,1997-08-09,Denmark,FW,ST,,,"['2022', '2023']",,,,nwsl,nwsl
p6qbOmZBQ0,Isabella Briede,1998-10-03,USA,MF,CM,,DM,"['2022', '2023', '2024']",,,,nwsl,nwsl
p6qbOp1XQ0,Saori Takarada,1999-12-27,Japan,DF,CB,,FB,2021,5.0,6.0,,nwsl,nwsl
p6qbOp4wQ0,Devon Kerr,1997-07-03,Canada,GK,GK,,,2022,5.0,11.0,,nwsl,nwsl
p6qbOv36Q0,Courtney Raetzman,1994-04-09,USA,MF,W,FW,ST,2016,,,,nwsl,nwsl
p6qbOvZXQ0,Sarah Hagen,1989-11-18,USA,FW,ST,,,"['2016', '2017']",5.0,11.0,,nwsl,nwsl
p6qbRV43q0,Meghan Cox,1994-11-15,USA,DF,FB,,,"['2017', '2019']",,,,nwsl,nwsl
p6qbegX350,Abby Erceg,1989-11-20,New Zealand,DF,CB,,,"['2016', '2017', '2018', '2019', '2020', '2021', '2022', '2023', '2024']",5.0,10.0,150.0,nwsl,nwsl
p6qbgVxaQ0,Alexandra Pfeiffer,2007-11-26,USA,MF,W,,,"['2024', '2025', '2026']",5.0,6.0,115.0,nwsl,nwsl
p6qbo708Q0,Jennifer Cudjoe,1994-03-07,Ghana,MF,DM,,CM,"['2020', '2021', '2022']",5.0,6.0,,nwsl,nwsl
p6qboBNbQ0,Leilanni Nesbeth,2001-07-17,Bermuda,MF,DM,,,"['2024', '2025', '2026']",5.0,4.0,,nwsl,nwsl
p6qboEVwQ0,Alyssa Thompson,2004-11-07,USA,MF,W,FW,W,"['2023', '2024', '2025']",5.0,4.0,,nwsl,nwsl
p6qboPe4Q0,Tara Rudd,1999-07-02,USA,DF,CB,,,"['2021', '2022', '2023', '2024', '2025', '2026']",5.0,7.0,,nwsl,nwsl
p6qboRkaQ0,Diana Ordoñez,2001-09-26,USA,FW,ST,,,"['2022', '2023', '2024', '2025']",5.0,11.0,,nwsl,nwsl
p6qboZk4Q0,Yazmeen Ryan,1999-02-25,USA,MF,W,,,"['2021', '2022', '2023', '2024', '2025', '2026']",,,,nwsl,nwsl
p6qbolY6Q0,Carlin Hudson,1996-11-01,USA,MF,W,DF,FB,2019,5.0,9.0,,nwsl,nwsl
p6qbooA6Q0,Claudia Dickey,2000-01-06,USA,GK,GK,,,"['2023', '2024', '2025', '2026']",,,,nwsl,nwsl
p6qbopzbQ0,Andrea Kitahata,2003-01-01,USA,DF,FB,,,2026,5.0,7.0,,nwsl,nwsl
p6qborY8Q0,Janni Thomsen,2000-02-16,Denmark,DF,FB,,,"['2025', '2026']",5.0,7.0,130.0,nwsl,nwsl
p6qbovG4Q0,Shea Connors,1996-04-12,USA,MF,W,,CM,2023,5.0,3.0,,nwsl,nwsl
p6qboyg4Q0,Amelia Van Zanten,2005-01-25,Jamaica,DF,FB,,,2026,5.0,5.0,,nwsl,nwsl
raMyA2pJMd,Andressinha,1995-05-01,Brazil,MF,CM,,,"['2016', '2017', '2018', '2019']",5.0,3.0,132.0,nwsl,nwsl
raMyAD22Md,Jenna Nighswonger,2000-11-28,USA,DF,FB,,,"['2023', '2024']",,,,nwsl,nwsl
raMyADblMd,Caroline Kastor,1991-10-12,USA,MF,W,FW,ST,2016,5.0,3.0,,nwsl,nwsl
raMyADzlMd,Estelle Johnson,1988-07-21,Cameroon,DF,CB,,,"['2016', '2017', '2018', '2019', '2020', '2021', '2022']",5.0,6.0,,nwsl,nwsl
raMyAGadMd,Mariah Lee,1996-06-30,USA,MF,W,,,2020,5.0,4.0,,nwsl,nwsl
raMyAWkkMd,Marleen Schimmer,2000-10-23,Germany,MF,W,,,2022,,,,nwsl,nwsl
raMyAZpRMd,Sam Mewis,1992-10-09,USA,MF,DM,,CM,"['2016', '2017', '2018', '2019', '2020', '2021', '2022']",5.0,11.0,,nwsl,nwsl
raMyZeL25d,Sarah Bouhaddi,1986-10-17,France,GK,GK,,,2021,5.0,9.0,150.0,nwsl,nwsl
raMyZezO5d,Rafaelle,1991-06-18,Brazil,DF,CB,,,"['2023', '2024', '2025', '2026']",5.0,9.0,150.0,nwsl,nwsl
raMye1zOMd,Audrey Harding,1998-07-14,USA,FW,ST,,,2022,5.0,10.0,,nwsl,nwsl
raMye2J2Md,Clarissa Laris­ey,1999-07-02,Canada,FW,ST,,,"['2025', '2026']",5.0,4.0,,nwsl,nwsl
raMyeDeRMd,Aline,2005-07-07,Brazil,MF,W,FW,W,"['2024', '2025']",5.0,6.0,123.0,nwsl,nwsl
raMyeNnAMd,Valerín Loboa,2007-07-03,Colombia,FW,ST,,,"['2025', '2026']",5.0,9.0,139.0,nwsl,nwsl
raMyeZEOMd,Dani Rhodes,,USA,MF,W,FW,W,2020,,,,nwsl,nwsl
raMyo8K2qd,Cameron Brooks,2000-04-17,USA,DF,FB,,,2026,5.0,9.0,159.0,nwsl,nwsl
raMyoRbNqd,Savannah Madden,1999-02-02,USA,,,,,{},5.0,7.0,,nwsl,nwsl
raMyoWzJqd,Lourdes Bosch,2001-08-17,Mexico,,,,,{},,,,nwsl,nwsl
raMyodEBqd,Chai Cortez,1998-07-18,USA,DF,FB,,,2023,5.0,3.0,,nwsl,nwsl
raMyr3GJ5d,Deneisha Blackwood,1997-03-07,Jamaica,FW,W,,,"['2020', '2021']",5.0,7.0,,nwsl,nwsl
raMyrDnl5d,Kolo Suliafu,2003-12-08,USA,DF,FB,,,2026,,,,nwsl,nwsl
raMyrEvk5d,Victoria Haugen,2002-05-01,Norway,,,,,{},,,,nwsl,nwsl
vzqo77B7qa,Shawna Gordon,1990-01-18,Australia,MF,CM,,,2016,,,,nwsl,nwsl
vzqo77Wvqa,Chloe Logarzo,1994-12-22,Australia,MF,CM,,,"['2019', '2021']",5.0,5.0,112.0,nwsl,nwsl
vzqo79YBqa,Chioma Ubogagu,1992-09-10,England,MF,W,,,"['2016', '2017', '2018', '2019']",5.0,7.0,137.0,nwsl,nwsl
vzqo7AR7qa,Christina Gibbons,1994-12-30,USA,DF,FB,,,"['2017', '2018']",5.0,6.0,,nwsl,nwsl
vzqo7EeNqa,Laurel Ivory,1999-08-28,USA,GK,GK,,,"['2023', '2024', '2025']",5.0,9.0,,nwsl,nwsl
vzqo7EgYqa,Kelcie Hedge,1997-09-19,USA,MF,DM,,CM,"['2021', '2022', '2023']",5.0,7.0,,nwsl,nwsl
vzqo7EvNqa,Abigail Kim,1999-07-19,USA,MF,W,,,"['2021', '2022']",5.0,7.0,,nwsl,nwsl
vzqo7eL7qa,Mônica,1987-04-21,Brazil,DF,CB,,,"['2016', '2017', '2018']",5.0,8.0,141.0,nwsl,nwsl
vzqo7gGZqa,Kaleigh Riehl,1996-10-21,USA,DF,CB,,,"['2020', '2021', '2022', '2023', '2024', '2025', '2026']",5.0,8.0,,nwsl,nwsl
vzqo7mKvqa,Kristen Edmonds,1987-05-22,USA,DF,FB,,,"['2016', '2017', '2018', '2019', '2020', '2021', '2022', '2023']",5.0,5.0,,nwsl,nwsl
vzqo7obNqa,Erica Skroski,1994-02-14,USA,DF,FB,,CB,"['2016', '2017', '2018', '2019', '2020', '2021']",5.0,6.0,,nwsl,nwsl
vzqo7oxNqa,Haley Carter,1984-06-21,USA,,,,,{},,,,nwsl,nwsl
vzqo7ozZqa,Lindsay Agnew,1995-03-31,Canada,DF,FB,,,"['2017', '2018', '2019', '2020', '2021']",5.0,9.0,,nwsl,nwsl
vzqo7r17qa,Sarah Woldmoe,1992-07-27,USA,MF,DM,,CM,"['2016', '2017', '2018', '2019', '2020', '2021']",5.0,8.0,,nwsl,nwsl
vzqoGXx7qa,Madison Tiernan,1995-07-03,USA,MF,W,,,"['2017', '2018']",5.0,4.0,,nwsl,nwsl
vzqoGXxZqa,Julia Spetsmark,1989-06-30,Sweden,FW,ST,,,2019,5.0,5.0,,nwsl,nwsl
vzqoJ2EJ5a,Rosemonde Kouassi,2001-12-26,Ivory Coast,MF,W,,,"['2024', '2025', '2026']",,,,nwsl,nwsl
vzqoJ2X75a,Nicolette Hernández,1999-02-17,Mexico,DF,FB,,,2026,5.0,8.0,152.0,nwsl,nwsl
vzqoJE2B5a,Samantha Fisher,1999-08-26,USA,MF,CM,,,"['2022', '2023']",,,,nwsl,nwsl
vzqoJKnv5a,Mikayla Cluff,1999-02-25,USA,MF,DM,,,"['2022', '2023', '2024', '2025']",5.0,8.0,,nwsl,nwsl
vzqoJR8J5a,Kayla Bruster,,USA,,,,,{},,,,nwsl,nwsl
vzqoJRLZ5a,Megan Reid,1996-07-08,USA,DF,CB,,,"['2022', '2023', '2024', '2025', '2026']",,,,nwsl,nwsl
vzqoJZgJ5a,Allie Hess,,USA,FW,ST,,,2021,,,,nwsl,nwsl
vzqoJxXJ5a,Addie McCain,,USA,MF,AM,,,"['2021', '2022', '2023']",,,,nwsl,nwsl
vzqoOLGYqa,Jordan Silkowitz,2000-03-27,USA,GK,GK,,,"['2025', '2026']",,,,nwsl,nwsl
vzqoOewjqa,Solai Washington,2005-10-01,Jamaica,MF,W,,,2026,5.0,6.0,,nwsl,nwsl
vzqoOk8kqa,Trinity Armstrong,2007-07-25,USA,DF,CB,,,"['2025', '2026']",5.0,6.0,143.0,nwsl,nwsl
vzqod1ABQa,Becca Ritchie,,USA,,,,,{},,,,nwsl,nwsl
vzqod4GpQa,Grace Cutler,1997-02-18,USA,,,,,{},,,,nwsl,nwsl
vzqodLvBQa,Ally Schlegel,2000-02-07,USA,FW,ST,,,"['2023', '2024', '2025', '2026']",5.0,7.0,,nwsl,nwsl
vzqodp0ZQa,Marissa Sheva,1997-04-22,USA,MF,CM,,,"['2022', '2023', '2024']",5.0,3.0,,nwsl,nwsl
vzqodp0kQa,Cassie Rohan,1998-02-28,USA,MF,CM,,,2020,5.0,6.0,,nwsl,nwsl
vzqodvZjQa,Shinomi Koyama,2005-01-31,Japan,MF,DM,,,"['2025', '2026']",5.0,3.0,,nwsl,nwsl
vzqodxaBQa,Sarah Teegarden,1995-04-21,USA,,,,,{},5.0,7.0,,nwsl,nwsl
vzqodxdNQa,Frannie Crouse,1995-09-21,USA,MF,W,,,2018,5.0,7.0,,nwsl,nwsl
vzqodxkjQa,Dorian Bailey,1997-01-28,USA,MF,CM,,,"['2019', '2020', '2021', '2022', '2023', '2024', '2025', '2026']",5.0,3.0,,nwsl,nwsl
vzqoeGovMa,Maddy Anderson,2002-02-22,USA,,,,,{},5.0,8.0,,nwsl,nwsl
wvq9X6dN5W,Makamae Gomera-Stevens,,USA,FW,W,,,"['2021', '2022']",5.0,5.0,,nwsl,nwsl
wvq9XJBZ5W,Sophie Braun,2000-01-26,Argentina,,,,,{},5.0,7.0,132.0,nwsl,nwsl
wvq9Xbxl5W,Alia Martin,1998-06-09,USA,,,,,{},,,,nwsl,nwsl
wvq9Xp2m5W,Jaci Jones,1997-10-06,USA,,,,,{},,,,nwsl,nwsl
wvq9XzX35W,Prisca Chilufya,1999-06-08,Zambia,FW,ST,MF,W,"['2025', '2026']",5.0,7.0,,nwsl,nwsl
wvq9eD6BqW,Haleigh Stackpole,2000-08-04,USA,,,,,{},,,,nwsl,nwsl
wvq9eDr7qW,Sinclaire Miramontez,1998-04-11,USA,DF,FB,,,"['2020', '2021', '2022']",,,,nwsl,nwsl
wvq9ebvmqW,Kenie Wright,1997-08-14,USA,DF,FB,,,2019,5.0,3.0,,nwsl,nwsl
wvq9edaZqW,Michaela Abam,1997-06-12,Cameroon,FW,ST,,,"['2018', '2021', '2022']",5.0,7.0,,nwsl,nwsl
wvq9edeNqW,Elizabeth Ball,1995-10-20,USA,DF,CB,,,"['2018', '2019', '2020', '2021', '2022', '2023', '2024', '2025', '2026']",5.0,6.0,,nwsl,nwsl
wvq9g8gBMW,Daphne Corboz,1993-06-14,France,MF,CM,,W,2017,5.0,2.0,,nwsl,nwsl
wvq9gBJ7MW,Jessica McDonald,1988-02-28,USA,FW,ST,,,"['2016', '2017', '2018', '2019', '2020', '2021', '2022', '2023']",6.0,0.0,,nwsl,nwsl
wvq9gKE7MW,Merritt Mathias,1990-07-02,USA,DF,FB,,,"['2016', '2017', '2018', '2019', '2021', '2022', '2024']",5.0,6.0,,nwsl,nwsl
wvq9gN17MW,Katie Lampson,1992-02-29,USA,FW,ST,,,"['2016', '2017', '2018', '2019', '2020', '2021', '2023', '2024', '2025', '2026']",5.0,9.0,,nwsl,nwsl
wvq9gZ8YMW,Shae Holmes,2000-03-08,USA,DF,FB,,CB,"['2023', '2024', '2025', '2026']",,,,nwsl,nwsl
wvq9gZYNMW,Erin Simon,1994-08-19,USA,DF,FB,,,"['2016', '2017', '2020', '2021', '2022']",5.0,5.0,,nwsl,nwsl
wvq9gZdNMW,Caity Heap,1994-08-10,USA,MF,CM,,,"['2016', '2017']",,,,nwsl,nwsl
wvq9ggjBMW,Sarah Puntigam,1992-10-13,Austria,MF,CM,,DM,"['2023', '2024', '2025', '2026']",5.0,8.0,,nwsl,nwsl
wvq9gl37MW,Marley Canales,1997-11-16,USA,MF,DM,,,"['2022', '2023']",,,,nwsl,nwsl
wvq9goBNMW,Civana Kuhlmann,1999-04-14,USA,FW,ST,,,2023,5.0,6.0,,nwsl,nwsl
wvq9gol1MW,Ellie Jean,1997-01-31,USA,DF,CB,,,"['2022', '2023', '2024', '2025', '2026']",,,,nwsl,nwsl
wvq9jJ31QW,Gabrielle Robinson,2001-06-18,USA,DF,CB,,,"['2023', '2024', '2025', '2026']",,,,nwsl,nwsl
wvq9jZpZQW,Lauryn Thompson,2007-11-04,England,MF,W,,,2026,5.0,6.0,130.0,nwsl,nwsl
wvq9p8815W,Christen Press,1988-12-29,USA,FW,ST,,,"['2016', '2017', '2018', '2019', '2022', '2024', '2025']",5.0,7.0,130.0,nwsl,nwsl
wvq9penZ5W,Dzsenifer Marozsán,1992-04-18,Germany,FW,ST,MF,CM,2021,5.0,8.0,150.0,nwsl,nwsl
xW5p702YMg,Leah Klenke,2004-06-21,USA,DF,CB,,FB,2026,,,,nwsl,nwsl
xW5p7VKJMg,Eva Gaetino,2002-12-17,USA,DF,CB,,,2026,,,,nwsl,nwsl
xW5pYda0qg,Moira Kelley,,USA,,,,,{},,,,nwsl,nwsl
xW5pr0w0Qg,Rebeca Bernal,1997-08-31,Mexico,MF,DM,DF,CB,"['2025', '2026']",5.0,6.0,,nwsl,nwsl
xW5pr7ZRQg,Rachel Hill,1995-04-17,USA,MF,W,,,"['2017', '2018', '2019', '2020', '2021', '2022', '2023', '2024', '2025', '2026']",5.0,5.0,,nwsl,nwsl
xW5prBAJQg,Cortnee Vine,1998-04-09,Australia,FW,ST,,,"['2024', '2025', '2026']",5.0,5.0,139.0,nwsl,nwsl
xW5prJ0JQg,Perle Morroni,1997-10-15,France,DF,FB,,,"['2024', '2025', '2026']",5.0,2.0,115.0,nwsl,nwsl
xW5prReRQg,McKenzie Berryhill,1993-03-24,USA,DF,CB,,FB,"['2016', '2019']",5.0,9.0,,nwsl,nwsl
xW5prWVJQg,Anna Moorhouse,1995-03-30,England,GK,GK,,,"['2022', '2023', '2024', '2025', '2026']",,,,nwsl,nwsl
xW5prYLGQg,Lauren Barnes,1989-05-31,USA,DF,CB,,FB,"['2016', '2017', '2018', '2019', '2020', '2021', '2022', '2023', '2024', '2025']",5.0,5.0,,nwsl,nwsl
xW5prbxKQg,Reyna Reyes,2001-02-16,Mexico,DF,FB,,,"['2023', '2024', '2025', '2026']",5.0,7.0,,nwsl,nwsl
xW5prm0dQg,Kerry Abello,1999-09-17,USA,DF,FB,,,"['2022', '2023', '2024', '2025', '2026']",,,,nwsl,nwsl
xW5prreYQg,Arielle Ship,1995-05-02,USA,FW,ST,,,"['2017', '2018', '2019', '2020']",5.0,7.0,,nwsl,nwsl
xW5pw0pBMg,Noelle Higginson,1997-12-07,USA,,,,,{},5.0,8.0,,nwsl,nwsl
xW5pwm2GMg,Fauzia Najjemba,2003-10-07,Uganda,MF,W,FW,W,2026,5.0,5.0,135.0,nwsl,nwsl
xW5pwpkJMg,Allison Whitfield,1998-08-10,USA,,,,,{},5.0,10.0,,nwsl,nwsl
xW5pxw695g,Eugénie Le Sommer,1989-05-18,France,FW,W,,,2021,5.0,3.0,128.0,nwsl,nwsl
xW5pyJ9Rqg,Leah Pruitt,1997-09-05,USA,FW,ST,,,"['2019', '2020', '2021', '2022']",5.0,8.0,,nwsl,nwsl
zeQZ188zqK,Natalie Bain,2003-12-29,USA,DF,FB,,,2026,5.0,10.0,,nwsl,nwsl
zeQZ71BxMK,Kendall Fletcher,1984-11-06,Australia,DF,CB,,,"['2016', '2021']",,,,nwsl,nwsl
zeQZ7KmKMK,Jaycie Johnson,1995-04-18,USA,MF,W,FW,ST,"['2018', '2019', '2021', '2022']",5.0,6.0,,nwsl,nwsl
zeQZ7Y8jMK,Dani Weatherholt,1994-03-17,USA,MF,DM,,CM,"['2016', '2017', '2018', '2019', '2020', '2021', '2022', '2023', '2024', '2025', '2026']",5.0,8.0,,nwsl,nwsl
zeQZ7ZYDMK,Halimatu Ayinde,1995-05-16,Nigeria,FW,ST,,,2016,5.0,5.0,,nwsl,nwsl
zeQZ7kAYMK,McKenzie Meehan,1994-12-25,USA,FW,ST,,,"['2017', '2018', '2019', '2020']",5.0,5.0,,nwsl,nwsl
zeQZ7x0xMK,Yuka Momiki,1996-04-09,Japan,MF,W,,,"['2020', '2021']",5.0,0.0,108.0,nwsl,nwsl
zeQZ7xZYMK,Kim Reynolds,,USA,,,,,{},,,,nwsl,nwsl
zeQZJPmZQK,Sydney Leroux,1990-05-07,USA,FW,ST,,,"['2017', '2018', '2019', '2020', '2021', '2022', '2023', '2024']",5.0,7.0,,nwsl,nwsl
zeQZJXGZQK,Becky Sauerbrunn,1985-06-06,USA,DF,CB,,,"['2016', '2017', '2018', '2019', '2020', '2021', '2022', '2023', '2024']",5.0,7.0,141.0,nwsl,nwsl
zeQZJXnKQK,Almuth Schult,1991-02-09,Germany,GK,GK,,,"['2022', '2024']",5.0,11.0,157.0,nwsl,nwsl
zeQZJXvKQK,Kim Little,1990-06-29,Scotland,MF,DM,,,"['2016', '2022']",5.0,4.0,132.0,nwsl,nwsl
zeQZJeeNQK,Laura Alleway,1989-11-28,Australia,DF,CB,,,"['2016', '2017']",5.0,10.0,159.0,nwsl,nwsl
zeQZJew1QK,Jill Loyden,1985-06-25,USA,,,,,{},5.0,10.0,,nwsl,nwsl
zeQZXA7r5K,Ary Borges,1999-12-28,Brazil,MF,CM,,DM,"['2023', '2024', '2025', '2026']",5.0,5.0,132.0,nwsl,nwsl
zeQZXEYr5K,Elaine Rouse,2002-08-31,USA,DF,FB,,,2026,5.0,7.0,,nwsl,nwsl
zeQZXkwD5K,Julia Grosso,2000-08-29,Canada,MF,CM,,,"['2024', '2025', '2026']",5.0,5.0,,nwsl,nwsl
zeQZeGBNqK,Kimmi Ascanio,2008-01-21,,MF,DM,,,"['2024', '2025', '2026']",,,,nwsl,nwsl
zeQZeYOxqK,Kate Howarth,1991-07-03,USA,FW,W,MF,AM,2020,5.0,6.0,,nwsl,nwsl
zeQZkYnxMK,Laila Harbert,2007-01-03,England,FW,W,MF,CM,2025,5.0,5.0,126.0,nwsl,nwsl
0Oq6006M6D,Ugo Ihemelu,1983-04-03,USA,,,,,{},6.0,0.0,179.0,mls,mls
0Oq60APM6D,Jason Hernandez,1983-08-26,USA,DF,CB,,,"['2013', '2014', '2015', '2016', '2017', '2018']",5.0,11.0,172.0,mls,mls
0Oq60VgM6D,Jeff Larentowicz,1983-08-05,USA,MF,DM,,CM,"['2013', '2014', '2015', '2016', '2017', '2018', '2019', '2020']",6.0,1.0,176.0,mls,mls
0Oq624oPq6,Kalani Kossa-Rienzi,2002-06-27,USA,DF,FB,,,"['2024', '2025', '2026']",5.0,8.0,150.0,mls,mls
0Oq624zdq6,Noah Streit,2005-10-11,Switzerland,FW,W,,,2026,5.0,11.0,165.0,mls,mls
0Oq62GYAq6,Oscar Herrera,2002-03-28,USA,,,,,{},,,,mls,mls
0Oq62JVPq6,Joyeux Masanka Bungi,2007-01-24,Belgium,DF,FB,,,2026,6.0,1.0,172.0,mls,mls
0Oq62Y3zq6,Isaac Walker,2000-07-03,USA,,,,,{},,,,mls,mls
0Oq630dXQ6,Kévin Cabral,1999-07-10,France,MF,W,,,"['2021', '2022', '2023', '2024', '2025']",,,,mls,mls
0Oq6320dQ6,Kai Trewin,2001-05-18,Australia,MF,DM,DF,CB,2026,,,,mls,mls
0Oq632k7Q6,Danny Leyva,2003-05-05,USA,MF,CM,,DM,"['2019', '2020', '2021', '2022', '2023', '2024', '2025']",5.0,10.0,139.0,mls,mls
0Oq633E7Q6,Abdi Salim,2001-04-01,USA,DF,CB,,,2023,,,,mls,mls
0Oq633dAQ6,Griffin Yow,2002-09-25,USA,MF,W,,,"['2019', '2020', '2021', '2022', '2026']",5.0,8.0,141.0,mls,mls
0Oq638a6Q6,Dominick Hernandez,1998-09-21,USA,,,,,{},,,,mls,mls
0Oq638wrQ6,Edward Berumen,2001-05-19,USA,,,,,{},5.0,8.0,146.0,mls,mls
0Oq639wzQ6,Nicholas Holliday,2006-01-17,USA,,,,,{},5.0,11.0,170.0,mls,mls
0Oq63D6xQ6,Anthony Ramirez,2004-10-22,USA,,,,,{},,,,mls,mls
0Oq63DL6Q6,Cody Baker,2004-01-07,USA,DF,FB,,,"['2023', '2024', '2025', '2026']",5.0,10.0,154.0,mls,mls
0Oq63JA7Q6,Wyatt Omsberg,1995-09-21,USA,DF,CB,,,"['2018', '2020', '2021', '2022', '2023', '2024', '2025']",6.0,4.0,181.0,mls,mls
0Oq63P32Q6,Nkosi Tafari,1997-03-23,USA,DF,CB,,,"['2021', '2022', '2023', '2024', '2025', '2026']",6.0,4.0,185.0,mls,mls
0Oq63Ym2Q6,Ryan Spaulding,1998-09-10,USA,DF,FB,,,"['2022', '2023', '2024']",5.0,8.0,165.0,mls,mls
0Oq63YndQ6,Onni Valakari,1999-08-18,Finland,MF,CM,,,"['2025', '2026']",6.0,2.0,168.0,mls,mls
0Oq63lbzQ6,Themi Antonoglou,2001-06-02,Canada,DF,FB,,,"['2022', '2023']",5.0,6.0,126.0,mls,mls
0Oq63n7Q6D,Eric Hassli,1981-05-03,France,FW,ST,,,2013,6.0,4.0,201.0,mls,mls
0Oq63oxzQ6,Aiden McFadden,1998-09-28,USA,DF,FB,,,2022,5.0,9.0,165.0,mls,mls
0Oq63pJdQ6,Steeven Saba,1993-02-24,Haiti,,,,,{},5.0,7.0,,mls,mls
0Oq63v4rQ6,Casey Walls,2003-01-10,USA,,,,,{},6.0,2.0,172.0,mls,mls
0Oq6712Q6D,Ashley Westwood,1990-04-01,England,MF,DM,,,"['2023', '2024', '2025', '2026']",5.0,9.0,176.0,mls,mls
0Oq67EgQ6D,Matt Besler,1987-02-11,USA,DF,CB,,,"['2013', '2014', '2015', '2016', '2017', '2018', '2019', '2020', '2021']",6.0,0.0,172.0,mls,mls
0Oq67k7Q6D,Tristan Bowen,1991-01-31,USA,FW,ST,MF,W,"['2013', '2014']",5.0,11.0,172.0,mls,mls
0Oq67xxQ6D,Brandon Barklage,1986-11-02,USA,DF,FB,,,"['2013', '2014']",5.0,11.0,165.0,mls,mls
0Oq6BKAq6D,Caleb Patterson-Sewell,1987-05-20,USA,,,,,{},6.0,3.0,183.0,mls,mls
0Oq6ENn256,Danny Musovski,1995-11-30,USA,FW,ST,,,"['2020', '2021', '2022', '2023', '2024', '2025', '2026']",6.0,0.0,161.0,mls,mls
0Oq6ERe256,Patrick Metcalfe,1998-11-11,Canada,MF,CM,,,"['2020', '2021']",5.0,8.0,165.0,mls,mls
0Oq6Ervr56,Shaft Brewer,1999-10-28,USA,DF,FB,,,"['2018', '2019']",5.0,9.0,154.0,mls,mls
0Oq6J43rq6,Sharod George,2004-05-10,USA,MF,CM,,,2025,,,,mls,mls
0Oq6JEJPq6,Colin Welsh,2003-04-12,USA,,,,,{},6.0,2.0,205.0,mls,mls
0Oq6L8EgM6,Ayoub Jabbari,2000-01-30,Morocco,FW,ST,,,"['2025', '2026']",6.0,4.0,192.0,mls,mls
0Oq6L8n2M6,Or Blorian,2000-03-07,Israel,DF,CB,,,2026,6.0,2.0,,mls,mls
0Oq6LDjxM6,Rodrigo Antonio Neri González,2005-05-12,USA,,,,,{},,,,mls,mls
0Oq6LeJ7M6,Philip Quinton,1999-11-16,USA,DF,CB,,,"['2023', '2024', '2025', '2026']",,,,mls,mls
0Oq6LgZgM6,Justin Ellis,2007-05-14,USA,FW,ST,,,"['2025', '2026']",,,,mls,mls
0Oq6LkVdM6,Axel Essengue,,USA,,,,,{},,,,mls,mls
0Oq6LmLzM6,Antonio Riquelme,2008-08-08,USA,,,,,{},,,,mls,mls
0Oq6LpK2M6,Wayne Frederick,2004-06-13,Trinidad & Tobago,MF,DM,,,"['2024', '2025', '2026']",,,,mls,mls
0Oq6LpLgM6,Gino Portella,2001-03-19,Italy,,,,,{},,,,mls,mls
0Oq6O0XQ6D,Emmanuel Ledesma,1988-05-24,Argentina,MF,W,,,2019,5.0,11.0,170.0,mls,mls
0Oq6aoX56D,Cedrick,1992-03-08,DR Congo,MF,W,,,"['2015', '2016']",5.0,6.0,137.0,mls,mls
0Oq6bAPq6D,Douglas Costa,1990-09-14,Brazil,MF,W,,,"['2022', '2023']",5.0,8.0,154.0,mls,mls
0Oq6ebd56D,Marco Pappa,1987-11-15,Guatemala,MF,W,,,"['2014', '2015', '2016']",5.0,10.0,157.0,mls,mls
0Oq6l2JzM6,Armando Cooper,1987-11-26,Panama,MF,CM,,,"['2016', '2017']",5.0,9.0,150.0,mls,mls
0Oq6l8YgM6,Romain Métanire,1990-03-28,Madagascar,DF,FB,,,"['2019', '2020', '2021', '2022']",5.0,10.0,159.0,mls,mls
0Oq6lB9PM6,Christiano François,1993-07-17,USA,,,,,{},5.0,7.0,141.0,mls,mls
0Oq6lBP2M6,Schillo Tshuma,1992-09-21,Zimbabwe,,,,,{},5.0,10.0,161.0,mls,mls
0Oq6lDAgM6,Deian Boldor,1995-02-03,Romania,DF,CB,,,2017,6.0,2.0,174.0,mls,mls
0Oq6lE7xM6,Bernardo Añor,1988-05-24,Venezuela,MF,W,,,"['2013', '2014', '2015']",6.0,1.0,179.0,mls,mls
0Oq6lJPzM6,Joe Corona,1990-07-09,USA,MF,CM,,DM,"['2019', '2020', '2021']",5.0,8.0,161.0,mls,mls
0Oq6lLZgM6,Maxi Urruti,1991-02-22,Argentina,FW,ST,,,"['2013', '2014', '2015', '2016', '2017', '2018', '2019', '2020', '2021', '2022', '2023', '2025']",6.0,0.0,165.0,mls,mls
0Oq6lWB2M6,Mohammed Saeid,1990-12-24,Sweden,MF,DM,,,"['2015', '2016', '2017']",5.0,7.0,141.0,mls,mls
0Oq6lYbAM6,Luiz Camargo,1987-05-04,Brazil,MF,CM,,,2013,5.0,8.0,174.0,mls,mls
0Oq6la47M6,Pecka,1989-05-02,Brazil,MF,DM,,CM,2015,5.0,8.0,152.0,mls,mls
0Oq6lagAM6,Mark Pais,1991-06-03,USA,,,,,{},6.0,4.0,201.0,mls,mls
0Oq6lakAM6,Ben Newnam,1991-04-18,USA,DF,FB,,,2015,5.0,10.0,165.0,mls,mls
0Oq6lgl6M6,Nicolai Næss,1993-01-18,Norway,DF,CB,,,"['2016', '2017']",6.0,0.0,181.0,mls,mls
0Oq6lj26M6,Samuel,1991-02-25,Brazil,FW,ST,,,2014,6.0,1.0,192.0,mls,mls
0Oq6lm4zM6,Rodolfo Pizarro,1994-02-15,Mexico,MF,AM,,,"['2020', '2021', '2023']",5.0,10.0,143.0,mls,mls
0Oq6ln0zM6,Emery Welshman,1991-11-09,USA,FW,ST,,,2013,5.0,11.0,181.0,mls,mls
0Oq6lnBrM6,Luis Solignac,1991-02-16,Argentina,MF,W,FW,ST,"['2015', '2016', '2017', '2018']",6.0,0.0,176.0,mls,mls
0Oq6lnlrM6,José Van Rankin,1993-03-14,Mexico,DF,FB,,,"['2021', '2022']",5.0,9.0,152.0,mls,mls
0Oq6lp3AM6,Antoine Hoppenot,1990-11-23,USA,FW,ST,MF,W,"['2013', '2014', '2015']",5.0,8.0,157.0,mls,mls
0Oq6lp3XM6,Enzo Martinez,1990-09-29,Uruguay,MF,CM,,,2018,5.0,7.0,161.0,mls,mls
0Oq6lrerM6,Gastón Giménez,1991-07-27,Argentina,MF,DM,,,"['2020', '2021', '2022', '2023', '2024']",6.0,2.0,181.0,mls,mls
0Oq6lw6M6D,Frank Lampard,1978-06-20,England,MF,CM,,,"['2015', '2016']",6.0,0.0,196.0,mls,mls
0Oq6lyNdM6,Wil Trapp,1993-01-15,USA,MF,DM,,,"['2013', '2014', '2015', '2016', '2017', '2018', '2019', '2020', '2021', '2022', '2023', '2024', '2025', '2026']",5.0,8.0,152.0,mls,mls
0Oq6lyX7M6,Amando Moreno,1995-09-10,USA,MF,W,,DM,"['2013', '2019']",5.0,7.0,154.0,mls,mls
0Oq6m0z56D,Javier Morales,1980-01-10,Argentina,MF,AM,,,"['2013', '2014', '2015', '2016', '2017']",5.0,9.0,152.0,mls,mls
0Oq6oePQ6D,Arévalo Ríos,1982-01-01,Uruguay,MF,CM,,,2013,5.0,7.0,150.0,mls,mls
0Oq6w1LrQ6,Walter Cabrera,1990-01-07,Paraguay,,,,,{},6.0,0.0,176.0,mls,mls
0Oq6w6WPQ6,Miguel Tapias,1997-01-09,Mexico,DF,CB,,,"['2023', '2024']",5.0,10.0,154.0,mls,mls
0Oq6w6j2Q6,Gabe Segal,2001-05-17,USA,FW,ST,,,"['2023', '2024', '2025']",5.0,10.0,161.0,mls,mls
0Oq6w947Q6,Michael Baldisimo,2000-04-13,Canada,MF,CM,,DM,"['2020', '2021', '2022', '2023', '2024']",5.0,6.0,154.0,mls,mls
0Oq6w9J2Q6,Augustine Williams,1997-08-03,Sierra Leone,FW,ST,,,2021,6.0,2.0,165.0,mls,mls
0Oq6wB7zQ6,Brady Scott,1999-06-30,USA,,,,,{},6.0,2.0,174.0,mls,mls
0Oq6wPXPQ6,Lamar Batista,1998-03-07,USA,,,,,{},6.0,6.0,165.0,mls,mls
0Oq6wRzgQ6,Billy Heavner,1993-11-12,USA,,,,,{},,,,mls,mls
0Oq6wVm2Q6,Deklan Wynne,1995-03-20,New Zealand,DF,CB,,FB,"['2018', '2019']",5.0,10.0,165.0,mls,mls
0Oq6wZlXQ6,Michaell Chirinos,1995-06-17,Honduras,MF,W,FW,W,2019,5.0,5.0,146.0,mls,mls
0Oq6we8zQ6,Joshua Drack,1999-09-22,USA,MF,DM,,,2021,5.0,8.0,152.0,mls,mls
0Oq6weYXQ6,Bruno Miranda,1998-02-10,Bolivia,MF,W,,CM,"['2017', '2018']",5.0,11.0,146.0,mls,mls
0Oq6weerQ6,Andrew Wheeler-Omiunu,1994-12-01,USA,MF,CM,,,2018,5.0,9.0,174.0,mls,mls
0Oq6wel7Q6,Cameron Duke,2001-02-13,USA,MF,CM,,,"['2020', '2021', '2022', '2023']",5.0,7.0,135.0,mls,mls
0Oq6wjLrQ6,Jake Mulraney,1996-04-05,Republic of Ireland,MF,W,,,"['2020', '2021', '2022']",5.0,8.0,141.0,mls,mls
0Oq6wjlzQ6,Jack Skahan,1998-02-07,USA,MF,W,,,"['2020', '2021', '2022', '2023', '2024', '2025', '2026']",5.0,10.0,165.0,mls,mls
0Oq6wjm2Q6,Axel Sjöberg,1992-09-15,USA,DF,CB,,,"['2015', '2016', '2017', '2018', '2019', '2020']",6.0,7.0,201.0,mls,mls
0Oq6wjvPQ6,James Rogers,1993-06-27,USA,,,,,{},5.0,8.0,150.0,mls,mls
0Oq6wjzgQ6,Abu Danladi,1995-10-18,Ghana,FW,ST,MF,W,"['2017', '2018', '2019', '2020', '2021', '2022']",5.0,10.0,170.0,mls,mls
0Oq6wl42Q6,Darwin Jones,1992-04-04,USA,FW,ST,,,"['2015', '2016']",5.0,9.0,176.0,mls,mls
0Oq6wmbrQ6,Kye Rowles,1998-06-24,Australia,DF,CB,,,"['2025', '2026']",6.0,1.0,198.0,mls,mls
0Oq6wmydQ6,Denil Maldonado,1998-05-26,Honduras,DF,CB,,,2023,5.0,10.0,,mls,mls
0Oq6woOxQ6,Maarten Paes,1998-05-14,Netherlands,GK,GK,,,"['2022', '2023', '2024', '2025']",6.0,3.0,181.0,mls,mls
0Oq6wv26Q6,Jonathan Lewis,1997-06-04,USA,MF,W,,,"['2017', '2018', '2019', '2020', '2021', '2022', '2023', '2024']",5.0,7.0,150.0,mls,mls
0Oq6wvbgQ6,Vitor Costa,1994-07-01,Brazil,DF,FB,,,"['2024', '2025', '2026']",6.0,0.0,161.0,mls,mls
0Oq6wxj6Q6,Judson,1993-05-25,Brazil,MF,DM,,,"['2019', '2020', '2021', '2022', '2023']",5.0,7.0,143.0,mls,mls
0Oq6wyGXQ6,Amer Didic,1994-12-28,Canada,,,,,{},6.0,3.0,196.0,mls,mls
0Oq6wyrPQ6,Kortne Ford,1996-01-26,USA,DF,CB,,,"['2017', '2018', '2022']",6.0,2.0,185.0,mls,mls
0x5g1BmQ7O,Rais M'bolhi,1986-04-25,Algeria,GK,GK,,,"['2014', '2015']",6.0,3.0,176.0,mls,mls
0x5g1NZQ7O,Brian Ching,1978-05-24,USA,FW,ST,,,2013,6.0,1.0,196.0,mls,mls
0x5g213RM7,Sergio Reguilón,1996-12-16,Spain,DF,FB,,,2026,5.0,10.0,150.0,mls,mls
0x5g2B8XM7,Grant Lillard,1995-12-05,USA,DF,CB,,,"['2018', '2019']",6.0,4.0,196.0,mls,mls
0x5g2BmPM7,Enea Mihaj,1998-07-05,Albania,DF,CB,,,"['2025', '2026']",6.0,1.0,172.0,mls,mls
0x5g2DOwM7,Trey Mitchell,1991-04-27,USA,,,,,{},6.0,2.0,194.0,mls,mls
0x5g2EKLM7,Indiana Vassilev,2001-02-16,USA,MF,W,,,"['2021', '2022', '2023', '2024', '2025', '2026']",5.0,8.0,159.0,mls,mls
0x5g2EwmM7,Michael Edwards,2000-11-27,USA,DF,CB,,,"['2024', '2025']",,,,mls,mls
0x5g2K9mM7,Dzenan Catic,1992-05-26,USA,,,,,{},6.0,3.0,185.0,mls,mls
0x5g2KL7M7,Adolfo Ovalle,1997-04-28,Chile,,,,,{},5.0,9.0,154.0,mls,mls
0x5g2KNmM7,Miguel Aguilar,1993-08-30,Mexico,MF,W,,,"['2015', '2016']",5.0,9.0,172.0,mls,mls
0x5g2KPRM7,Matt Real,1999-07-10,USA,DF,FB,,,"['2018', '2019', '2020', '2021', '2022', '2023']",6.0,0.0,161.0,mls,mls
0x5g2LVRM7,Ronald Matarrita,1994-07-09,Costa Rica,DF,FB,,,"['2016', '2017', '2018', '2019', '2020', '2021', '2022']",5.0,9.0,154.0,mls,mls
0x5g2NerM7,Amro Tarek,1992-05-17,Egypt,DF,CB,,,"['2016', '2018', '2019', '2020', '2021']",6.0,2.0,,mls,mls
0x5g2P0LM7,Ryan Herman,1993-06-18,USA,,,,,{},6.0,6.0,225.0,mls,mls
0x5g2RXXM7,Stijn Spierings,1996-03-12,Netherlands,MF,CM,,,2026,6.0,2.0,183.0,mls,mls
0x5g2Ra7M7,Taylor Hunter,1993-07-07,USA,DF,FB,,,2015,6.0,0.0,174.0,mls,mls
0x5g2VW7M7,Romain Gall,1995-01-31,USA,FW,ST,MF,W,2014,5.0,9.0,141.0,mls,mls
0x5g2XBjM7,Jaylin Lindsey,2000-03-27,USA,DF,FB,,,"['2018', '2019', '2020', '2021', '2022', '2023', '2024']",5.0,9.0,157.0,mls,mls
0x5g2Z8ZM7,Kristijan Kahlina,1992-07-24,Croatia,GK,GK,,,"['2022', '2023', '2024', '2025', '2026']",,,,mls,mls
0x5g2ZRZM7,Oalex Anderson,1995-11-11,St. Vincent and the Grenadines,FW,W,,,2016,5.0,8.0,154.0,mls,mls
0x5g2lywM7,Jake Nerwinski,1994-10-17,USA,DF,FB,,,"['2017', '2018', '2019', '2020', '2021', '2022', '2023', '2024']",,,,mls,mls
0x5g2mYrM7,Michael Collodi,2001-05-25,USA,GK,GK,,,"['2025', '2026']",6.0,0.0,194.0,mls,mls
0x5g2pW7M7,Shaq Moore,1996-11-02,USA,DF,FB,,,"['2022', '2023', '2024', '2025', '2026']",5.0,10.0,161.0,mls,mls
0x5g2wGjM7,Bruno Gaspar,1993-04-21,Angola,DF,FB,,,2021,5.0,11.0,152.0,mls,mls
0x5g2xoXM7,Raheem Edwards,1995-07-17,Canada,DF,FB,,,"['2016', '2017', '2018', '2019', '2020', '2021', '2022', '2023', '2024', '2025', '2026']",5.0,8.0,150.0,mls,mls
0x5g2zdwM7,Sam Raben,1997-05-11,USA,,,,,{},6.0,0.0,154.0,mls,mls
0x5g6AmmM7,Luca Ricci,1998-02-23,Canada,,,,,{},5.0,7.0,150.0,mls,mls
0x5g8Nwq7O,Michael Thomas,1989-03-08,USA,MF,CM,,,2013,5.0,10.0,192.0,mls,mls
0x5gA17Q7O,Juan Agudelo,1992-11-23,USA,FW,ST,MF,W,"['2013', '2015', '2016', '2017', '2018', '2019', '2020', '2021']",6.0,1.0,185.0,mls,mls
0x5gBe7M7O,Muhamed Keita,1990-09-02,Norway,MF,CM,,,2017,5.0,8.0,143.0,mls,mls
0x5gJ0wjM7,Andy Batioja,2006-01-31,Colombia,FW,ST,,,2025,5.0,10.0,154.0,mls,mls
0x5gJBgZM7,Donavan Phillip,2005-04-01,St. Lucia,MF,W,FW,ST,2026,6.0,2.0,,mls,mls
0x5gJEVLM7,Jacob Murrell,2004-03-28,USA,FW,ST,,,"['2024', '2025', '2026']",6.0,2.0,,mls,mls
0x5gJJWPM7,Ariath Piol,2004-10-11,Australia,FW,ST,,,"['2025', '2026']",5.0,11.0,174.0,mls,mls
0x5gJWwjM7,Dawid Bugaj,2004-07-09,Poland,DF,FB,,,"['2024', '2025', '2026']",,,,mls,mls
0x5gJY2rM7,Bruno Caicedo,2005-01-15,Ecuador,MF,W,,,2026,,,,mls,mls
0x5gJbZwM7,Noah Dollenmayer,1999-10-26,USA,,,,,{},6.0,6.0,201.0,mls,mls
0x5gJe7M7O,Arne Friedrich,1979-05-29,Germany,,,,,{},6.0,1.0,172.0,mls,mls
0x5gJg07M7,Malachi Jones,2003-09-23,Sierra Leone,MF,W,,,"['2024', '2026']",5.0,10.0,,mls,mls
0x5gL0rRq7,Sam Gleadle,1996-03-20,England,,,,,{},5.0,10.0,154.0,mls,mls
0x5gL4GRq7,Luis Zamudio,1998-06-24,Mexico,,,,,{},6.0,3.0,198.0,mls,mls
0x5gL6GPq7,Francesco Montali,2000-09-06,USA,,,,,{},6.0,3.0,165.0,mls,mls
0x5gLD4mq7,Valentin Noël,1999-04-27,France,,,,,{},5.0,10.0,,mls,mls
0x5gLEGRq7,Oskar Aegren,1998-09-10,Sweden,DF,CB,,,2022,6.0,2.0,179.0,mls,mls
0x5gLEbRq7,Louis Munteanu,2002-06-16,Romania,FW,ST,,,2026,,,,mls,mls
0x5gLGajq7,Sebastian Hernandez,2003-02-10,USA,,,,,{},5.0,9.0,161.0,mls,mls
0x5gLLjRq7,Julian Araujo,2001-08-13,USA,DF,FB,,,"['2019', '2020', '2021', '2022']",5.0,9.0,154.0,mls,mls
0x5gLLjjq7,Luke Pruter,2001-09-03,USA,,,,,{},6.0,2.0,190.0,mls,mls
0x5gLY1jq7,Hwang In-Beom,1996-09-20,South Korea,MF,CM,,,"['2019', '2020']",5.0,10.0,141.0,mls,mls
0x5gLdRZq7,Finn McRobb,2002-01-30,Scotland,,,,,{},6.0,3.0,181.0,mls,mls
0x5gLj27q7,Sekou Bangoura,2002-04-05,Guinea,MF,CM,,,2026,5.0,7.0,,mls,mls
0x5gLm2bq7,Jackson Hopkins,2004-07-01,USA,MF,CM,,,"['2022', '2023', '2024', '2025', '2026']",,,,mls,mls
0x5gLpbwq7,Caden Clark,2003-05-27,USA,MF,AM,,,"['2020', '2021', '2022', '2024', '2025', '2026']",5.0,11.0,150.0,mls,mls
0x5gNWmM7O,Nat Borchers,1981-04-13,USA,DF,CB,,,"['2013', '2014', '2015', '2016']",6.0,2.0,176.0,mls,mls
0x5gNXPM7O,Martín Cáceres,1987-04-07,Uruguay,DF,CB,,,"['2022', '2023', '2024']",5.0,11.0,172.0,mls,mls
0x5gP3gXq7,Matt Miazga,1995-07-19,USA,DF,CB,,,"['2013', '2014', '2015', '2022', '2023', '2024', '2025', '2026']",6.0,3.0,185.0,mls,mls
0x5gP64Pq7,Richard Balchan,1989-01-18,USA,DF,FB,,,2014,6.0,0.0,165.0,mls,mls
0x5gP64wq7,Jeff Attinella,1988-09-29,USA,GK,GK,,,"['2013', '2014', '2015', '2016', '2017', '2018', '2019', '2020', '2021']",6.0,2.0,192.0,mls,mls
0x5gP9Jjq7,Earl Edwards Jr.,1992-01-24,USA,GK,GK,,,"['2017', '2018', '2022', '2023', '2024', '2025', '2026']",6.0,3.0,205.0,mls,mls
0x5gPAPjq7,Manny Aparicio,1995-09-17,Canada,,,,,{},5.0,7.0,152.0,mls,mls
0x5gPGKPq7,Rémi Walter,1995-04-26,France,MF,CM,,DM,"['2021', '2022', '2023', '2024']",5.0,9.0,154.0,mls,mls
0x5gPK4Xq7,Darwin Cerén,1989-12-31,El Salvador,MF,DM,,CM,"['2015', '2016', '2017', '2018', '2019', '2020', '2021', '2022']",5.0,10.0,161.0,mls,mls
0x5gPV9Zq7,Masato Kudo,1990-05-06,Japan,FW,ST,,,2016,5.0,10.0,163.0,mls,mls
0x5gPakRq7,Nicolás Freire,1994-02-18,Argentina,DF,CB,,,2024,6.0,1.0,176.0,mls,mls
0x5gPeBPq7,Giliano Wijnaldum,1992-08-31,Netherlands,DF,FB,,,2017,5.0,11.0,168.0,mls,mls
0x5gPv8mq7,Duane Holmes,1994-11-06,USA,DF,FB,MF,W,"['2025', '2026']",5.0,6.0,143.0,mls,mls
0x5gPvZRq7,Eriq Zavaleta,1992-08-02,USA,DF,CB,,,"['2013', '2014', '2015', '2016', '2017', '2018', '2019', '2020', '2021', '2022', '2023', '2024', '2025']",6.0,1.0,183.0,mls,mls
0x5gPvjbq7,Gabe Latigue,1990-10-11,USA,,,,,{},5.0,9.0,150.0,mls,mls
0x5gPvkrq7,Michael Seaton,1996-05-01,Jamaica,FW,ST,,,"['2013', '2014']",6.0,0.0,181.0,mls,mls
0x5gPwLZq7,Chandler Hoffman,1990-08-17,USA,FW,ST,,,"['2014', '2015']",6.0,0.0,161.0,mls,mls
0x5gPy4mq7,Danny Garcia,1993-10-14,USA,MF,AM,,,2014,5.0,4.0,146.0,mls,mls
0x5gWWz757,Herman Johansson,1997-10-16,Sweden,DF,FB,,,2026,6.0,3.0,185.0,mls,mls
0x5gWlZb57,Samuel Gidi,2004-04-15,Ghana,MF,CM,,,"['2025', '2026']",,,,mls,mls
0x5gWwgr57,Álvaro Quezada,1999-03-04,USA,DF,FB,,,2021,5.0,9.0,150.0,mls,mls
0x5gWwmL57,Jude Wellings,2006-04-26,USA,,,,,{},6.0,2.0,139.0,mls,mls
0x5gWy8r57,Nathan Worth,2007-02-26,USA,,,,,{},,,,mls,mls
0x5gXlrq7O,Roger Espinoza,1986-10-25,Honduras,MF,CM,,,"['2015', '2016', '2017', '2018', '2019', '2020', '2021', '2022', '2023']",5.0,11.0,161.0,mls,mls
0x5gZ9mM7O,Brad Guzan,1984-09-09,USA,GK,GK,,,"['2017', '2018', '2019', '2020', '2021', '2022', '2023', '2024', '2025']",6.0,4.0,207.0,mls,mls
0x5gZDPM7O,Kei Kamara,1984-09-01,Sierra Leone,FW,ST,,,"['2013', '2015', '2016', '2017', '2018', '2019', '2020', '2022', '2023', '2024', '2025']",6.0,3.0,187.0,mls,mls
0x5gZKrM7O,Jahmir Hyka,1988-03-08,Albania,MF,W,,,"['2017', '2018']",5.0,7.0,135.0,mls,mls
0x5gZZXM7O,Jacob Peterson,1986-01-27,USA,FW,W,,,"['2013', '2014', '2015', '2016', '2017']",5.0,10.0,165.0,mls,mls
0x5gbwbM7O,Jonathan Spector,1986-03-01,USA,DF,CB,,,"['2017', '2018']",6.0,0.0,168.0,mls,mls
0x5gjnwM7O,Mauro Díaz,1991-03-10,Argentina,MF,AM,,,"['2013', '2014', '2015', '2016', '2017', '2018']",5.0,6.0,150.0,mls,mls
0x5gk2PL57,Ezekiel Alladoh,2005-09-13,Ghana,FW,ST,,,2026,6.0,3.0,,mls,mls
0x5gkPbP57,Anderson Rosa,2001-11-13,Brazil,DF,FB,,,2025,5.0,10.0,159.0,mls,mls
0x5gkerX57,Donovan Parisian,2004-09-27,USA,,,,,{},6.0,4.0,205.0,mls,mls
0x5gvbjM7O,Steven Vitória,1987-01-11,Canada,DF,CB,,,2015,6.0,5.0,190.0,mls,mls
0x5gvyXM7O,Jonathan Mensah,1990-07-13,Ghana,DF,CB,,,"['2017', '2018', '2019', '2020', '2021', '2022', '2023', '2024']",6.0,2.0,183.0,mls,mls
2e7Mzo75r0,Darel Russell,1980-10-22,England,MF,CM,,,2013,5.0,10.0,163.0,mls,mls
2lqR1JJ5r0,Marco Ureña,1990-03-05,Costa Rica,FW,ST,,,"['2017', '2018']",5.0,10.0,159.0,mls,mls
2lqR6rAqr0,Ibrahim Sekagya,1980-12-19,Uganda,DF,CB,,,"['2013', '2014']",6.0,1.0,176.0,mls,mls
2lqR72mAQr,Kenji Cabrera,2003-01-27,Peru,MF,W,,AM,"['2025', '2026']",5.0,9.0,146.0,mls,mls
2lqR72pnQr,Fabian Mrozek,2003-09-28,Poland,,,,,{},,,,mls,mls
2lqR7A8JQr,Bernardo Rhein Goncalves,2007-09-21,USA,DF,FB,,,2026,,,,mls,mls
2lqR7EBWQr,Nimfasha Berchimas,2008-02-22,USA,MF,W,,,2024,,,,mls,mls
2lqR7EOnQr,Diego Rocio,2007-09-05,USA,,,,,{},,,,mls,mls
2lqR7V9AQr,Georgi Minoungou,2002-07-25,Ivory Coast,MF,W,,,"['2024', '2025', '2026']",,,,mls,mls
2lqR7VG4Qr,Nico Campuzano,1998-01-29,Spain,,,,,{},6.0,2.0,,mls,mls
2lqR7YEaQr,Jackson Travis,2004-02-23,USA,DF,FB,,,"['2024', '2025', '2026']",,,,mls,mls
2lqR7aKLQr,Jake Davis,2002-01-03,USA,,,,,{},5.0,10.0,150.0,mls,mls
2lqR7pJQr0,Kléberson,1979-06-19,Brazil,MF,CM,,,2013,5.0,9.0,141.0,mls,mls
2lqR7wZaQr,Max Arfsten,2001-04-19,USA,DF,FB,,,"['2023', '2024', '2025', '2026']",6.0,1.0,172.0,mls,mls
2lqR7yoAQr,Mykhi Joyner,2006-08-30,USA,MF,W,,,"['2024', '2025', '2026']",,,,mls,mls
2lqR7yyDQr,Alessandro Biello,2006-04-07,Canada,MF,CM,,,2024,6.0,1.0,,mls,mls
2lqRBW0qr0,Aleksandar Katai,1991-02-06,Serbia,MF,W,,,"['2018', '2019', '2020']",6.0,0.0,154.0,mls,mls
2lqRJ0ADqr,Yu Tsukanome,2000-12-21,Japan,,,,,{},,,,mls,mls
2lqRJ0l4qr,Hosei Kijima,2002-07-01,Japan,MF,W,,,"['2024', '2025', '2026']",5.0,10.0,,mls,mls
2lqRJVwJqr,Morrison Agyemang,2004-12-21,Ghana,DF,CB,,,2026,,,,mls,mls
2lqRJXZ4qr,Tyler Clegg,2000-05-01,USA,,,,,{},6.0,3.0,,mls,mls
2lqRJeA4qr,Bryant Farkarlun,2001-07-14,Liberia,MF,W,,,2024,,,,mls,mls
2lqRJgb2qr,Wiktor Bogacz,2004-07-14,Poland,FW,ST,,,2025,6.0,4.0,168.0,mls,mls
2lqRJpxnqr,Hugo Bacharach,2001-07-27,Spain,DF,CB,,,2024,,,,mls,mls
2lqRJpzJqr,Jose Casas de Abadal,2000-06-20,USA,FW,W,DF,FB,2024,,,,mls,mls
2lqRL2JMr0,George John,1987-03-20,USA,DF,CB,,,2013,6.0,3.0,209.0,mls,mls
2lqRNNLqr0,Colin Clark,1984-04-11,USA,MF,W,,,2013,6.0,0.0,176.0,mls,mls
2lqRNNaqr0,Jordan Harvey,1984-01-28,USA,DF,FB,,,"['2013', '2014', '2015', '2016', '2017', '2018', '2019', '2020', '2021']",5.0,11.0,172.0,mls,mls
2lqRNx4qr0,Carlos Borja,1988-01-18,USA,DF,FB,,,2013,6.0,0.0,179.0,mls,mls
2lqRO1AQr0,Yann Ekra,1990-10-12,Ivory Coast,,,,,{},5.0,11.0,157.0,mls,mls
2lqRPBwnMr,Rashawn Dally,1997-01-14,Jamaica,FW,ST,,,"['2019', '2020']",6.0,2.0,201.0,mls,mls
2lqRR1wxqr,Marlon,1995-09-07,Brazil,DF,CB,,,"['2024', '2025']",6.0,0.0,176.0,mls,mls
2lqRR3wJqr,Bjørn Inge Utvik,1996-02-28,Norway,DF,CB,,,"['2024', '2025']",6.0,0.0,165.0,mls,mls
2lqRR4Rxqr,Lewis Morgan,1996-09-30,Scotland,MF,W,,,"['2020', '2021', '2022', '2023', '2024', '2025', '2026']",5.0,10.0,165.0,mls,mls
2lqRR64nqr,Sebastián Fernandez,1989-11-15,Uruguay,MF,W,,,2014,5.0,8.0,165.0,mls,mls
2lqRR8gnqr,Jean Mota,1993-10-15,Brazil,MF,DM,,CM,"['2022', '2023', '2024']",5.0,8.0,159.0,mls,mls
2lqRRDgAqr,Tomás Martínez,1995-03-07,Argentina,MF,AM,,,"['2017', '2018', '2019', '2020']",5.0,8.0,135.0,mls,mls
2lqRREV4qr,Diego Martínez,1992-07-05,Argentina,DF,FB,,,2016,5.0,10.0,159.0,mls,mls
2lqRRJ2Lqr,Raúl Ruidíaz,1990-07-25,Peru,FW,ST,,,"['2018', '2019', '2020', '2021', '2022', '2023', '2024']",5.0,7.0,143.0,mls,mls
2lqRRPOJqr,Kenny Saief,1993-12-17,USA,FW,ST,,,2019,5.0,9.0,159.0,mls,mls
2lqRRYpJqr,Connor Lade,1989-11-16,USA,DF,FB,,,"['2013', '2014', '2015', '2016', '2017', '2018', '2019']",5.0,6.0,146.0,mls,mls
2lqRRZy2qr,Ilie Sánchez,1990-11-21,Spain,MF,DM,,,"['2017', '2018', '2019', '2020', '2021', '2022', '2023', '2024', '2025', '2026']",6.0,0.0,174.0,mls,mls
2lqRRg2xqr,Marcos Sánchez,1989-12-23,Panama,MF,W,,CM,2013,5.0,9.0,154.0,mls,mls
2lqRRj84qr,Joe Bendik,1989-04-25,USA,GK,GK,,,"['2013', '2014', '2015', '2016', '2017', '2018', '2019', '2020', '2021', '2023']",6.0,3.0,207.0,mls,mls
2lqRRkw2qr,Alfredo Morales,1990-05-12,USA,MF,DM,,,"['2021', '2022', '2023', '2024', '2025']",6.0,0.0,170.0,mls,mls
2lqRRrWLqr,Martín Rivero,1989-11-13,Argentina,MF,AM,,,"['2013', '2014']",5.0,9.0,161.0,mls,mls
2lqRRrj0qr,Greg Jordan,1990-04-05,USA,,,,,{},6.0,0.0,165.0,mls,mls
2lqRRvNxqr,Scott Caldwell,1991-03-15,USA,MF,DM,,,"['2013', '2014', '2015', '2016', '2017', '2018', '2019', '2020', '2021', '2022', '2023']",5.0,8.0,152.0,mls,mls
2lqRRvmaqr,Marko Maric,1996-01-03,Croatia,GK,GK,,,"['2020', '2021']",6.0,3.0,196.0,mls,mls
2lqRRwmnqr,Ali Ghazal,1992-02-01,Egypt,MF,DM,,,"['2017', '2018']",5.0,11.0,159.0,mls,mls
2lqRRwrnqr,Germán Mera,1990-03-05,Colombia,DF,CB,,,2013,6.0,2.0,190.0,mls,mls
2lqRRxJDqr,Victor Munoz,1990-07-25,Spain,,,,,{},5.0,7.0,165.0,mls,mls
2lqRRz8Jqr,Logan Emory,1988-01-10,Canada,DF,FB,,,2013,6.0,1.0,181.0,mls,mls
2lqRagL5r0,Khari Stephenson,1981-01-18,Jamaica,MF,CM,,,"['2013', '2014', '2015']",6.0,1.0,185.0,mls,mls
2lqRapW5r0,Stefan Aigner,1987-08-20,Germany,MF,AM,,W,"['2017', '2018']",6.0,0.0,161.0,mls,mls
2lqReKx5r0,Andrés Ríos,1989-08-01,Argentina,FW,ST,,,"['2019', '2020', '2021']",5.0,10.0,172.0,mls,mls
2lqRevJ5r0,Robert Beric,1991-06-17,Slovenia,FW,ST,,,"['2020', '2021']",6.0,2.0,183.0,mls,mls
2lqRj3Zxqr,Olger Escobar,2006-09-11,Guatemala,MF,AM,,,"['2025', '2026']",,,,mls,mls
2lqRj4jxqr,Felipe Valencia,2005-03-01,USA,,,,,{},5.0,9.0,141.0,mls,mls
2lqRj7nDqr,Jason Shokalook,2002-09-30,USA,FW,ST,,,"['2025', '2026']",6.0,1.0,159.0,mls,mls
2lqRj80qr0,Juninho Pernambucano,1975-01-30,Brazil,MF,CM,,,2013,5.0,10.0,157.0,mls,mls
2lqRj90Jqr,Jackson Gilman,2004-04-29,USA,DF,CB,,,2026,,,,mls,mls
2lqRjDAAqr,Ian Fray,2002-08-31,USA,DF,FB,,,"['2023', '2024', '2025', '2026']",6.0,0.0,161.0,mls,mls
2lqRjL12qr,Brandan Craig,2004-04-07,USA,DF,CB,,,"['2022', '2025', '2026']",6.0,1.0,159.0,mls,mls
2lqRjRexqr,Mehdi Essoussi,2001-02-28,Canada,,,,,{},6.0,1.0,174.0,mls,mls
2lqRjYLWqr,Zane Monlouis,2003-10-16,England,DF,CB,,,"['2025', '2026']",6.0,2.0,,mls,mls
2lqRjZp2qr,Jacob Jackson,2000-04-25,USA,GK,GK,,,"['2023', '2024', '2025']",5.0,11.0,190.0,mls,mls
2lqRjZpAqr,Dallas Odle,2001-08-05,USA,,,,,{},6.0,1.0,165.0,mls,mls
2lqRjjODqr,Gibran Rayo,2001-10-14,USA,,,,,{},5.0,9.0,150.0,mls,mls
2lqRjjpDqr,Ethan Dobbelaere,2002-11-14,USA,DF,FB,MF,W,"['2020', '2021', '2022', '2023']",5.0,9.0,141.0,mls,mls
2lqRjjpxqr,Jake LaCava,2001-01-12,USA,,,,,{},5.0,10.0,157.0,mls,mls
2lqRjkEJqr,Logan Ndenbe,2000-02-09,Belgium,DF,FB,,,"['2022', '2023', '2024', '2025']",5.0,9.0,161.0,mls,mls
2lqRjnNAqr,Kyle Linhares,2002-08-17,USA,,,,,{},5.0,8.0,159.0,mls,mls
2lqRk034Qr,Keegan Hughes,2000-07-22,USA,DF,CB,,,"['2023', '2025', '2026']",,,,mls,mls
2lqRk08nQr,Luis Arriaga,2001-01-26,USA,MF,DM,,,2019,5.0,7.0,141.0,mls,mls
2lqRk1raQr,Kamal Miller,1997-05-16,Canada,DF,CB,,,"['2019', '2020', '2021', '2022', '2023', '2024', '2025', '2026']",6.0,0.0,,mls,mls
2lqRk3EJQr,Walker Hume,1993-08-22,USA,DF,CB,,,2017,,,,mls,mls
2lqRk3NWQr,Kyle Duncan,1997-08-08,USA,DF,FB,,,"['2018', '2019', '2020', '2021', '2022', '2023', '2024', '2025', '2026']",5.0,10.0,150.0,mls,mls
2lqRk3gDQr,Jake Morris,1999-03-03,USA,,,,,{},6.0,0.0,161.0,mls,mls
2lqRk3lnQr,Keaton Parks,1997-08-06,USA,MF,DM,,CM,"['2019', '2020', '2021', '2022', '2023', '2024', '2025', '2026']",6.0,4.0,165.0,mls,mls
2lqRk6GaQr,Fidel Escobar,1995-01-09,Panama,DF,CB,,,"['2017', '2018']",5.0,11.0,163.0,mls,mls
2lqRk9d4Qr,Florian Valot,1993-02-12,France,MF,W,,,"['2018', '2019', '2020', '2021']",5.0,9.0,152.0,mls,mls
2lqRkOwnQr,Ryan Porteous,1999-03-25,Scotland,DF,CB,,,"['2025', '2026']",6.0,2.0,165.0,mls,mls
2lqRkPA0Qr,Ronaldo Peña,1997-03-10,,FW,ST,,,"['2018', '2019', '2020']",6.0,0.0,168.0,mls,mls
2lqRkPknQr,Tommy Thompson,1995-08-15,USA,DF,FB,,,"['2014', '2015', '2016', '2017', '2018', '2019', '2020', '2021', '2022', '2023', '2024']",5.0,7.0,146.0,mls,mls
2lqRkRPaQr,Fifi Baiden,1991-11-11,USA,MF,DM,,,2014,5.0,7.0,152.0,mls,mls
2lqRkWG0Qr,Rafael Santos,1998-02-05,Brazil,DF,FB,,,"['2023', '2024', '2025', '2026']",5.0,11.0,161.0,mls,mls
2lqRkWjJQr,Ruan,1995-05-29,Brazil,DF,FB,,,"['2019', '2020', '2021', '2022', '2023', '2024']",5.0,9.0,143.0,mls,mls
2lqRkYZnQr,Bryan Acosta,1993-11-24,Honduras,MF,DM,,CM,"['2019', '2020', '2021', '2022', '2023', '2025', '2026']",5.0,9.0,161.0,mls,mls
2lqRkZJxQr,Benjamín López,1995-02-16,USA,,,,,{},6.0,1.0,176.0,mls,mls
2lqRkZXDQr,Cristian Espinoza,1995-04-03,Argentina,MF,W,,,"['2019', '2020', '2021', '2022', '2023', '2024', '2025', '2026']",5.0,7.0,148.0,mls,mls
2lqRkbN4Qr,Paul Rothrock,1999-01-09,USA,MF,W,,,"['2022', '2023', '2024', '2025', '2026']",5.0,8.0,163.0,mls,mls
2lqRkdg4Qr,Raymond Lee,1993-04-26,USA,DF,FB,,,2015,5.0,11.0,176.0,mls,mls
2lqRkeWaQr,Jon Bakero,1996-11-05,Spain,FW,ST,,,2018,6.0,2.0,163.0,mls,mls
2lqRked4Qr,Eduard Löwen,1997-01-28,Germany,MF,CM,,DM,"['2023', '2024', '2025', '2026']",6.0,2.0,201.0,mls,mls
2lqRkj6AQr,Trevor Spangenberg,1991-04-21,USA,GK,GK,,,2014,6.0,3.0,192.0,mls,mls
2lqRkjBAQr,Kyle Scott,1997-12-22,USA,MF,CM,,,2021,5.0,8.0,150.0,mls,mls
2lqRkmAWQr,Jackson Conway,2001-12-03,USA,FW,ST,,,"['2021', '2022', '2023']",6.0,2.0,174.0,mls,mls
2lqRknk2Qr,Yeimar Gómez Andrade,1992-06-30,Colombia,DF,CB,,,"['2020', '2021', '2022', '2023', '2024', '2025', '2026']",6.0,2.0,203.0,mls,mls
2lqRkoADQr,Jack Harrison,1996-11-20,England,FW,W,,,"['2016', '2017', '2026']",5.0,9.0,154.0,mls,mls
2lqRkoYxQr,Taylor Washington,1993-08-16,USA,DF,FB,,,"['2020', '2021', '2022', '2023', '2024']",5.0,10.0,174.0,mls,mls
2lqRkoxWQr,Kip Colvey,1994-03-15,New Zealand,DF,FB,,,"['2016', '2018']",5.0,10.0,161.0,mls,mls
2lqRkrwxQr,Cristian Colmán,1994-02-26,Paraguay,FW,ST,,,"['2017', '2018']",6.0,1.0,187.0,mls,mls
2lqRkwRnQr,Luis Barraza,1996-11-08,USA,GK,GK,,,"['2021', '2023', '2024', '2025']",6.0,2.0,194.0,mls,mls
2lqRlEaWMr,Harvey Sarajian,2005-01-26,USA,FW,ST,,,2026,6.0,2.0,,mls,mls
2lqRlGWnMr,Bryan Zamblé,2008-02-19,Ivory Coast,FW,W,,,2026,5.0,5.0,143.0,mls,mls
2lqRooLQr0,Federico Bessone,1984-01-23,Argentina,,,,,{},5.0,10.0,159.0,mls,mls
2lqRpEnMr0,Franco Jara,1988-07-15,Argentina,FW,ST,,,"['2020', '2021', '2022']",5.0,10.0,163.0,mls,mls
2lqRxY4Mr0,Tommy Smith,1990-03-31,New Zealand,DF,CB,,,"['2018', '2019']",6.0,2.0,170.0,mls,mls
2vQ100GqrA,Marcelo Saragosa,1982-01-22,Brazil,MF,DM,,CM,2013,6.0,0.0,176.0,mls,mls
2vQ101wqrA,Shkëlzen Gashi,1988-07-15,Albania,MF,W,,,"['2016', '2017', '2018']",6.0,0.0,165.0,mls,mls
2vQ113lQrA,Fernando Bob,1988-01-07,Brazil,MF,DM,,,2018,5.0,11.0,163.0,mls,mls
2vQ128xMrA,Brian Perk,1989-07-21,USA,GK,GK,,,2014,5.0,10.0,176.0,mls,mls
2vQ12LKMrA,Bobby Shuttleworth,1987-05-13,USA,GK,GK,,,"['2013', '2014', '2015', '2016', '2017', '2018', '2020', '2021', '2022']",6.0,2.0,207.0,mls,mls
2vQ12ROMrA,Josué Martínez,1990-03-25,Costa Rica,FW,ST,,,2013,5.0,10.0,161.0,mls,mls
2vQ1441wqr,Erik Centeno,2002-06-29,USA,,,,,{},5.0,8.0,146.0,mls,mls
2vQ144gLqr,Sota Kitahara,2003-01-11,USA,DF,FB,MF,CM,"['2023', '2024']",5.0,9.0,146.0,mls,mls
2vQ14B6Kqr,José Martínez,1994-08-07,Venezuela,MF,DM,,,"['2020', '2021', '2022', '2023', '2024']",5.0,10.0,159.0,mls,mls
2vQ14Bylqr,Christopher Jaime,2004-03-20,USA,,,,,{},,,,mls,mls
2vQ14E1Kqr,Ranko Veselinović,1999-03-24,Serbia,DF,CB,,,"['2020', '2021', '2022', '2023', '2024', '2025', '2026']",6.0,2.0,170.0,mls,mls
2vQ14E3lqr,Gaoussou Samake,1997-11-04,Ivory Coast,DF,FB,,,"['2022', '2023']",5.0,7.0,161.0,mls,mls
2vQ14JO8qr,Ignacio Aliseda,2000-03-14,Argentina,MF,W,,,"['2020', '2021']",5.0,7.0,154.0,mls,mls
2vQ14PZOqr,Tristan Himes,2003-07-15,USA,,,,,{},6.0,6.0,,mls,mls
2vQ14ReGqr,Fabio,1997-05-25,Brazil,FW,ST,,,2021,,,,mls,mls
2vQ14ablqr,Julian Vázquez,2001-03-30,USA,,,,,{},5.0,11.0,146.0,mls,mls
2vQ14d4xqr,Riqui Puig,1999-08-13,Spain,MF,CM,,,"['2022', '2023', '2024']",5.0,7.0,123.0,mls,mls
2vQ14nnLqr,Szabolcs Schon,2000-09-27,Hungary,MF,W,,,2021,5.0,8.0,,mls,mls
2vQ14xl0qr,Dylan Chambost,1997-08-19,France,MF,CM,,,"['2024', '2025', '2026']",,,,mls,mls
2vQ1L20Oqr,John McCarthy,1992-07-04,USA,GK,GK,,,"['2015', '2016', '2017', '2018', '2020', '2021', '2022', '2023', '2024', '2025']",6.0,1.0,185.0,mls,mls
2vQ1L2nOqr,Steve Neumann,1991-10-02,USA,MF,W,,,"['2014', '2015', '2016']",6.0,0.0,165.0,mls,mls
2vQ1L4XOqr,C.J. Sapong,1988-12-27,USA,FW,ST,,,"['2013', '2014', '2015', '2016', '2017', '2018', '2019', '2020', '2021', '2022', '2023']",6.0,2.0,185.0,mls,mls
2vQ1L4oGqr,Je-Vaughn Watson,1983-10-22,Jamaica,DF,FB,,,"['2013', '2014', '2015', '2016', '2017']",6.0,3.0,176.0,mls,mls
2vQ1L4x4qr,Bobby Warshaw,1988-11-21,USA,MF,DM,,W,2013,6.0,0.0,185.0,mls,mls
2vQ1L8R4qr,Andrew Jean-Baptiste,1992-06-16,USA,DF,CB,,,"['2013', '2014']",6.0,2.0,207.0,mls,mls
2vQ1LD8Oqr,Alexandru Mitrita,1995-02-08,Romania,MF,W,,,"['2019', '2020']",5.0,7.0,143.0,mls,mls
2vQ1LEGLqr,Matt Watson,1985-01-01,England,MF,CM,,,"['2013', '2014', '2015']",6.0,0.0,181.0,mls,mls
2vQ1LEnlqr,Erick,1988-03-24,Brazil,MF,DM,,,2013,5.0,10.0,163.0,mls,mls
2vQ1LOpxqr,Mark Bloom,1987-11-25,USA,DF,FB,,,"['2013', '2014', '2016', '2017']",6.0,0.0,165.0,mls,mls
2vQ1LRjxqr,Jaime Alas,1989-07-30,El Salvador,MF,W,,,2013,5.0,8.0,150.0,mls,mls
2vQ1LXXKqr,Giancarlo Gonzalez,1988-02-08,Costa Rica,DF,CB,,,"['2014', '2019', '2020']",6.0,3.0,185.0,mls,mls
2vQ1LYY0qr,Emmanuel Boateng,1994-01-17,Ghana,MF,W,,,"['2016', '2017', '2018', '2019', '2020', '2021', '2022', '2023', '2024', '2025']",5.0,6.0,150.0,mls,mls
2vQ1LYxbqr,Paul Arriola,1995-02-05,USA,MF,W,,,"['2017', '2018', '2019', '2020', '2021', '2022', '2023', '2024', '2025', '2026']",5.0,6.0,146.0,mls,mls
2vQ1LdEKqr,José Manuel Rivera,1986-06-16,Mexico,MF,CM,,,2013,5.0,10.0,154.0,mls,mls
2vQ1Le1Oqr,Rafael Gladiador,1992-07-13,Brazil,FW,ST,,,2013,6.0,0.0,190.0,mls,mls
2vQ1Lvnxqr,José Escalante,1995-05-29,Honduras,MF,W,,,"['2016', '2017']",5.0,8.0,165.0,mls,mls
2vQ1LxR4qr,Bernie Ibini-Isei,1992-09-12,Australia,MF,W,,,"['2017', '2018']",6.0,3.0,187.0,mls,mls
2vQ1LyOKqr,Angus Gunn,1996-01-22,England,GK,GK,,,2026,6.0,5.0,170.0,mls,mls
2vQ1N1r4Mr,Gregore,1994-03-02,Brazil,MF,DM,,CM,"['2021', '2022', '2023']",5.0,11.0,172.0,mls,mls
2vQ1N6yLMr,Giacomo Vrioni,1998-10-15,Albania,FW,ST,,,"['2022', '2023', '2024', '2025']",5.0,11.0,154.0,mls,mls
2vQ1N8YKMr,Tomas Hilliard-Arce,1995-11-22,USA,DF,CB,,,2018,6.0,1.0,176.0,mls,mls
2vQ1NBY8Mr,Joaquín Pereyra,1998-12-01,Argentina,MF,W,,,"['2024', '2025', '2026']",5.0,11.0,159.0,mls,mls
2vQ1NLzlMr,Marco Bustos,1996-04-22,Canada,MF,W,,,"['2015', '2016']",5.0,6.0,150.0,mls,mls
2vQ1NO0OMr,Jáder Obrian,1995-05-18,Colombia,MF,W,,,"['2021', '2022', '2023', '2024', '2025']",5.0,6.0,137.0,mls,mls
2vQ1NPw4Mr,Emmanuel Sabbi,1997-12-24,USA,MF,W,FW,W,"['2025', '2026']",5.0,10.0,154.0,mls,mls
2vQ1Njr8Mr,Nick Walker,1990-01-23,Trinidad & Tobago,FW,ST,,,2014,6.0,3.0,192.0,mls,mls
2vQ1Nv7LMr,Randall Leal,1997-01-14,Costa Rica,MF,W,,,"['2020', '2021', '2022', '2023', '2024', '2025']",5.0,7.0,,mls,mls
2vQ1R1wOMr,Taylor Calheira,2002-04-26,USA,FW,ST,,,2026,,,,mls,mls
2vQ1RXywMr,Diego Pepi,2004-12-19,USA,,,,,{},,,,mls,mls
2vQ1XX0qrA,Domenico Criscito,1986-12-30,Italy,DF,FB,,,2022,6.0,0.0,165.0,mls,mls
2vQ1Y30QrA,Juninho,1989-01-08,Brazil,MF,CM,,,"['2013', '2014', '2015', '2017', '2019']",5.0,7.0,146.0,mls,mls
2vQ1YBxQrA,Danny Mwanga,1991-07-17,DR Congo,FW,ST,,,"['2013', '2014', '2015']",6.0,2.0,176.0,mls,mls
2vQ1YoKQrA,Justin Morrow,1987-10-04,USA,DF,FB,,,"['2013', '2014', '2015', '2016', '2017', '2018', '2019', '2020', '2021']",5.0,9.0,165.0,mls,mls
2vQ1d3glqr,Adisa De Rosario,2004-10-27,USA,,,,,{},,,,mls,mls
2vQ1dJAxqr,Eric Klein,2006-11-20,USA,MF,W,,,"['2025', '2026']",,,,mls,mls
2vQ1dJk8qr,Adrian Pelayo,2006-05-16,Mexico,,,,,{},6.0,1.0,181.0,mls,mls
2vQ1dVAwqr,Célio Pompeu,1999-12-10,Brazil,MF,W,,,"['2023', '2024', '2025', '2026']",5.0,10.0,163.0,mls,mls
2vQ1dVlLqr,Alonso Jiménez,2001-08-20,Mexico,MF,DM,,,2024,,,,mls,mls
2vQ1dZ8Kqr,Lukas Engel,1998-12-14,Denmark,DF,CB,,FB,"['2025', '2026']",5.0,10.0,163.0,mls,mls
2vQ1dbG8qr,Rwan Cruz,2001-05-20,Brazil,FW,ST,,,2025,6.0,0.0,161.0,mls,mls
2vQ1dlaOqr,Aleksandr Guboglo,2007-03-20,Haiti,DF,FB,MF,W,"['2025', '2026']",,,,mls,mls
2vQ1dmoKqr,Chance Cowell,2008-07-05,Mexico,,,,,{},5.0,7.0,,mls,mls
2vQ1dr8bqr,Andrei Chirila,2008-08-15,USA,DF,CB,,,2026,,,,mls,mls
2vQ1dyZwqr,Geovane Jesus,2001-07-31,Brazil,DF,FB,,,2023,5.0,11.0,,mls,mls
2vQ1eBB8Qr,Troy Elgersma,,USA,FW,ST,MF,CM,2026,,,,mls,mls
2vQ1jG0bMr,Danny Flores,2002-04-06,USA,MF,W,,,2023,5.0,8.0,150.0,mls,mls
2vQ1jGzOMr,Ola Brynhildsen,1999-04-27,Norway,FW,ST,,,2025,5.0,9.0,154.0,mls,mls
2vQ1lKKqrA,Daniel Paladini,1984-11-11,USA,MF,DM,,,"['2013', '2014']",5.0,9.0,165.0,mls,mls
2vQ1pr0qrA,Jaime Penedo,1981-09-26,Panama,GK,GK,,,"['2013', '2014', '2015']",6.0,0.0,161.0,mls,mls
2vQ1pwxqrA,Michael Mancienne,1988-01-08,England,DF,CB,,,"['2018', '2019', '2020']",6.0,0.0,176.0,mls,mls
2vQ1zJ0MrA,Jeremy Brockie,1987-10-07,New Zealand,FW,ST,,,2013,6.0,0.0,176.0,mls,mls
315V1k0nM9,Nikola Djordjevic,2002-11-14,USA,MF,W,,,2026,5.0,9.0,174.0,mls,mls
315V60b59x,Tim Ream,1987-10-05,USA,DF,CB,,FB,"['2024', '2025', '2026']",6.0,1.0,176.0,mls,mls
315V7AgEq9,Peyton Miller,2007-11-08,USA,DF,FB,,,"['2024', '2025', '2026']",,,,mls,mls
315V7An9q9,Christian McFarlane,2007-01-25,USA,DF,FB,,,2024,6.0,0.0,139.0,mls,mls
315V7EGvq9,Ismael Koné,2002-06-06,Ivory Coast,MF,CM,,,2022,6.0,2.0,168.0,mls,mls
315V7V1Yq9,Leonardo Barroso,2005-06-12,Portugal,DF,FB,,,"['2025', '2026']",,,,mls,mls
315V7Z2Vq9,Dor Turgeman,2003-10-24,Israel,FW,ST,,,"['2025', '2026']",,,,mls,mls
315V7bLYq9,Reid Roberts,2003-12-09,USA,DF,CB,,,"['2025', '2026']",6.0,1.0,179.0,mls,mls
315V7ox6q9,Alexis Manyoma,2003-01-30,Colombia,MF,W,,,"['2025', '2026']",5.0,6.0,,mls,mls
315V7yb6q9,Jordan Knight,2002-06-13,Canada,MF,AM,,,2026,,,,mls,mls
315V7zn7q9,Sofiane Djeffal,1999-04-19,France,MF,CM,,DM,"['2022', '2023']",,,,mls,mls
315V8r9Q9x,Paolo Tornaghi,1988-06-21,Italy,GK,GK,,,"['2013', '2016', '2017']",6.0,4.0,185.0,mls,mls
315VBbE59x,Gorka Larrea,1984-04-07,Spain,MF,DM,,,2014,5.0,11.0,165.0,mls,mls
315VDkYQ9x,A.J. DeLaGarza,1987-11-04,USA,DF,FB,,,"['2013', '2014', '2015', '2016', '2017', '2018', '2019', '2020', '2021', '2022']",5.0,9.0,152.0,mls,mls
315VKB6q9x,Scott Arfield,1988-11-01,Canada,MF,CM,,,"['2023', '2024']",5.0,10.0,154.0,mls,mls
315VKX7q9x,Luke Boden,1988-11-26,England,DF,FB,,,"['2015', '2016']",6.0,1.0,183.0,mls,mls
315VPGP7Q9,Bento Estrela,2006-10-02,USA,,,,,{},6.0,0.0,,mls,mls
315VPKlXQ9,Iván Jaime,2000-09-26,Spain,FW,W,MF,W,"['2025', '2026']",5.0,11.0,161.0,mls,mls
315VPPBEQ9,Tayvon Gray,2002-08-19,USA,DF,FB,,,"['2021', '2022', '2023', '2024', '2025', '2026']",5.0,8.0,161.0,mls,mls
315VPR6vQ9,Petar Musa,1998-03-04,Croatia,FW,ST,,,"['2024', '2025', '2026']",,,,mls,mls
315VPVXbQ9,Ibrahim Aliyu,2002-01-16,Nigeria,MF,W,FW,ST,"['2023', '2024', '2025', '2026']",,,,mls,mls
315VPZmnQ9,Aziel Jackson,2001-10-25,USA,MF,AM,,,"['2023', '2024', '2025', '2026']",5.0,9.0,,mls,mls
315VPg0EQ9,Christian Torres,2004-04-15,USA,FW,W,,,2020,5.0,10.0,141.0,mls,mls
315VPna6Q9,Sebastian Nava,2003-03-10,USA,,,,,{},5.0,8.0,148.0,mls,mls
315VPoB6Q9,Kayden Pierre,2003-02-16,USA,DF,FB,,,"['2022', '2023', '2024']",,,,mls,mls
315VPwe9Q9,Issiar Dramé,1999-02-16,France,,,,,{},,,,mls,mls
315VPxA7Q9,Prince Amponsah,2003-08-30,USA,,,,,{},5.0,11.0,,mls,mls
315VPxlGQ9,Tomas Giraldo,2003-03-08,Canada,,,,,{},6.0,0.0,163.0,mls,mls
315VX0x7Q9,Cole Missimo,1993-02-15,USA,,,,,{},,,,mls,mls
315VX3kGQ9,Wan Kuzain,1998-09-14,USA,MF,CM,,,2018,5.0,10.0,132.0,mls,mls
315VX4PEQ9,Luca De La Torre,1998-05-23,USA,MF,CM,,,"['2025', '2026']",5.0,10.0,148.0,mls,mls
315VX4g9Q9,Mauro Manotas,1995-07-15,Colombia,FW,ST,,,"['2015', '2016', '2017', '2018', '2019', '2020']",5.0,10.0,143.0,mls,mls
315VXDObQ9,Christian Makoun,2000-03-05,Venezuela,DF,CB,,,"['2020', '2021', '2022', '2023']",5.0,7.0,163.0,mls,mls
315VXGwYQ9,Aaron Jones,1994-03-12,England,,,,,{},5.0,9.0,161.0,mls,mls
315VXNkGQ9,Carlos Coronel,1996-12-29,Brazil,GK,GK,,,"['2019', '2021', '2022', '2023', '2024', '2025']",6.0,4.0,194.0,mls,mls
315VXO8XQ9,Tomas Totland,1999-09-28,Norway,DF,FB,,,"['2024', '2025', '2026']",5.0,11.0,,mls,mls
315VXPJEQ9,Julio Cascante,1993-10-03,Costa Rica,DF,CB,,,"['2018', '2019', '2020', '2021', '2022', '2023', '2024', '2025']",6.0,1.0,,mls,mls
315VXenbQ9,Taylor Peay,1991-09-05,USA,DF,FB,,,"['2015', '2016', '2018']",6.0,2.0,181.0,mls,mls
315VXepvQ9,Matt Bersano,1992-09-10,USA,GK,GK,,,2022,6.0,1.0,185.0,mls,mls
315VXoGEQ9,Jordan McCrary,1993-07-28,USA,DF,FB,,,2018,5.0,9.0,165.0,mls,mls
315VXoL7Q9,Emanuel Reynoso,1995-11-16,Argentina,MF,AM,,,"['2020', '2021', '2022', '2023', '2024']",5.0,10.0,143.0,mls,mls
315VXpO9Q9,Ahmed Hamdi,1998-02-10,Egypt,MF,CM,,AM,"['2021', '2022', '2023']",5.0,10.0,150.0,mls,mls
315VXrYYQ9,Jacob Lissek,1992-08-17,USA,,,,,{},6.0,3.0,190.0,mls,mls
315VXwg9Q9,Eric López,1999-03-05,USA,,,,,{},6.0,1.0,165.0,mls,mls
315VXyJXQ9,Andrew Gutman,1996-10-02,USA,DF,FB,,,"['2019', '2020', '2021', '2022', '2023', '2024', '2025', '2026']",5.0,10.0,159.0,mls,mls
315VXzv6Q9,Mario González,1996-02-25,Spain,FW,ST,,,2023,,,,mls,mls
315VanvM9x,Lovel Palmer,1984-08-30,Jamaica,DF,FB,,,"['2013', '2014', '2015']",5.0,10.0,161.0,mls,mls
315VdlXQ9x,Gale Agbossoumonde,1991-11-17,USA,DF,CB,,,2013,6.0,2.0,185.0,mls,mls
315Ve68YM9,Dylan Castanheira,1995-05-23,USA,,,,,{},6.0,2.0,201.0,mls,mls
315VeK4YM9,Raphael Augusto,1991-03-06,Brazil,MF,CM,,AM,2013,5.0,11.0,172.0,mls,mls
315VeN4YM9,Anderson Conceicão,1989-10-24,Brazil,DF,CB,,,2016,6.0,2.0,179.0,mls,mls
315VeP16M9,Stephen McCarthy,1988-07-21,USA,DF,CB,,,"['2013', '2014']",6.0,5.0,192.0,mls,mls
315Veb1EM9,Junior Burgos,1988-08-14,El Salvador,,,,,{},5.0,11.0,165.0,mls,mls
315VebavM9,Jonny Steele,1986-02-07,Northern Ireland,MF,W,,,"['2013', '2014']",6.0,0.0,181.0,mls,mls
315VedBGM9,Mitchell Taintor,1994-09-11,USA,DF,CB,,,2018,6.0,2.0,185.0,mls,mls
315VedN9M9,Joe Nasco,1984-06-18,USA,GK,GK,,,2014,6.0,3.0,207.0,mls,mls
315Veg7YM9,Bradlee Baladez,1991-08-08,USA,MF,W,,,2013,6.0,1.0,185.0,mls,mls
315VelRbM9,Joevin Jones,1991-08-03,Trinidad & Tobago,DF,FB,,,"['2015', '2016', '2017', '2019', '2020', '2021', '2022']",5.0,7.0,141.0,mls,mls
315VenZbM9,Emmanuel Más,1989-01-15,Argentina,DF,FB,,,2021,5.0,11.0,179.0,mls,mls
315VevzEM9,Anthony Arena,1990-08-03,USA,DF,CB,,,2013,5.0,11.0,172.0,mls,mls
315VewLVM9,David Viana,1992-01-22,France,,,,,{},5.0,8.0,161.0,mls,mls
315Vk6vbq9,Wallis Lapsley,1997-04-14,USA,,,,,{},6.0,4.0,174.0,mls,mls
315VkJ1Yq9,Ian Murphy,2000-01-16,USA,DF,CB,,,"['2022', '2023', '2024', '2025', '2026']",,,,mls,mls
315VkJ7nq9,Georges Mukumbilwa,1999-09-23,Canada,MF,CM,,,2019,5.0,11.0,161.0,mls,mls
315VkkGq9x,Jermain Defoe,1982-10-07,England,FW,ST,,,2014,5.0,7.0,143.0,mls,mls
315Vl66Q9x,Francois Affolter,1991-03-13,Switzerland,DF,CB,,,"['2017', '2018', '2019']",6.0,1.0,168.0,mls,mls
315VrKY59x,Wells Thompson,1983-11-25,USA,DF,FB,,,2013,5.0,10.0,157.0,mls,mls
315Vv9b59x,Adrien Regattin,1991-08-22,Morocco,FW,ST,,,2020,5.0,6.0,146.0,mls,mls
315Vz8n59x,Ola Kamara,1989-10-15,Norway,FW,ST,,,"['2016', '2017', '2018', '2019', '2020', '2021', '2022']",6.0,0.0,179.0,mls,mls
3Xj5Y7wQbd,Zat Knight,1980-05-02,England,DF,CB,,,2014,6.0,6.0,227.0,mls,mls
4JMA0w7QKg,Jo Inge Berget,1990-09-11,Norway,FW,ST,,,2018,6.0,0.0,172.0,mls,mls
4JMA1m7MKg,Kelvin Leerdam,1990-06-24,Netherlands,DF,FB,,,"['2017', '2018', '2019', '2020', '2021', '2022', '2023']",5.0,10.0,174.0,mls,mls
4JMA1yOMKg,Victor Pálsson,1991-04-30,Iceland,DF,CB,,,"['2022', '2023']",6.0,1.0,172.0,mls,mls
4JMA2D75Kg,Bill Hamid,1990-11-25,USA,GK,GK,,,"['2013', '2014', '2015', '2016', '2017', '2018', '2019', '2020', '2021', '2022']",6.0,3.0,227.0,mls,mls
4JMA806QKg,Obafemi Martins,1984-10-28,Nigeria,FW,ST,,,"['2013', '2014', '2015']",5.0,7.0,154.0,mls,mls
4JMA8GYQKg,Liam Ridgewell,1984-07-21,England,DF,CB,,,"['2014', '2015', '2016', '2017', '2018']",6.0,2.0,176.0,mls,mls
4JMA8koOQK,Joshua Bolma,2002-04-10,Ghana,MF,DM,,,2023,5.0,9.0,135.0,mls,mls
4JMA8yE6QK,Cole Johnson,2002-04-08,USA,,,,,{},,,,mls,mls
4JMA8yzPQK,Ousmane Sylla,2001-08-07,Senegal,,,,,{},5.0,8.0,170.0,mls,mls
4JMA97YkMK,Matheus Rossetto,1996-06-03,Brazil,MF,DM,,CM,"['2020', '2021', '2022', '2023']",5.0,11.0,165.0,mls,mls
4JMA9GAYMK,Oniel Fisher,1991-11-22,Jamaica,DF,FB,,,"['2015', '2016', '2017', '2018', '2020', '2021', '2022']",5.0,9.0,154.0,mls,mls
4JMA9R42MK,Adam Buksa,1996-07-12,Poland,FW,ST,,,"['2020', '2021', '2022']",6.0,3.0,172.0,mls,mls
4JMA9XLYMK,Anatole Bertrand-Abang,1996-07-06,Cameroon,FW,ST,,,"['2015', '2016']",6.0,1.0,159.0,mls,mls
4JMA9dW2MK,Bradford Jamieson,1996-10-18,USA,MF,W,,,"['2014', '2015', '2016', '2017', '2018']",6.0,1.0,165.0,mls,mls
4JMA9lv2MK,José Hernández,1996-04-12,USA,MF,W,,,2017,5.0,3.0,126.0,mls,mls
4JMA9y3YMK,Isaac Angking,2000-01-24,USA,MF,W,,,2018,5.0,10.0,159.0,mls,mls
4JMAJAO5Kg,Kyle Reynish,1983-11-03,USA,GK,GK,,,"['2014', '2017']",6.0,3.0,194.0,mls,mls
4JMAJYO5Kg,Anthony Wallace,1989-01-26,USA,DF,FB,,,"['2013', '2015']",5.0,11.0,161.0,mls,mls
4JMAL2wlQK,Phelipe,1999-02-08,Brazil,GK,GK,,,"['2020', '2021']",6.0,1.0,181.0,mls,mls
4JMALwAlQK,Giovanni Aguilar,1998-03-08,USA,MF,DM,,,2023,6.0,0.0,176.0,mls,mls
4JMAP39QKg,Scott Sutter,1986-05-13,Switzerland,DF,FB,,,"['2017', '2018', '2019']",5.0,11.0,176.0,mls,mls
4JMAR995Kg,Danny Califf,1980-03-17,USA,DF,CB,,,2013,6.0,2.0,185.0,mls,mls
4JMAR9x75K,Toto Majub,,Uganda,,,,,{},,,,mls,mls
4JMARyP65K,Arnau Farnós,2003-01-18,Spain,MF,W,,AM,2026,5.0,9.0,,mls,mls
4JMAa3WYMK,Jack Barmby,1994-11-14,England,MF,W,,,"['2016', '2017']",5.0,10.0,163.0,mls,mls
4JMAaBP6MK,Maxim Tissot,1992-04-13,Canada,DF,FB,MF,W,"['2013', '2014', '2015', '2016', '2017']",5.0,11.0,163.0,mls,mls
4JMAaDJ9MK,Charlie Rugg,1990-10-02,USA,FW,ST,,,2013,6.0,0.0,192.0,mls,mls
4JMAaDnlMK,Stéfano Pinho,1991-01-12,Brazil,MF,W,FW,ST,2018,6.0,1.0,172.0,mls,mls
4JMAaDp2MK,Aljaž Ivačič,1993-12-29,Slovenia,GK,GK,,,"['2020', '2021', '2022', '2023', '2024', '2025']",6.0,2.0,179.0,mls,mls
4JMAaEp9MK,Sam Nicholson,1995-01-20,Scotland,MF,W,,,"['2017', '2018', '2019', '2020', '2022', '2023']",5.0,9.0,157.0,mls,mls
4JMAaExYMK,Fraser Aird,1995-02-02,Canada,DF,FB,,,2016,5.0,8.0,154.0,mls,mls
4JMAaOVDMK,Shay Facey,1995-01-07,England,DF,CB,,,2015,5.0,10.0,141.0,mls,mls
4JMAaRwPMK,Héctor Herrera,1990-04-19,Mexico,MF,DM,,CM,"['2022', '2023', '2024', '2026']",6.0,1.0,176.0,mls,mls
4JMAaaxkMK,Sebastian Lletget,1992-09-03,USA,MF,CM,,,"['2015', '2016', '2017', '2018', '2019', '2020', '2021', '2022', '2023', '2024', '2025']",5.0,10.0,152.0,mls,mls
4JMAam67MK,Taxiarchis Fountas,1995-09-04,Greece,FW,ST,MF,AM,"['2022', '2023']",5.0,7.0,143.0,mls,mls
4JMAaoZ6MK,Joao Plata,1992-03-01,Ecuador,MF,W,FW,ST,"['2013', '2014', '2015', '2016', '2017', '2018', '2019']",5.0,2.0,137.0,mls,mls
4JMAaoa7MK,Héctor Jiménez,1988-11-03,USA,DF,FB,,,"['2013', '2014', '2015', '2016', '2017', '2018', '2019', '2020', '2021', '2022', '2023', '2024']",5.0,9.0,141.0,mls,mls
4JMAaogDMK,Jimmy Maurer,1988-10-14,USA,GK,GK,,,"['2018', '2019', '2020', '2021', '2022', '2023', '2024', '2025', '2026']",6.0,2.0,187.0,mls,mls
4JMAaozOMK,Josh Ford,1987-11-06,USA,GK,GK,,,2015,6.0,0.0,181.0,mls,mls
4JMAapD9MK,Johan Blomberg,1987-06-14,Sweden,MF,CM,,,"['2018', '2019']",5.0,10.0,143.0,mls,mls
4JMAbZl5Kg,Vito Wormgoor,1988-11-16,Netherlands,DF,CB,,,"['2020', '2021']",6.0,2.0,179.0,mls,mls
4JMAk1lYqK,Nehuen Benedetti,2005-02-24,Argentina,MF,CM,,,2026,5.0,10.0,170.0,mls,mls
4JMAk2EkqK,Alexander Shaw,2008-04-03,USA,MF,DM,,,2026,,,,mls,mls
4JMAk3z9qK,Thomas Gillier,2004-05-28,Chile,GK,GK,,,"['2025', '2026']",,,,mls,mls
4JMAk7nkqK,Devin Padelford,2003-01-03,USA,DF,FB,,CB,"['2023', '2024', '2025', '2026']",6.0,0.0,174.0,mls,mls
4JMAka69qK,Andrew Moran,2003-10-15,Republic of Ireland,MF,CM,FW,W,2025,,,,mls,mls
4JMAkkK1qK,Preston Judd,1999-05-28,USA,FW,ST,,,"['2023', '2024', '2025', '2026']",6.0,2.0,185.0,mls,mls
4JMAkx19qK,Michael Creek,1998-05-03,USA,,,,,{},6.0,2.0,194.0,mls,mls
4JMAkxD7qK,Ethan Bandré,1998-09-14,USA,,,,,{},6.0,2.0,185.0,mls,mls
4JMAkzG1qK,Axel Kei,2007-12-30,USA,FW,ST,,,2023,6.0,1.0,161.0,mls,mls
4JMAkzjkqK,Ervin Torres,2007-11-14,USA,FW,W,,,"['2024', '2025', '2026']",,,,mls,mls
4JMAn0k5Kg,Hernán Bernardello,1986-08-03,Argentina,MF,DM,,CM,"['2013', '2014', '2016', '2017']",5.0,7.0,170.0,mls,mls
4JMAnx65Kg,Thomas Müller,1989-09-13,Germany,MF,AM,,,"['2025', '2026']",6.0,1.0,165.0,mls,mls
4JMAoJNkqK,Jonathan Pérez,2003-01-18,USA,MF,W,,,"['2021', '2022', '2023', '2024', '2025']",5.0,7.0,123.0,mls,mls
4JMAoJgYqK,Cade Cowell,2003-10-14,USA,MF,W,FW,W,"['2020', '2021', '2022', '2023', '2026']",5.0,10.0,163.0,mls,mls
4JMAoL97qK,Julián Carranza,2000-05-22,Argentina,FW,ST,,,"['2020', '2021', '2022', '2023', '2024']",6.0,0.0,165.0,mls,mls
4JMAoR9lqK,Osaze Urhoghide,2000-07-04,England,DF,CB,,,"['2025', '2026']",6.0,2.0,172.0,mls,mls
4JMAoZr1qK,Kamron Habibullah,2003-11-23,Canada,MF,CM,FW,ST,2021,5.0,7.0,150.0,mls,mls
4JMAolz1qK,Dani Pereira,2000-07-14,Venezuela,MF,DM,,CM,"['2021', '2022', '2023', '2024', '2025', '2026']",5.0,9.0,,mls,mls
4JMAomalqK,José Fajardo,1993-08-18,Panama,FW,ST,,,2023,5.0,11.0,176.0,mls,mls
4JMAormOqK,David Da Costa,2001-01-05,Portugal,MF,AM,,,"['2025', '2026']",5.0,6.0,141.0,mls,mls
4JMAovGOqK,Tanner Tessmann,2001-09-24,USA,MF,DM,,,"['2020', '2021']",6.0,4.0,190.0,mls,mls
4JMAw92qKg,Chris Schuler,1987-09-09,USA,DF,CB,,,"['2013', '2014', '2015', '2016', '2017', '2018']",6.0,4.0,185.0,mls,mls
4wM40A4MjB,Chris Seitz,1987-03-12,USA,GK,GK,,,"['2013', '2014', '2015', '2016', '2017', '2018', '2019', '2020', '2021']",6.0,4.0,238.0,mls,mls
4wM40zyMjB,Yura Movsisyan,1987-08-02,Armenia,FW,ST,,,"['2016', '2017', '2018']",6.0,0.0,176.0,mls,mls
4wM420oAqj,Ian Christianson,1991-03-06,USA,DF,FB,,,2014,5.0,11.0,157.0,mls,mls
4wM4260lqj,Kofi Opare,1990-10-12,USA,DF,CB,,,"['2013', '2014', '2015', '2016', '2017', '2018', '2019']",6.0,2.0,192.0,mls,mls
4wM42Belqj,Mark Delgado,1995-05-16,USA,MF,CM,,,"['2013', '2014', '2015', '2016', '2017', '2018', '2019', '2020', '2021', '2022', '2023', '2024', '2025', '2026']",5.0,9.0,148.0,mls,mls
4wM42Jezqj,A.J. Soares,1988-11-28,USA,DF,CB,,,"['2013', '2014']",6.0,0.0,172.0,mls,mls
4wM42Jrzqj,Moises Hernandez,1992-03-05,USA,DF,FB,,,"['2014', '2015']",6.0,0.0,170.0,mls,mls
4wM42Nxdqj,Angeliño,1997-01-04,Spain,DF,FB,,,2015,5.0,7.0,152.0,mls,mls
4wM42W7lqj,Alejandro Guido,1994-03-22,USA,,,,,{},5.0,11.0,174.0,mls,mls
4wM42WlNqj,Gelmin Rivas,1989-03-23,Venezuela,FW,ST,,,2020,6.0,1.0,185.0,mls,mls
4wM42XlqjB,Jamie Smith,1980-11-20,Scotland,MF,CM,,,2013,5.0,8.0,165.0,mls,mls
4wM42Zd4qj,Josh Williams,1988-04-18,USA,DF,CB,,,"['2013', '2014', '2015', '2016', '2017', '2018', '2019', '2020', '2021', '2022']",6.0,2.0,194.0,mls,mls
4wM42drkqj,Josh Sims,1997-03-28,England,MF,W,,,"['2019', '2020']",5.0,9.0,148.0,mls,mls
4wM42eXAqj,Cody Cropper,1993-02-16,USA,GK,GK,,,"['2016', '2017', '2019', '2021', '2022']",6.0,3.0,201.0,mls,mls
4wM42jPpqj,Kendall McIntosh,1994-01-24,USA,GK,GK,,,"['2022', '2023']",6.0,0.0,168.0,mls,mls
4wM42xoAqj,Harry Novillo,1992-02-11,France,FW,W,,,2019,6.0,0.0,176.0,mls,mls
4wM42xzBqj,Matías Laba,1991-12-11,Argentina,MF,DM,,,"['2013', '2014', '2015', '2016', '2017']",5.0,9.0,157.0,mls,mls
4wM46RpqjB,Emil Forsberg,1991-10-23,Sweden,MF,AM,,,"['2024', '2025', '2026']",5.0,10.0,168.0,mls,mls
4wM4E1og5j,Malcolm Fry,2005-05-15,USA,MF,W,FW,ST,"['2024', '2026']",5.0,9.0,157.0,mls,mls
4wM4E6A5jB,Kaká,1982-04-22,Brazil,MF,AM,,,"['2015', '2016', '2017']",6.0,1.0,172.0,mls,mls
4wM4E8Xg5j,Chris Donovan,2000-08-08,USA,FW,ST,,,"['2022', '2023', '2024', '2025']",,,,mls,mls
4wM4EBbB5j,Gavin Turner,2007-01-05,USA,FW,ST,,,"['2025', '2026']",5.0,6.0,141.0,mls,mls
4wM4EBoz5j,Rohan Rajagopal,2007-06-12,USA,,,,,{},,,,mls,mls
4wM4ENag5j,Ryen Jiba,2001-04-29,USA,,,,,{},5.0,11.0,135.0,mls,mls
4wM4EmLl5j,Daniel Pinter,2007-06-06,Hungary,MF,W,,,"['2025', '2026']",,,,mls,mls
4wM4J01Nqj,Rocco Rios Novo,2002-06-04,Argentina,GK,GK,,,"['2022', '2025', '2026']",5.0,10.0,154.0,mls,mls
4wM4J0KNqj,Peglow,2002-01-07,Brazil,MF,W,,,"['2025', '2026']",5.0,9.0,143.0,mls,mls
4wM4J12kqj,Omar Browne,1994-05-03,Panama,FW,W,,,2019,5.0,8.0,159.0,mls,mls
4wM4J2pBqj,Aaron Cervantes,2002-03-20,USA,,,,,{},5.0,11.0,165.0,mls,mls
4wM4J6bBqj,Ivan Losenko,2004-07-24,Ukraine,,,,,{},,,,mls,mls
4wM4J8bNqj,Owen Wolff,2004-12-30,USA,MF,W,,,"['2021', '2022', '2023', '2024', '2025', '2026']",5.0,9.0,146.0,mls,mls
4wM4J9zlqj,Pedro de la Vega,2001-02-07,Argentina,MF,W,,,"['2024', '2025']",5.0,9.0,148.0,mls,mls
4wM4JDRzqj,Harvey Neville,2002-06-26,England,DF,FB,,,"['2022', '2023']",,,,mls,mls
4wM4JGRNqj,Joshué Quiñonez,2001-05-29,Ecuador,DF,CB,,FB,2022,5.0,11.0,172.0,mls,mls
4wM4JGblqj,Sean Nealis,1997-01-13,USA,DF,CB,,,"['2019', '2020', '2021', '2022', '2023', '2024', '2025', '2026']",6.0,1.0,183.0,mls,mls
4wM4JZezqj,Dagur Dan Thórhallsson,2000-05-02,Iceland,DF,FB,,,"['2023', '2024', '2025', '2026']",5.0,10.0,,mls,mls
4wM4JbWzqj,Carl Sainté,2002-08-09,Haiti,MF,DM,,CM,2024,6.0,1.0,181.0,mls,mls
4wM4Jgkgqj,Matías Galarza,2002-02-11,Paraguay,MF,CM,,,2026,5.0,9.0,148.0,mls,mls
4wM4JkaAqj,Thiago Fernandes,2001-03-13,Brazil,MF,W,,,2022,,,,mls,mls
4wM4JlEyqj,Kervin Arriaga,1998-01-05,Honduras,MF,DM,,,"['2022', '2023', '2024']",,,,mls,mls
4wM4JmKAqj,Santiago Moreno,2000-04-21,Colombia,MF,W,,,"['2021', '2022', '2023', '2024', '2025', '2026']",5.0,8.0,148.0,mls,mls
4wM4Jmjdqj,Anderson Asiedu,1996-06-12,Ghana,,,,,{},5.0,6.0,,mls,mls
4wM4JrbBqj,Pavel Bucha,1998-03-11,Czech Republic,MF,CM,,,"['2024', '2025', '2026']",5.0,9.0,154.0,mls,mls
4wM4JvpBqj,Christian Olivares,2002-02-04,USA,,,,,{},6.0,4.0,194.0,mls,mls
4wM4Jwdzqj,Jahkeele Marshall-Rutty,2004-06-16,Canada,DF,FB,,,"['2020', '2021', '2022', '2023', '2024', '2025', '2026']",5.0,7.0,135.0,mls,mls
4wM4JxLpqj,Austin Causey,2001-08-20,USA,,,,,{},6.0,1.0,174.0,mls,mls
4wM4JxWpqj,Jonathan Sirois,2001-06-27,Canada,GK,GK,,,"['2023', '2024', '2025', '2026']",6.0,0.0,163.0,mls,mls
4wM4JxwBqj,Daniel Munie,2000-02-10,USA,DF,CB,,,"['2023', '2024', '2025', '2026']",6.0,0.0,181.0,mls,mls
4wM4JyWBqj,Thiago Andrade,2000-10-31,Brazil,MF,W,,,"['2021', '2022', '2023']",5.0,11.0,150.0,mls,mls
4wM4LABMjB,Kristinn Steindórsson,1990-04-29,Iceland,MF,W,,,2015,5.0,8.0,154.0,mls,mls
4wM4LV4MjB,Jukka Raitala,1988-09-15,Finland,DF,CB,,FB,"['2017', '2018', '2019', '2020', '2021']",5.0,11.0,168.0,mls,mls
4wM4NZyqjB,Sam Cronin,1986-12-12,USA,MF,DM,,CM,"['2013', '2014', '2015', '2016', '2017']",5.0,10.0,165.0,mls,mls
4wM4a8ep5j,Riley McGree,1998-11-02,Australia,,,,,{},5.0,10.0,,mls,mls
4wM4a9Gl5j,Coco Carrasquilla,1998-11-28,Panama,MF,W,,,"['2021', '2022', '2023', '2024']",5.0,7.0,141.0,mls,mls
4wM4aBOp5j,Mohammed Adams,1996-09-23,England,MF,CM,,DM,"['2018', '2019', '2020', '2021', '2022']",5.0,6.0,165.0,mls,mls
4wM4aGAz5j,Marshall Hollingsworth,1993-08-06,USA,,,,,{},5.0,8.0,159.0,mls,mls
4wM4aNJN5j,Yevhen Cheberko,1998-01-23,Ukraine,DF,CB,,,"['2023', '2024', '2025', '2026']",6.0,0.0,146.0,mls,mls
4wM4aRPp5j,Samuel Shashoua,1999-05-13,England,MF,DM,FW,ST,"['2024', '2025']",,,,mls,mls
4wM4aRZA5j,Ben McKendry,1993-03-25,Canada,MF,CM,,,2017,5.0,11.0,159.0,mls,mls
4wM4aeBz5j,Jake McGuire,1994-09-03,USA,,,,,{},6.0,4.0,174.0,mls,mls
4wM4aeDN5j,Joel Qwiberg,1992-10-09,Sweden,DF,FB,,,2018,5.0,7.0,150.0,mls,mls
4wM4aljy5j,Raul Mendiola,1994-05-18,USA,MF,W,,,"['2014', '2016', '2017']",5.0,8.0,152.0,mls,mls
4wM4an045j,David Ochoa,2001-01-16,USA,GK,GK,,,"['2020', '2021', '2022', '2025']",6.0,2.0,174.0,mls,mls
4wM4ao0z5j,Kristoffer Reaves,1995-10-11,USA,DF,CB,,FB,2018,6.0,2.0,161.0,mls,mls
4wM4aomy5j,Reggie Cannon,1998-06-11,USA,DF,FB,,,"['2017', '2018', '2019', '2020', '2024', '2025', '2026']",5.0,11.0,163.0,mls,mls
4wM4awnp5j,Joey Calistri,1993-11-20,USA,FW,W,,,2016,5.0,10.0,161.0,mls,mls
4wM4ejN5jB,David Villa,1981-12-03,Spain,FW,ST,,,"['2015', '2016', '2017', '2018']",5.0,9.0,152.0,mls,mls
4wM4ep9N5j,Mijahir Jiménez,2007-03-28,Panama,FW,ST,,,2026,6.0,2.0,,mls,mls
4wM4kvpQjB,Maicon Santos,1984-04-18,Brazil,FW,ST,,,2013,6.0,1.0,187.0,mls,mls
4wM4pJzNMj,Ibrahim Kasule,2004-02-17,Uganda,MF,W,,,2023,,,,mls,mls
4wM4pNPgMj,Grayson Doody,2002-03-20,USA,,,,,{},,,,mls,mls
4wM4pewlMj,Sal Olivas,2006-07-11,USA,FW,ST,,,"['2025', '2026']",,,,mls,mls
4wM4pp44Mj,Joey Akpunonu,2001-12-21,USA,DF,FB,,,2023,6.0,3.0,185.0,mls,mls
4wM4prJlMj,Levonte Johnson,1999-03-15,Canada,FW,ST,,W,"['2023', '2024']",5.0,10.0,185.0,mls,mls
4wM4zKAqjB,Onyekachi Apam,1986-12-30,Nigeria,,,,,{},5.0,9.0,185.0,mls,mls
7VqG006dQv,Malik Pinto,2002-08-09,USA,MF,CM,,,"['2023', '2024']",,,,mls,mls
7VqG008YQv,Stephen Eustáquio,1996-12-21,Canada,MF,DM,,CM,2026,5.0,10.0,154.0,mls,mls
7VqG00bXQv,Hayden Sargis,2002-05-02,USA,DF,CB,,,"['2023', '2024']",6.0,0.0,170.0,mls,mls
7VqG00lAQv,Benjamin Redzic,2002-09-26,USA,MF,DM,,,2022,5.0,11.0,154.0,mls,mls
7VqG00yjQv,Adam Armour,2002-09-27,USA,MF,W,,,2022,5.0,9.0,146.0,mls,mls
7VqG013AQv,Wilfredo Rivera,2003-10-14,Puerto Rico,,,,,{},5.0,4.0,141.0,mls,mls
7VqG01AzQv,Alexander Alvarado,1999-04-21,Ecuador,MF,W,,,"['2020', '2021']",5.0,5.0,148.0,mls,mls
7VqG044WQv,Mateo Bajamich,1999-08-03,Argentina,FW,ST,,,2021,,,,mls,mls
7VqG07YAQv,Yohei Takaoka,1996-03-16,Japan,GK,GK,,,"['2023', '2024', '2025', '2026']",6.0,0.0,176.0,mls,mls
7VqG080xQv,Nicksoen Gomis,2002-03-15,France,DF,CB,,,"['2024', '2025', '2026']",,,,mls,mls
7VqG08vjQv,David Ayala,2002-07-26,Argentina,MF,DM,,CM,"['2022', '2023', '2024', '2025', '2026']",5.0,7.0,137.0,mls,mls
7VqG08wXQv,Wikelman Carmona,2003-02-24,Venezuela,MF,W,,,"['2021', '2022', '2023', '2024', '2025', '2026']",5.0,8.0,157.0,mls,mls
7VqG0EkYQv,Daniel Rios,2003-03-29,USA,,,,,{},5.0,1.0,146.0,mls,mls
7VqG0GzzQv,Alexander Aravena,2002-09-06,Chile,MF,W,,,2026,5.0,9.0,154.0,mls,mls
7VqG0O76Qv,Selmir Miscic,2003-01-23,USA,,,,,{},5.0,7.0,139.0,mls,mls
7VqG0VJWQv,Jacob Akanyirige,2001-12-30,USA,DF,CB,,,2020,5.0,11.0,159.0,mls,mls
7VqG0XxeQv,Hugo Mbongue,2004-07-27,Canada,FW,ST,,,"['2022', '2023']",,,,mls,mls
7VqG0Z6YQv,Tarun Karumanchi,2003-04-01,USA,MF,CM,,,2026,5.0,11.0,,mls,mls
7VqG0ZGYQv,Diego Luna,2003-09-07,USA,MF,W,,,"['2022', '2023', '2024', '2025', '2026']",5.0,8.0,187.0,mls,mls
7VqG0b7jQv,Nökkvi Thórisson,1999-08-13,Iceland,MF,W,FW,ST,"['2023', '2024']",,,,mls,mls
7VqG0dN3Qv,Isaac Atanga,2000-06-14,Ghana,MF,W,FW,W,"['2021', '2022']",,,,mls,mls
7VqG0jDzQv,Maren Haile-Selassie,1999-03-13,Switzerland,MF,W,,,"['2023', '2024', '2025', '2026']",5.0,10.0,150.0,mls,mls
7VqG0oaYQv,Abdoulaye Cissoko,1999-12-27,France,DF,CB,,,"['2021', '2022', '2023']",6.0,2.0,161.0,mls,mls
7VqG0wE6Qv,Nathan Saliba,2004-02-07,Canada,MF,CM,,,"['2023', '2024', '2025']",5.0,8.0,157.0,mls,mls
7VqG0xmYQv,Cole Mrowka,2006-04-06,USA,MF,CM,,AM,"['2024', '2025']",,,,mls,mls
7VqG1rWMvW,Tranquillo Barnetta,1985-05-22,Switzerland,MF,AM,,,"['2015', '2016']",5.0,10.0,154.0,mls,mls
7VqG376xqv,Thorleifur Úlfarsson,2000-12-27,Iceland,FW,ST,,,"['2022', '2023']",,,,mls,mls
7VqG3Kk6qv,Belal Halbouni,1999-12-29,Syria,DF,CB,,,"['2024', '2025']",6.0,2.0,187.0,mls,mls
7VqG3Onxqv,AJ Marcucci,1999-07-31,USA,GK,GK,,,2025,6.0,4.0,190.0,mls,mls
7VqG3Vmjqv,Patrick Yazbek,2002-04-05,Australia,MF,CM,,DM,"['2024', '2025', '2026']",6.0,0.0,172.0,mls,mls
7VqG3dLjqv,Artem Smoliakov,2003-05-29,Ukraine,DF,FB,,,"['2025', '2026']",5.0,11.0,154.0,mls,mls
7VqG3kazqv,Cristiano Oliveira,2008-03-30,USA,DF,FB,,,2026,,,,mls,mls
7VqG3l0xqv,Pedro Soma,2006-06-30,USA,MF,DM,,CM,"['2025', '2026']",5.0,10.0,,mls,mls
7VqG3nxqvW,Pablo Mastroeni,1976-08-29,USA,MF,CM,,DM,2013,5.0,10.0,172.0,mls,mls
7VqG3oYqvW,Florent Sinama-Pongolle,1984-10-20,France,FW,ST,MF,W,2014,5.0,9.0,154.0,mls,mls
7VqG3zbWqv,George Asomani,1999-03-26,Ghana,,,,,{},,,,mls,mls
7VqG6OX5vW,Gary Mackay-Steven,1990-08-31,Scotland,MF,W,,,"['2019', '2020']",5.0,8.0,154.0,mls,mls
7VqG82XQvW,Álvaro Fernández,1985-10-11,Uruguay,MF,W,,,"['2016', '2017']",6.0,1.0,161.0,mls,mls
7VqGDK6QvW,Eric Brunner,1986-02-12,USA,DF,CB,,,"['2013', '2014']",6.0,4.0,172.0,mls,mls
7VqGDgAQvW,David Junior Hoilett,1990-06-05,Canada,FW,ST,,,2023,5.0,8.0,154.0,mls,mls
7VqGG6dqvW,Mike Chabala,1984-05-24,USA,DF,FB,,,2013,6.0,0.0,176.0,mls,mls
7VqGGGdqvW,Chris Wingert,1982-06-16,USA,DF,FB,,,"['2013', '2014', '2015', '2016', '2017']",5.0,11.0,165.0,mls,mls
7VqGJ2P35v,Theo Bair,1999-08-27,Canada,FW,ST,,,"['2019', '2020', '2021']",6.0,3.0,212.0,mls,mls
7VqGJ2r65v,Luca Lewis,2001-02-22,USA,,,,,{},,,,mls,mls
7VqGJAXx5v,Eric Dick,1994-10-03,USA,GK,GK,,,2019,6.0,5.0,205.0,mls,mls
7VqGL1GzQv,Jaden Jones-Riley,2001-08-30,USA,,,,,{},5.0,9.0,,mls,mls
7VqGL7PeQv,Baye Coulibaly,2006-01-08,Mali,MF,AM,,DM,2025,6.0,0.0,,mls,mls
7VqGLJn6Qv,Hennadiy Synchuk,2006-07-10,Ukraine,MF,W,,,"['2025', '2026']",6.0,0.0,176.0,mls,mls
7VqGLa36Qv,Kimani Stewart-Baynes,2005-01-17,Canada,MF,W,,,"['2024', '2025', '2026']",5.0,9.0,,mls,mls
7VqGLmZYQv,Kenyel Michel,2004-09-17,Costa Rica,,,,,{},,,,mls,mls
7VqGWEeqvW,Kevin Doyle,1983-09-18,Republic of Ireland,FW,ST,,,"['2015', '2016', '2017']",5.0,11.0,174.0,mls,mls
7VqGZ9Dj5v,Oscar Avilez,2010-03-16,USA,,,,,{},5.0,8.0,,mls,mls
7VqGZdjW5v,Fletcher Bank,2003-05-01,USA,MF,W,,,2026,5.0,10.0,165.0,mls,mls
7VqGb0X5vW,Soni Mustivar,1990-02-12,Haiti,MF,DM,,,"['2015', '2016', '2017']",5.0,9.0,150.0,mls,mls
7VqGdaAQvW,Pedro Morales,1985-05-25,Chile,MF,AM,,,"['2014', '2015', '2016']",5.0,11.0,172.0,mls,mls
7VqGeBYMvW,Peterson Joseph,1990-04-24,Haiti,MF,CM,,,2013,5.0,8.0,132.0,mls,mls
7VqGgAXqvW,Daigo Kobayashi,1983-02-19,Japan,MF,CM,,DM,"['2013', '2014', '2015', '2016', '2017']",5.0,10.0,157.0,mls,mls
7VqGgNjqvW,Milos Kocic,1985-06-04,Serbia,GK,GK,,,2013,6.0,4.0,201.0,mls,mls
7VqGgRWqvW,Lamine Sané,1987-03-22,Senegal,DF,CB,,,"['2018', '2019']",6.0,4.0,170.0,mls,mls
7VqGj0aX5v,Johan Venegas,1988-11-27,Costa Rica,MF,AM,,,"['2015', '2016', '2017']",6.0,0.0,168.0,mls,mls
7VqGj3RA5v,Samuel Piette,1994-11-12,Canada,MF,CM,,DM,"['2017', '2018', '2019', '2020', '2021', '2022', '2023', '2024', '2025', '2026']",5.0,7.0,161.0,mls,mls
7VqGj7ee5v,Lassi Lappalainen,1998-08-24,Finland,DF,FB,,,"['2019', '2020', '2021', '2022', '2023', '2024', '2025']",6.0,0.0,168.0,mls,mls
7VqGj9E35v,Cameron Porter,1993-05-23,USA,FW,ST,,W,"['2015', '2016', '2017']",6.0,1.0,176.0,mls,mls
7VqGjBpz5v,Jared Stroud,1996-07-10,USA,MF,W,,,"['2020', '2021', '2022', '2023', '2024', '2025', '2026']",5.0,10.0,154.0,mls,mls
7VqGjDBX5v,Justin Garces,2000-08-23,USA,,,,,{},6.0,1.0,161.0,mls,mls
7VqGjDgY5v,Justin Rennicks,1999-03-20,USA,FW,ST,,,"['2019', '2020', '2021', '2022', '2023']",5.0,8.0,154.0,mls,mls
7VqGjDxW5v,Femi Hollinger-Janzen,1993-12-14,Benin,FW,ST,,,"['2016', '2017']",5.0,11.0,174.0,mls,mls
7VqGjEe65v,Orji Okwonkwo,1998-01-19,Nigeria,MF,W,FW,W,"['2019', '2020']",5.0,9.0,161.0,mls,mls
7VqGjEpj5v,Germán Berterame,1998-11-13,Argentina,FW,ST,,,2026,5.0,8.0,143.0,mls,mls
7VqGjKre5v,Nico Benalcazar,2001-06-06,USA,MF,CM,,,2023,5.0,11.0,154.0,mls,mls
7VqGjNoz5v,Fabio Pereira,1991-10-19,Brazil,,,,,{},6.0,0.0,174.0,mls,mls
7VqGjPKj5v,Jhohan Romaña,1998-09-13,Colombia,DF,CB,,,"['2021', '2022']",6.0,1.0,174.0,mls,mls
7VqGjPNA5v,Rocco Romeo,2000-03-25,Canada,,,,,{},6.0,3.0,161.0,mls,mls
7VqGjPpz5v,Logan Gdula,1996-10-13,USA,,,,,{},5.0,11.0,159.0,mls,mls
7VqGjPwe5v,Samuel Grandsir,1996-08-14,France,MF,W,,,"['2021', '2022']",5.0,7.0,143.0,mls,mls
7VqGjRDY5v,Diadie Samassékou,1996-01-11,Mali,MF,CM,,,"['2025', '2026']",5.0,10.0,150.0,mls,mls
7VqGjYLd5v,Brendan Moore,1992-04-16,USA,,,,,{},6.0,2.0,201.0,mls,mls
7VqGjZZA5v,Brent Kallman,1990-10-04,USA,DF,CB,,,"['2017', '2018', '2019', '2020', '2021', '2022', '2023', '2024']",6.0,2.0,190.0,mls,mls
7VqGja3A5v,Kendall Waston,1988-01-01,Costa Rica,DF,CB,,,"['2014', '2015', '2016', '2017', '2018', '2019', '2020']",6.0,5.0,196.0,mls,mls
7VqGjbre5v,Bruno Wilson,1996-12-27,Portugal,DF,CB,,,"['2024', '2025']",6.0,4.0,172.0,mls,mls
7VqGjlNY5v,Alex Crognale,1994-08-27,USA,DF,CB,,,"['2017', '2018', '2019']",6.0,5.0,205.0,mls,mls
7VqGjvBj5v,Roberto Domínguez,1997-05-09,El Salvador,,,,,{},6.0,1.0,,mls,mls
7VqGjwB65v,Jonathan Klinsmann,1997-04-08,USA,GK,GK,,,"['2020', '2021', '2023']",6.0,4.0,196.0,mls,mls
7VqGjyKA5v,Amadou Dia,1993-06-08,France,DF,FB,,,"['2015', '2016', '2020', '2021']",5.0,10.0,154.0,mls,mls
7VqGm2OYMv,Tim Leibold,1993-11-30,Germany,DF,FB,,,"['2023', '2024', '2025']",5.0,9.0,159.0,mls,mls
7VqGm973Mv,Will Bates,1991-04-01,USA,,,,,{},6.0,0.0,185.0,mls,mls
7VqGmAvAMv,Christian Mafla,1993-01-15,Colombia,DF,FB,,,2021,5.0,9.0,154.0,mls,mls
7VqGmBnXMv,Santiago Castaño,1995-04-14,Colombia,,,,,{},6.0,2.0,185.0,mls,mls
7VqGmGZzMv,Eric Bird,1993-04-08,USA,MF,DM,,,2018,5.0,11.0,174.0,mls,mls
7VqGmO0eMv,Calum Mallace,1990-01-10,USA,MF,DM,,,"['2013', '2014', '2015', '2016', '2017', '2018']",6.0,1.0,183.0,mls,mls
7VqGmO8WMv,Cësar Díaz Pizarro,1990-09-15,USA,,,,,{},6.0,1.0,176.0,mls,mls
7VqGmOgeMv,Lucas Melano,1993-03-01,Argentina,MF,W,,,"['2015', '2016', '2018', '2019']",5.0,7.0,157.0,mls,mls
7VqGmOljMv,Steve Clark,1986-04-14,USA,GK,GK,,,"['2014', '2015', '2016', '2017', '2018', '2019', '2020', '2021', '2022', '2023', '2024']",6.0,2.0,194.0,mls,mls
7VqGmWK6Mv,Andrés Escobar,1991-05-04,Colombia,MF,W,,,2014,5.0,6.0,146.0,mls,mls
7VqGmYJAMv,André Gomes,1993-07-30,Portugal,MF,CM,,,2026,6.0,2.0,185.0,mls,mls
7VqGmeGYMv,Dylan Remick,1991-05-19,USA,DF,FB,,,"['2013', '2014', '2015', '2016', '2017']",6.0,0.0,165.0,mls,mls
7VqGmePWMv,Michael Bustamante,1989-09-21,USA,MF,CM,,,2013,5.0,9.0,161.0,mls,mls
7VqGmebWMv,Leo Fernandes,1991-12-23,USA,MF,W,,,"['2013', '2014', '2016']",6.0,1.0,165.0,mls,mls
7VqGmlO3Mv,Matthew Jones,1986-11-05,England,GK,GK,,,2016,6.0,3.0,183.0,mls,mls
7VqGmlz3Mv,Angelo Rodríguez,1989-04-04,Colombia,FW,ST,,,"['2018', '2019']",6.0,0.0,176.0,mls,mls
7VqGmmzzMv,Luis Muriel,1991-04-16,Colombia,FW,ST,,,"['2024', '2025']",5.0,10.0,174.0,mls,mls
7VqGmnyzMv,Ali Adnan,1993-12-19,Iraq,DF,FB,,,"['2019', '2020']",6.0,1.0,168.0,mls,mls
7VqGmob3Mv,Andre Blake,1990-11-21,Jamaica,GK,GK,,,"['2014', '2015', '2016', '2017', '2018', '2019', '2020', '2021', '2022', '2023', '2024', '2025', '2026']",6.0,4.0,176.0,mls,mls
7VqGnBd5vW,Borek Dockal,1988-09-30,Czech Republic,MF,AM,,,2018,6.0,0.0,159.0,mls,mls
7VqGo1zqvW,Johnny Leverón,1990-02-07,Honduras,DF,CB,,,"['2013', '2014']",5.0,11.0,165.0,mls,mls
7VqGoadqvW,Marcelo Silva,1989-03-21,Uruguay,DF,CB,,,"['2017', '2018', '2019', '2020', '2021', '2022', '2023', '2024']",6.0,1.0,201.0,mls,mls
7VqGpdjQvW,Antoine Griezmann,1991-03-21,France,FW,ST,,,2026,5.0,9.0,161.0,mls,mls
7VqGz665vW,Chris Rolfe,1983-01-17,USA,MF,W,FW,ST,"['2013', '2014', '2015', '2016']",5.0,9.0,146.0,mls,mls
7vQ732gYQD,Kyle Hyland,1991-03-01,USA,,,,,{},5.0,7.0,150.0,mls,mls
7vQ736YGQD,Luis González,1990-12-22,Venezuela,MF,W,,DM,2017,5.0,7.0,146.0,mls,mls
7vQ73A1dQD,David Arshakyan,1994-08-16,Armenia,FW,ST,,,"['2016', '2017']",6.0,5.0,,mls,mls
7vQ73B4GQD,Konrad Warzycha,1989-02-14,USA,MF,CM,,,2013,6.0,1.0,192.0,mls,mls
7vQ73KrGQD,Alec Kann,1990-08-08,USA,GK,GK,,,"['2015', '2016', '2017', '2018', '2021', '2022', '2023', '2024']",6.0,4.0,192.0,mls,mls
7vQ73NxYQD,Kelyn Rowe,1991-12-02,USA,MF,W,,,"['2013', '2014', '2015', '2016', '2017', '2018', '2019', '2020', '2021', '2022', '2023']",5.0,8.0,152.0,mls,mls
7vQ73Y9EQD,Rafinha,1993-02-12,Brazil,,,,,{},5.0,9.0,157.0,mls,mls
7vQ73daLQD,Lawrence Olum,1984-07-10,Kenya,MF,DM,DF,CB,"['2013', '2014', '2016', '2017', '2018', '2019']",6.0,2.0,185.0,mls,mls
7vQ73eoDQD,Nemanja Radoja,1993-02-06,Serbia,MF,DM,,,"['2023', '2024', '2025']",6.0,1.0,170.0,mls,mls
7vQ73mYLQD,Phanuel Kavita,1993-03-09,USA,DF,CB,,,"['2015', '2016']",6.0,1.0,185.0,mls,mls
7vQ73orEQD,DeAndre Yedlin,1993-07-09,USA,DF,FB,,,"['2013', '2014', '2022', '2023', '2024', '2025', '2026']",5.0,8.0,161.0,mls,mls
7vQ73pdzQD,John Stertzer,1990-10-04,USA,MF,CM,,DM,"['2013', '2014', '2015', '2016', '2017']",6.0,0.0,172.0,mls,mls
7vQ73wYGQD,Héber,1991-08-10,Brazil,FW,ST,,,"['2019', '2020', '2021', '2022', '2023']",5.0,11.0,159.0,mls,mls
7vQ74zEMD1,Andrew Driver,1987-11-20,England,MF,CM,,W,"['2013', '2014']",5.0,9.0,154.0,mls,mls
7vQ7ANe5D1,Aaron Maund,1990-09-19,USA,DF,CB,,,"['2013', '2014', '2015', '2016', '2017', '2018']",6.0,1.0,185.0,mls,mls
7vQ7B9nEqD,Isaiah LeFlore,2002-12-11,USA,,,,,{},5.0,9.0,159.0,mls,mls
7vQ7BBR8qD,Zack Farnsworth,2002-07-13,USA,,,,,{},6.0,1.0,165.0,mls,mls
7vQ7BBoEqD,Diego Gonzalez,2002-10-16,USA,,,,,{},,,,mls,mls
7vQ7BYdeqD,Dru Yearwood,2000-02-17,England,MF,CM,,DM,"['2020', '2021', '2022', '2023', '2024']",5.0,9.0,,mls,mls
7vQ7Ba4YqD,Marlon Vargas,2001-01-12,USA,MF,CM,,,2023,5.0,4.0,135.0,mls,mls
7vQ7BardqD,Frederik Kleemann,1999-03-19,USA,MF,DM,DF,CB,2021,6.0,4.0,,mls,mls
7vQ7BdJOqD,Micael DeShields,1998-04-23,USA,,,,,{},,,,mls,mls
7vQ7BmAzqD,Hassani Dotson,1997-08-06,USA,MF,DM,,,"['2019', '2020', '2021', '2022', '2023', '2024', '2025', '2026']",5.0,11.0,170.0,mls,mls
7vQ7Bmj8qD,Nicolás Acevedo,1999-04-14,Uruguay,MF,DM,,,"['2020', '2021', '2022']",5.0,10.0,165.0,mls,mls
7vQ7Bvx8qD,Christopher Garcia,2003-01-13,USA,MF,W,,,"['2020', '2022']",5.0,6.0,135.0,mls,mls
7vQ7J8JYqD,Joseph Paintsil,1998-02-01,Ghana,FW,W,MF,W,"['2024', '2025', '2026']",5.0,7.0,154.0,mls,mls
7vQ7J8VDqD,Derek Dodson,1998-11-03,USA,DF,FB,,,2025,6.0,0.0,,mls,mls
7vQ7J9g2qD,Charlie Ostrem,1999-12-10,USA,,,,,{},5.0,9.0,163.0,mls,mls
7vQ7J9k2qD,Noble Okello,2000-07-20,Canada,MF,DM,,,"['2020', '2021', '2022']",6.0,5.0,181.0,mls,mls
7vQ7JODqD1,John Thorrington,1979-10-17,USA,MF,CM,,,2013,5.0,8.0,152.0,mls,mls
7vQ7P8eMD1,Kamani Hill,1985-12-28,USA,MF,W,,,"['2013', '2014']",6.0,0.0,176.0,mls,mls
7vQ7RPYqD1,Claudio Bieler,1984-03-01,Argentina,FW,ST,,,"['2013', '2014']",5.0,11.0,172.0,mls,mls
7vQ7X1OMD1,Agustín Pelletieri,1982-05-17,Argentina,MF,CM,,DM,2014,5.0,8.0,161.0,mls,mls
7vQ7eEPE5D,Allan Oyirwoth,2007-01-23,Uganda,MF,CM,,,2025,6.0,1.0,168.0,mls,mls
7vQ7eNPO5D,Mohammed Sofo,2004-11-30,Ghana,MF,W,,,"['2024', '2025', '2026']",,,,mls,mls
7vQ7eNjG5D,Maximus Ekk,2005-08-28,USA,,,,,{},5.0,10.0,181.0,mls,mls
7vQ7ew0z5D,Rodolfo Aloko,2006-12-26,Benin,MF,W,,,2026,5.0,8.0,,mls,mls
7vQ7r6LqD1,Oka Nikolov,1974-05-25,Macedonia,,,,,{},6.0,2.0,190.0,mls,mls
7vQ7r78eqD,Jeremiah Gutjahr,1997-08-10,USA,DF,FB,,,2019,5.0,10.0,161.0,mls,mls
7vQ7r9ODqD,George Marks,1999-11-10,USA,GK,GK,,,"['2022', '2023']",6.0,1.0,165.0,mls,mls
7vQ7rA7YqD,Will Sands,2000-07-06,USA,DF,FB,,,"['2022', '2023', '2024', '2025', '2026']",5.0,10.0,150.0,mls,mls
7vQ7rJ3eqD,Thiago Santos,1989-09-05,Brazil,MF,DM,,,2020,5.0,11.0,172.0,mls,mls
7vQ7rKGYqD,Andrew Thomas,1998-09-01,USA,GK,GK,,,"['2024', '2025', '2026']",6.0,2.0,,mls,mls
7vQ7rPpOqD,Russell Canouse,1995-06-11,USA,MF,CM,,DM,"['2017', '2018', '2019', '2020', '2021', '2022', '2023', '2024']",5.0,10.0,168.0,mls,mls
7vQ7rVvGqD,Kevin O'Toole,1998-12-14,USA,DF,FB,,,"['2022', '2023', '2024', '2025', '2026']",5.0,7.0,150.0,mls,mls
7vQ7rWkEqD,Timo Pitter,1992-09-01,Germany,MF,AM,,,2016,5.0,8.0,161.0,mls,mls
7vQ7rXdYqD,Ballou Tabla,1999-03-31,Canada,MF,W,,,"['2017', '2019', '2020', '2021']",5.0,9.0,154.0,mls,mls
7vQ7rYLOqD,George Fochive,1992-03-24,USA,MF,DM,,,"['2015', '2021', '2022']",5.0,9.0,174.0,mls,mls
7vQ7rkmOqD,Matej Dekovic,1993-09-19,Croatia,,,,,{},6.0,2.0,181.0,mls,mls
7vQ7rmKYqD,Abraham Romero,1998-02-18,Mexico,GK,GK,,,2024,6.0,3.0,179.0,mls,mls
7vQ7rmxEqD,Jamiro Monteiro,1993-11-23,Republic of Cape Verde,MF,CM,,AM,"['2019', '2020', '2021', '2022', '2023']",5.0,8.0,139.0,mls,mls
7vQ7rpEeqD,Anthony Manning,1992-09-04,USA,,,,,{},6.0,4.0,201.0,mls,mls
7vQ7rvNDqD,Cristian Dájome,1994-01-03,Colombia,DF,FB,,,"['2020', '2021', '2022', '2023', '2024']",5.0,8.0,154.0,mls,mls
7vQ7rvleqD,Matheus Silva,1996-12-08,Brazil,MF,CM,,,2016,6.0,2.0,196.0,mls,mls
7vQ7w3kLQD,Max Floriani,2003-02-06,USA,DF,CB,,,"['2025', '2026']",6.0,2.0,187.0,mls,mls
7vQ7wYXeQD,Nico Cavallo,2001-12-27,USA,DF,FB,,,"['2025', '2026']",6.0,1.0,181.0,mls,mls
7vQ7x6aOMD,Jeevan Badwal,2006-03-11,Canada,MF,W,,,"['2025', '2026']",,,,mls,mls
7vQ7xDEDMD,Max Schneider,2000-07-28,Germany,,,,,{},6.0,3.0,185.0,mls,mls
7vQ7xGkYMD,Oscar Verhoeven,2006-05-31,USA,DF,FB,,,"['2024', '2025', '2026']",,,,mls,mls
7vQ7xGnDMD,Enzo Newman,2005-12-08,USA,,,,,{},,,,mls,mls
7vQ7xNzdMD,Frankie Westfield,2005-12-09,USA,DF,FB,,,"['2025', '2026']",,,,mls,mls
7vQ7xWmYMD,Édier Ocampo,2003-10-03,Colombia,DF,FB,,,"['2024', '2025', '2026']",5.0,8.0,146.0,mls,mls
7vQ7xXx8MD,Ahmed Longmire,1999-10-11,USA,,,,,{},6.0,3.0,190.0,mls,mls
7vQ7xgKOMD,Sergio Oregel,2005-05-16,USA,MF,CM,,,"['2022', '2025', '2026']",5.0,9.0,143.0,mls,mls
7vQ7xm2dMD,Luis Rivera,2007-12-01,USA,,,,,{},,,,mls,mls
7vQ7xm8YMD,Davi Alexandre,2007-02-03,USA,,,,,{},,,,mls,mls
7vQ7xmZEMD,Johann Ortiz,2007-01-01,USA,,,,,{},5.0,9.0,168.0,mls,mls
7vQ7xpBzMD,Taha Habroune,2006-02-05,USA,MF,CM,,,"['2024', '2025', '2026']",,,,mls,mls
7vQ7yOz5D1,Leonardo,1988-02-05,Brazil,DF,CB,,,"['2013', '2014', '2015', '2016', '2017', '2018']",6.0,2.0,185.0,mls,mls
9Yqd2xmMvJ,Felipe Gutiérrez,1990-10-08,Chile,MF,CM,,,"['2018', '2019', '2022', '2023']",5.0,9.0,141.0,mls,mls
9Yqd4X9qvJ,James Rodríguez,1991-07-12,Colombia,MF,AM,,,2026,5.0,11.0,165.0,mls,mls
9Yqd4Y7qvJ,Quincy Amarikwa,1987-10-29,USA,FW,ST,,,"['2013', '2014', '2015', '2016', '2017', '2018', '2019']",5.0,9.0,181.0,mls,mls
9Yqd640kMv,Ezequiel Barco,1999-03-29,Argentina,MF,W,,,"['2018', '2019', '2020', '2021']",5.0,6.0,148.0,mls,mls
9Yqd679OMv,Jimmy Hague,1996-08-28,USA,,,,,{},6.0,1.0,187.0,mls,mls
9Yqd67xjMv,Connor Maloney,1995-05-18,USA,DF,FB,,,"['2017', '2018', '2019']",5.0,6.0,146.0,mls,mls
9Yqd6DX7Mv,Nicholas Hinds,1997-10-15,USA,,,,,{},5.0,8.0,135.0,mls,mls
9Yqd6OVEMv,Zach Ryan,1999-01-14,USA,FW,ST,,,2022,6.0,0.0,161.0,mls,mls
9Yqd6ar7Mv,Michael Kafari,1991-10-30,USA,,,,,{},6.0,1.0,176.0,mls,mls
9Yqd6lnRMv,Sagi Lev-Ari,1989-07-04,Israel,,,,,{},6.0,1.0,190.0,mls,mls
9Yqd6o8EMv,Billy Knutsen,1992-05-05,USA,,,,,{},6.0,2.0,185.0,mls,mls
9Yqd6pKkMv,Xande Silva,1997-03-16,Portugal,MF,W,,,"['2023', '2024', '2025']",5.0,10.0,152.0,mls,mls
9Yqd6yrkMv,Sergio Santos,1994-09-04,Brazil,FW,ST,,,"['2019', '2020', '2021', '2022', '2023', '2024', '2025', '2026']",6.0,0.0,185.0,mls,mls
9Yqd6zJLMv,Marcos López,1999-11-20,Peru,DF,FB,,,"['2019', '2020', '2021', '2022']",5.0,9.0,148.0,mls,mls
9Yqd6zYOMv,Steffen Yeates,2000-01-04,Canada,DF,FB,MF,CM,2022,5.0,6.0,157.0,mls,mls
9Yqd6zwjMv,Santiago Sosa,1999-05-03,Argentina,MF,DM,,,"['2021', '2022', '2023']",5.0,9.0,172.0,mls,mls
9Yqd8mLqvJ,Eric Avila,1987-11-24,USA,MF,W,DF,FB,"['2013', '2014', '2015']",5.0,8.0,152.0,mls,mls
9YqdEGEQvJ,Calen Carr,1982-10-04,USA,,,,,{},6.0,0.0,152.0,mls,mls
9YqdEVkQvJ,Arturo Álvarez,1985-06-28,El Salvador,MF,W,,,"['2016', '2017', '2018']",5.0,9.0,172.0,mls,mls
9YqdEp7QvJ,Sinisa Ubiparipovic,1983-08-25,Bosnia and Herzegovina,FW,ST,,,2013,5.0,9.0,154.0,mls,mls
9YqdKPj5vJ,Ryan Shawcross,1987-10-04,England,DF,CB,,,2021,6.0,3.0,168.0,mls,mls
9YqdW9a85v,Aaron Bibout,2004-09-03,Cameroon,FW,ST,,,2023,,,,mls,mls
9YqdWdRE5v,Herbert Endeley,2001-10-09,USA,DF,FB,,,"['2023', '2024']",2.0,3.0,392.0,mls,mls
9YqdWjPm5v,Luis Otávio,2007-04-12,Brazil,MF,DM,,CM,2026,,,,mls,mls
9YqdY1n9Qv,J.J. Williams,1998-01-04,USA,FW,ST,,,"['2019', '2020']",6.0,3.0,198.0,mls,mls
9YqdY2mRQv,Mathieu Choinière,1999-02-07,Canada,MF,CM,DF,FB,"['2018', '2019', '2021', '2022', '2023', '2024', '2025', '2026']",5.0,9.0,150.0,mls,mls
9Yqda9EQvJ,Peter Luccin,1979-04-09,France,MF,DM,,CM,"['2013', '2014']",5.0,11.0,174.0,mls,mls
9YqddY89qv,Cesar Ruvalcaba,2001-07-13,USA,DF,CB,,,2025,,,,mls,mls
9YqddlYkqv,Zamir Loyo Reynaga,2011-01-20,Mexico,,,,,{},,,,mls,mls
9Yqdj0LMvJ,Fernando Meza,1990-03-21,Argentina,DF,CB,,,2020,5.0,9.0,141.0,mls,mls
9Yqdk7R85v,Juan David Cabezas,1991-02-27,Colombia,MF,DM,,,"['2017', '2018', '2019']",6.0,0.0,174.0,mls,mls
9Yqdk9bk5v,Yohan Croizet,1992-02-15,France,MF,CM,,,"['2018', '2019']",5.0,10.0,170.0,mls,mls
9YqdkWYR5v,Andrés Flores,1990-08-31,El Salvador,MF,CM,,W,"['2018', '2019', '2020']",5.0,7.0,148.0,mls,mls
9YqdkXVO5v,Cristian Tello,1991-08-11,Spain,FW,W,,,2022,5.0,10.0,143.0,mls,mls
9Yqdkdym5v,Rafael Baca,1989-09-11,Mexico,MF,CM,,,2013,5.0,8.0,161.0,mls,mls
9Yqdko995v,Ryan Richter,1989-04-12,USA,DF,FB,,,2013,6.0,2.0,176.0,mls,mls
9YqdljOqvJ,Blerim Dzemaili,1986-04-12,Switzerland,MF,CM,,AM,2017,5.0,10.0,161.0,mls,mls
9YqdnlmMvJ,Claude Dielna,1987-12-14,France,DF,CB,,,"['2017', '2018', '2019']",6.0,0.0,190.0,mls,mls
9YqdoBDO5v,Antonio Carrera,2004-03-15,Mexico,,,,,{},6.0,4.0,161.0,mls,mls
9YqdoDvL5v,Jayden Hibbert,2004-08-05,Jamaica,GK,GK,,,2025,,,,mls,mls
9YqdoEb75v,Nicholas Pariano,2003-03-16,USA,,,,,{},,,,mls,mls
9YqdoPb85v,Santiago Patiño,1997-03-10,USA,FW,ST,,,"['2019', '2020']",6.0,1.0,161.0,mls,mls
9YqdoXJL5v,Woobens Pacius,2001-05-11,Canada,FW,ST,,,2026,6.0,1.0,174.0,mls,mls
9YqdoZeR5v,Alistair Johnston,1998-10-08,Canada,DF,FB,,,"['2020', '2021', '2022']",5.0,11.0,170.0,mls,mls
9YqdobRm5v,Maciel,2000-01-18,Brazil,MF,DM,,CM,"['2021', '2022']",5.0,6.0,150.0,mls,mls
9Yqdoey95v,Jan Sobociński,1999-03-20,Poland,DF,CB,,,"['2022', '2023']",6.0,1.0,,mls,mls
9YqdogzE5v,Rodney Redes,2000-02-22,Paraguay,MF,W,,,"['2021', '2022', '2023']",,,,mls,mls
9YqdokXR5v,Jhon Espinoza,1999-02-24,Ecuador,DF,FB,,,"['2021', '2022']",5.0,10.0,163.0,mls,mls
9YqdolyR5v,Đorđe Petrović,1999-10-08,Serbia,GK,GK,,,"['2022', '2023']",,,,mls,mls
9Yqdoo0L5v,Mark O'Neill,2002-03-08,USA,,,,,{},,,,mls,mls
9YqdooOE5v,Owen O'Malley,2001-10-01,USA,,,,,{},5.0,11.0,161.0,mls,mls
9Yqdw3L85v,Zidane Yañez,2008-01-26,USA,,,,,{},,,,mls,mls
9YqdwN6j5v,Caiser Gomes,2000-04-04,Guinea-Bissau,,,,,{},6.0,0.0,170.0,mls,mls
9YqdwNbk5v,Stanislav Lapkes,2006-03-03,USA,,,,,{},,,,mls,mls
9Yqdwg885v,Gilberto Flores,2003-04-01,Paraguay,DF,CB,,,"['2025', '2026']",5.0,10.0,172.0,mls,mls
9Yqdwlrj5v,Marco Pašalić,2000-09-14,Croatia,MF,W,,,"['2025', '2026']",5.0,10.0,163.0,mls,mls
9Yqdx3EqvJ,Benny Feilhaber,1985-01-19,USA,MF,CM,,,"['2013', '2014', '2015', '2016', '2017', '2018', '2019']",5.0,9.0,161.0,mls,mls
9YqdxKjqvJ,Oguchi Onyewu,1982-05-13,USA,DF,CB,,,2017,6.0,5.0,201.0,mls,mls
9Yqdxx8qvJ,Ibson,1983-11-07,Brazil,MF,DM,,CM,"['2017', '2018']",5.0,10.0,163.0,mls,mls
9vQ20zL5K6,Michael Harrington,1986-01-24,USA,DF,FB,,,"['2013', '2014', '2015', '2016', '2017']",6.0,0.0,172.0,mls,mls
9vQ223NeQK,Cal Jennings,1997-05-17,USA,FW,ST,,,"['2021', '2022']",6.0,0.0,163.0,mls,mls
9vQ226BxQK,Ryan Telfer,1994-03-04,Trinidad & Tobago,DF,FB,MF,W,"['2018', '2019']",5.0,11.0,150.0,mls,mls
9vQ229oLQK,Erik Thommy,1994-08-20,Germany,MF,CM,,,"['2022', '2023', '2024', '2025', '2026']",5.0,9.0,154.0,mls,mls
9vQ22Ap9QK,George Acosta,2000-01-19,USA,MF,CM,,,2022,5.0,7.0,130.0,mls,mls
9vQ22BPmQK,Matt Pacifici,1993-08-31,USA,,,,,{},6.0,2.0,181.0,mls,mls
9vQ22BR7QK,Jesús Ferreira,2000-12-24,USA,FW,ST,MF,AM,"['2017', '2018', '2019', '2020', '2021', '2022', '2023', '2024', '2025', '2026']",5.0,8.0,139.0,mls,mls
9vQ22DOxQK,Jonas Fjeldberg,1998-09-30,Norway,,,,,{},5.0,10.0,165.0,mls,mls
9vQ22J8aQK,Foster Langsdorf,1995-12-04,USA,FW,ST,,,"['2019', '2020', '2021']",5.0,10.0,163.0,mls,mls
9vQ22K1aQK,Zac Lubin,1989-08-19,USA,,,,,{},6.0,5.0,216.0,mls,mls
9vQ22OOoQK,Jackson Yueill,1997-03-19,USA,MF,CM,,DM,"['2017', '2018', '2019', '2020', '2021', '2022', '2023', '2024', '2025', '2026']",5.0,10.0,165.0,mls,mls
9vQ22PPmQK,José Leitón,1993-08-06,Costa Rica,MF,W,,,2017,5.0,9.0,159.0,mls,mls
9vQ22jRLQK,Daniel Lovitz,1991-08-27,USA,DF,FB,,,"['2014', '2015', '2016', '2017', '2018', '2019', '2020', '2021', '2022', '2023', '2024', '2025', '2026']",5.0,10.0,172.0,mls,mls
9vQ22nALQK,Daniel Ríos,1995-02-22,Mexico,FW,ST,,,"['2020', '2021', '2022', '2024', '2025', '2026']",6.0,1.0,185.0,mls,mls
9vQ22omrQK,Samuel Tetteh,1996-07-28,Ghana,FW,ST,MF,AM,2020,5.0,11.0,150.0,mls,mls
9vQ22pVaQK,Matt Polster,1993-06-08,USA,MF,DM,,,"['2015', '2016', '2017', '2018', '2020', '2021', '2022', '2023', '2024', '2025', '2026']",6.0,0.0,170.0,mls,mls
9vQ22vLrQK,Brandon Austin,1999-01-07,England,GK,GK,,,2021,6.0,2.0,181.0,mls,mls
9vQ246AL5K,Charles Ondo,2003-10-22,Equatorial Guinea,,,,,{},6.0,1.0,150.0,mls,mls
9vQ248BL5K,Idan Toklomati,2004-08-09,Israel,FW,ST,,,"['2024', '2025', '2026']",6.0,0.0,,mls,mls
9vQ24ABe5K,Adyn Torres,2007-11-13,USA,,,,,{},,,,mls,mls
9vQ24BKm5K,Giuseppe Bovalina,2004-11-11,Australia,DF,FB,,,"['2024', '2025']",,,,mls,mls
9vQ24Do5K6,Andreas Görlitz,1982-01-31,Germany,DF,FB,,,2014,5.0,11.0,172.0,mls,mls
9vQ24Gkx5K,Agustín Ojeda,2004-06-19,Argentina,MF,W,,,"['2024', '2025', '2026']",,,,mls,mls
9vQ24mpY5K,Jack Kortkamp,2008-01-28,USA,,,,,{},,,,mls,mls
9vQ24w7m5K,Zackory Campagnolo,2007-03-12,USA,,,,,{},,,,mls,mls
9vQ284e5K6,Erik Friberg,1986-02-10,Sweden,MF,CM,,DM,"['2015', '2016']",5.0,11.0,154.0,mls,mls
9vQ2B4LQK6,Adailton,1983-04-16,Brazil,DF,CB,,,2015,6.0,3.0,181.0,mls,mls
9vQ2N9NYQK,Chase Adams,2008-04-17,USA,FW,ST,,,2026,,,,mls,mls
9vQ2NBE7QK,Stephen Annor Gyamfi,2003-05-19,Ghana,,,,,{},,,,mls,mls
9vQ2NW1oQK,Diego Borges,2004-12-15,Brazil,DF,CB,,,2026,,,,mls,mls
9vQ2NWOYQK,Yutaro Tsukada,2001-07-28,Japan,MF,W,,,"['2024', '2026']",,,,mls,mls
9vQ2NkrQK6,Luke Moore,1986-02-13,England,FW,ST,,,"['2014', '2015']",5.0,9.0,168.0,mls,mls
9vQ2P9L5K6,Brad Ring,1987-04-07,USA,DF,CB,,,2013,5.0,10.0,165.0,mls,mls
9vQ2RBLQK6,Pablo Pintos,1987-07-01,Uruguay,DF,FB,,,2014,6.0,0.0,161.0,mls,mls
9vQ2VamQK6,Andrew Wiedeman,1989-08-22,USA,FW,ST,,,"['2013', '2014']",5.0,11.0,165.0,mls,mls
9vQ2VxoQK6,Bashkim Kadrii,1991-07-09,Denmark,MF,W,,,2017,5.0,9.0,157.0,mls,mls
9vQ2X1x5K6,Julio César,1979-09-03,Brazil,GK,GK,,,2014,6.0,1.0,176.0,mls,mls
9vQ2XzY5K6,Clyde Simms,1982-08-21,USA,MF,CM,,DM,2013,5.0,10.0,168.0,mls,mls
9vQ2YEmqK6,Rafael Romo,1990-02-25,Venezuela,GK,GK,,,2022,6.0,6.0,187.0,mls,mls
9vQ2Z1GaQK,Nathan Fogaça,1999-06-09,Brazil,FW,ST,,,"['2022', '2023', '2024']",5.0,10.0,,mls,mls
9vQ2Z3doQK,Louicius Don Deedson,2001-02-11,Haiti,DF,FB,,,"['2025', '2026']",5.0,10.0,157.0,mls,mls
9vQ2ZDwaQK,J.C. Ngando,1999-11-20,Cameroon,MF,CM,,,"['2023', '2025', '2026']",,,,mls,mls
9vQ2ZEYoQK,Strahinja Tanasijević,1997-06-12,Serbia,DF,CB,,,"['2024', '2025', '2026']",6.0,0.0,161.0,mls,mls
9vQ2ZNGLQK,Ben Bender,2001-03-07,USA,MF,CM,,W,"['2022', '2023', '2024', '2025', '2026']",,,,mls,mls
9vQ2ZWw1QK,Odin Thiago Holm,2003-01-18,Norway,MF,CM,,,2025,5.0,11.0,154.0,mls,mls
9vQ2ZaBoQK,Jonathan Jimenez,2001-04-25,Mexico,,,,,{},5.0,10.0,168.0,mls,mls
9vQ2ZdlYQK,Alfonso Ocampo-Chavez,2002-03-25,USA,FW,ST,,,2019,5.0,9.0,128.0,mls,mls
9vQ2ZdoLQK,Selmir Pidro,1998-03-03,Bosnia and Herzegovina,DF,FB,,,2023,,,,mls,mls
9vQ2ZemeQK,Mac Steeves,1994-07-31,USA,MF,AM,FW,ST,2018,6.0,3.0,205.0,mls,mls
9vQ2ZjbmQK,Jayden Nelson,2002-09-26,Canada,MF,W,,,"['2020', '2021', '2022', '2025', '2026']",5.0,9.0,141.0,mls,mls
9vQ2ZlkaQK,Matthew Edwards,2003-02-17,USA,DF,FB,,CB,"['2024', '2025', '2026']",5.0,10.0,174.0,mls,mls
9vQ2ZoR7QK,Andrés Herrera,1998-11-03,Argentina,DF,FB,,,"['2024', '2025', '2026']",,,,mls,mls
9vQ2ZrB1QK,Stipe Biuk,2002-12-26,Croatia,FW,W,,,2023,,,,mls,mls
9vQ2Zrj1QK,Ifunanyachi Achara,1997-09-28,Nigeria,MF,W,,,"['2020', '2021', '2022']",5.0,10.0,161.0,mls,mls
9vQ2Zx1xQK,Azaad Liadi,1998-05-14,USA,MF,AM,,,2022,6.0,1.0,185.0,mls,mls
9vQ2ZyAaQK,Fernando Álvarez,2003-08-24,USA,DF,CB,,,"['2023', '2024', '2025']",,,,mls,mls
9vQ2b9eQK6,Maikel van der Werff,1989-04-22,Netherlands,DF,CB,,,"['2019', '2020']",6.0,1.0,181.0,mls,mls
9vQ2d3X75K,Kellyn Acosta,1995-07-24,USA,MF,CM,,DM,"['2013', '2014', '2015', '2016', '2017', '2018', '2019', '2020', '2021', '2022', '2023', '2024', '2025']",5.0,10.0,150.0,mls,mls
9vQ2d66e5K,Stian Gregersen,1995-05-17,Norway,DF,CB,,,"['2024', '2025', '2026']",6.0,3.0,183.0,mls,mls
9vQ2d6yr5K,Jordy Delem,1993-03-18,Martinique,MF,DM,,,"['2017', '2018', '2019', '2020', '2021']",5.0,11.0,154.0,mls,mls
9vQ2dAKY5K,Sean Davis,1993-02-08,USA,MF,DM,,CM,"['2015', '2016', '2017', '2018', '2019', '2020', '2021', '2022', '2023', '2024']",6.0,0.0,165.0,mls,mls
9vQ2dRnL5K,Adrien Hunou,1994-01-19,France,FW,ST,,,"['2021', '2022']",5.0,9.0,146.0,mls,mls
9vQ2dZE15K,Will Bruin,1989-10-24,USA,FW,ST,,,"['2013', '2014', '2015', '2016', '2017', '2018', '2019', '2020', '2021', '2022', '2023']",6.0,2.0,196.0,mls,mls
9vQ2dZe15K,Jalil Anibaba,1988-10-19,USA,DF,CB,,FB,"['2013', '2014', '2015', '2016', '2017', '2018', '2019', '2020', '2021', '2022']",6.0,0.0,185.0,mls,mls
9vQ2da7x5K,Ezequiel Cirigliano,1992-01-24,Argentina,MF,DM,,,2015,5.0,8.0,154.0,mls,mls
9vQ2de8a5K,Erick Torres,1993-01-19,Mexico,FW,ST,,,"['2013', '2014', '2015', '2016', '2017', '2020', '2021']",5.0,11.0,170.0,mls,mls
9vQ2dey75K,Soony Saad,1992-08-17,USA,FW,W,,,"['2013', '2014', '2017']",5.0,10.0,165.0,mls,mls
9vQ2dgox5K,Carlos Alvarez,1990-11-12,USA,MF,W,,,"['2013', '2014', '2015']",5.0,10.0,161.0,mls,mls
9vQ2djYr5K,Zach Pfeffer,1995-01-06,USA,MF,DM,,W,"['2014', '2015']",5.0,8.0,146.0,mls,mls
9vQ2dlLa5K,Charlie Ward,1995-02-14,England,MF,DM,,CM,2017,5.0,8.0,161.0,mls,mls
9vQ2dn3m5K,Luis Garrido,1990-11-05,Honduras,MF,CM,,,"['2014', '2015']",5.0,7.0,154.0,mls,mls
9vQ2dpZa5K,Tony Cascio,1990-03-28,USA,MF,CM,,,"['2013', '2014']",6.0,0.0,172.0,mls,mls
9vQ2dyB95K,Bryan Meredith,1989-08-02,USA,GK,GK,,,"['2018', '2020']",6.0,2.0,196.0,mls,mls
9vQ2dzzm5K,Héctor Villalba,1994-07-26,Argentina,MF,W,,,"['2017', '2018', '2019']",5.0,8.0,148.0,mls,mls
9vQ2kxaMK6,Collen Warner,1988-06-24,USA,MF,DM,,CM,"['2013', '2014', '2015', '2016', '2017', '2018', '2020', '2021', '2022']",5.0,10.0,179.0,mls,mls
9vQ2oymMK6,Pa Modou Kah,1980-07-30,Norway,DF,CB,,,"['2013', '2014', '2015', '2016']",6.0,1.0,176.0,mls,mls
9vQ2rx9QK6,Juan Manuel Martínez,1985-10-25,Argentina,FW,W,,,"['2015', '2016']",5.0,9.0,161.0,mls,mls
9vQ2x7r5K6,Camilo Sanvezzo,1988-07-21,Brazil,FW,W,,,2013,5.0,7.0,157.0,mls,mls
9vQ2zAYQK6,Sebastien Le Toux,1984-01-10,France,MF,W,,,"['2013', '2014', '2015', '2016', '2017']",6.0,0.0,157.0,mls,mls
9z5k31KP5A,Caden Glover,2007-03-08,USA,FW,ST,,,"['2023', '2024']",,,,mls,mls
9z5k33zb5A,Benie Traore,2002-11-30,Ivory Coast,FW,W,,ST,2026,5.0,8.0,141.0,mls,mls
9z5k36ra5A,Loïc Mesanvi,2003-10-06,Togo,FW,W,,,"['2024', '2025']",,,,mls,mls
9z5k3O7J5A,Marcelo Morales,2003-06-06,Chile,DF,FB,,,2025,5.0,8.0,123.0,mls,mls
9z5k3dYa5A,Richard Odada,2000-11-25,Kenya,,,,,{},,,,mls,mls
9z5k3nlg5A,Anisse Saidi,2008-06-20,USA,MF,CM,,W,"['2025', '2026']",,,,mls,mls
9z5k3r7a5A,Christopher Cupps,2008-05-26,USA,DF,CB,,,"['2025', '2026']",,,,mls,mls
9z5k3yPJ5A,Juan Villa,2008-01-03,USA,,,,,{},,,,mls,mls
9z5k4OJqA3,Kevin Alston,1988-05-05,USA,DF,FB,,,"['2013', '2014', '2015', '2016']",5.0,9.0,161.0,mls,mls
9z5k71be5A,Dave Romney,1993-06-12,USA,DF,CB,,,"['2015', '2016', '2017', '2018', '2019', '2020', '2021', '2022', '2023', '2024', '2025', '2026']",6.0,2.0,190.0,mls,mls
9z5k73zl5A,Larry Jackson,1990-09-28,USA,,,,,{},6.0,1.0,181.0,mls,mls
9z5k76Yd5A,Alexandros Katranis,1998-05-04,Greece,DF,FB,,,"['2024', '2025', '2026']",5.0,9.0,154.0,mls,mls
9z5k780l5A,Pablo Aránguiz,1997-03-17,Chile,MF,AM,,W,"['2018', '2019']",5.0,9.0,157.0,mls,mls
9z5k7OJJ5A,Yeferson Soteldo,1997-06-30,Venezuela,MF,W,,,2021,5.0,3.0,121.0,mls,mls
9z5k7VrY5A,Toni Datkovic,1993-11-06,Croatia,DF,CB,,,2021,6.0,3.0,172.0,mls,mls
9z5k7X9J5A,Blake Bodily,1998-01-13,USA,MF,W,FW,ST,"['2020', '2021', '2022']",5.0,9.0,150.0,mls,mls
9z5k7XrJ5A,Daniel Johnson,1995-09-07,USA,MF,W,DF,FB,"['2017', '2018']",5.0,9.0,139.0,mls,mls
9z5k7bJl5A,Tommy Redding,1997-01-24,USA,DF,CB,,,"['2015', '2016', '2017', '2018']",6.0,2.0,181.0,mls,mls
9z5k7kBJ5A,Sigurd Rosted,1994-07-22,Norway,DF,CB,,,"['2023', '2024', '2025']",6.0,3.0,176.0,mls,mls
9z5k7rej5A,Brandon Vázquez,1998-10-14,,FW,ST,,,"['2017', '2018', '2019', '2020', '2021', '2022', '2023', '2025', '2026']",6.0,2.0,196.0,mls,mls
9z5k7rnY5A,Christian Lucatero,1997-06-17,USA,,,,,{},5.0,9.0,146.0,mls,mls
9z5k7zAl5A,Marcus Godinho,1997-06-28,Canada,DF,FB,,,"['2021', '2022']",5.0,10.0,154.0,mls,mls
9z5kADPQA3,Digão,1985-08-14,Brazil,,,,,{},6.0,4.0,205.0,mls,mls
9z5kDYaqA3,Jon Erice,1986-11-03,Spain,MF,DM,,,2019,5.0,10.0,159.0,mls,mls
9z5kGga5A3,Sean Johnson,1989-05-31,USA,GK,GK,,,"['2013', '2014', '2015', '2016', '2017', '2018', '2019', '2020', '2021', '2022', '2023', '2024', '2025', '2026']",6.0,3.0,218.0,mls,mls
9z5kJpJMA3,Andy Dorman,1982-05-01,Wales,MF,DM,,,"['2013', '2014', '2015']",6.0,1.0,161.0,mls,mls
9z5kNOEdMA,Michael Sullivan,2003-03-03,USA,MF,CM,,,2025,6.0,0.0,170.0,mls,mls
9z5kPRgqA3,Félix Borja,1983-04-02,Ecuador,FW,ST,,,2014,5.0,10.0,157.0,mls,mls
9z5kRvdMA3,Andrea Pirlo,1979-05-19,Italy,MF,CM,,DM,"['2015', '2016', '2017']",5.0,10.0,150.0,mls,mls
9z5kWA8b5A,Dekwon Barrow,2004-01-16,Canada,,,,,{},,,,mls,mls
9z5kWANg5A,Pedrinho,2006-06-28,Brazil,MF,AM,,,2026,6.0,0.0,152.0,mls,mls
9z5ka8adQA,Ryan Gauld,1995-12-16,Scotland,MF,AM,,,"['2021', '2022', '2023', '2024', '2025', '2026']",5.0,7.0,150.0,mls,mls
9z5ka8kbQA,Mitch Hildebrandt,1988-11-12,USA,,,,,{},6.0,1.0,190.0,mls,mls
9z5kaAePQA,Maximiliano Rodriguez,1994-04-01,Argentina,,,,,{},5.0,10.0,181.0,mls,mls
9z5kaAnKQA,Wilfried Zahibo,1993-08-21,France,MF,DM,,CM,"['2018', '2019', '2020']",6.0,2.0,170.0,mls,mls
9z5kaDXPQA,Anton Nedyalkov,1993-04-30,Bulgaria,DF,FB,,,2018,6.0,0.0,154.0,mls,mls
9z5kaV3gQA,Jürgen Locadia,1993-11-07,Netherlands,FW,ST,,,"['2020', '2021']",6.0,2.0,194.0,mls,mls
9z5kaZEYQA,Alex Caskey,1988-07-22,USA,MF,W,,,"['2013', '2014']",5.0,10.0,154.0,mls,mls
9z5kaZNPQA,Sergio Camargo,1994-08-16,Canada,,,,,{},5.0,5.0,163.0,mls,mls
9z5kaZePQA,Patrick McLain,1988-08-22,USA,GK,GK,,,"['2013', '2016', '2018']",6.0,3.0,207.0,mls,mls
9z5kabNlQA,Michael Farfan,1988-06-23,USA,MF,W,,,"['2013', '2015', '2016']",5.0,9.0,161.0,mls,mls
9z5kabkaQA,Gabriel Farfán,1988-06-23,USA,MF,CM,,,2013,5.0,10.0,165.0,mls,mls
9z5kaeZKQA,Andrés Correa,1994-01-29,Colombia,,,,,{},5.0,10.0,161.0,mls,mls
9z5kagOjQA,RJ Allen,1990-04-17,USA,DF,FB,,,"['2015', '2016', '2017', '2018']",5.0,11.0,165.0,mls,mls
9z5kakyJQA,Tyler Pasher,1994-04-27,Canada,FW,W,MF,W,"['2017', '2021', '2022']",5.0,11.0,159.0,mls,mls
9z5kamgdQA,Jimmy Medranda,1994-02-07,Colombia,DF,FB,,,"['2013', '2014', '2015', '2016', '2017', '2018', '2019', '2020', '2021', '2022', '2023']",5.0,5.0,152.0,mls,mls
9z5karAKQA,Nick Hagglund,1992-09-14,USA,DF,CB,,,"['2014', '2015', '2016', '2017', '2018', '2019', '2020', '2021', '2022', '2023', '2024', '2025', '2026']",6.0,0.0,159.0,mls,mls
9z5kawgbQA,Emilio Orozco,1992-04-29,USA,,,,,{},5.0,11.0,165.0,mls,mls
9z5kb3yPMA,Déiber Caicedo,2000-03-25,Colombia,FW,W,,,"['2021', '2022', '2023', '2024']",5.0,5.0,135.0,mls,mls
9z5kb8dJMA,Raul Gustavo,1999-04-24,Brazil,DF,CB,,,"['2025', '2026']",6.0,2.0,,mls,mls
9z5kb9DaMA,Mujeeb Murana,2000-02-23,USA,,,,,{},,,,mls,mls
9z5kb9JgMA,Joshua Penn,2000-11-25,USA,FW,ST,MF,AM,2021,5.0,10.0,161.0,mls,mls
9z5kbABgMA,Kyle Adams,1996-11-20,New Zealand,,,,,{},6.0,1.0,168.0,mls,mls
9z5kbVWeMA,Phillip Ejimadu,1999-08-31,USA,,,,,{},6.0,3.0,214.0,mls,mls
9z5kbYGaMA,Adrian Gill,2006-01-03,USA,,,,,{},5.0,10.0,,mls,mls
9z5kbd6bMA,Nicolás del Grecco,1993-11-19,Argentina,,,,,{},6.0,0.0,,mls,mls
9z5kbdvPMA,Iván Franco,2000-04-16,Paraguay,FW,W,MF,W,2023,5.0,7.0,146.0,mls,mls
9z5kbnmdMA,Lasse Berg Johnsen,1999-08-18,Norway,MF,CM,,DM,2026,5.0,10.0,161.0,mls,mls
9z5kboXbMA,Quinton Elliot,2004-01-30,USA,,,,,{},5.0,10.0,159.0,mls,mls
9z5kbwEdMA,Nelson Pierre,2005-03-22,USA,FW,ST,,,2025,,,,mls,mls
9z5kjAjMA3,Raúl Fernández,1985-10-06,Peru,GK,GK,,,"['2013', '2014']",6.0,1.0,207.0,mls,mls
9z5knaeMA3,Keon Daniel,1987-01-16,Trinidad & Tobago,MF,CM,,,2013,6.0,1.0,172.0,mls,mls
9z5kvLJMA3,Kevin Kratz,1987-01-21,Germany,MF,DM,,,"['2017', '2018', '2019']",5.0,8.0,161.0,mls,mls
9z5kxLlqA3,Víctor Pérez,1988-01-12,Spain,MF,CM,,,2015,5.0,10.0,157.0,mls,mls
9z5kzxeMA3,Matías Sánchez,1987-08-18,Argentina,MF,CM,,,2013,5.0,8.0,157.0,mls,mls
BLMv1GlQxe,Albert Rusnák,1994-07-07,Slovakia,MF,AM,,,"['2017', '2018', '2019', '2020', '2021', '2022', '2023', '2024', '2025', '2026']",5.0,9.0,135.0,mls,mls
BLMv64lMxe,Adolfo Bautista,1979-05-15,Mexico,FW,ST,MF,W,2014,6.0,0.0,168.0,mls,mls
BLMv64wlMx,Duran Michael Ferree,2006-09-28,USA,GK,GK,,,"['2025', '2026']",6.0,0.0,165.0,mls,mls
BLMv6ZyRMx,Niko Tsakiris,2005-06-19,USA,MF,DM,,AM,"['2022', '2023', '2024', '2025', '2026']",5.0,7.0,154.0,mls,mls
BLMv6dWAMx,Andrew Baiera,2007-02-28,USA,DF,FB,MF,W,2026,,,,mls,mls
BLMv6j1AMx,Djé D'Avilla,2003-05-05,Ivory Coast,MF,DM,,CM,"['2025', '2026']",6.0,3.0,170.0,mls,mls
BLMv6jROMx,Julián Fernández,2004-01-30,Argentina,MF,W,,,"['2023', '2024', '2025']",,,,mls,mls
BLMv6vxAMx,Giorgio DeLibera,2005-10-31,USA,,,,,{},,,,mls,mls
BLMv70kA5x,Will Richmond,2000-04-06,USA,MF,W,,,"['2022', '2024']",5.0,8.0,170.0,mls,mls
BLMv70wl5x,Brenden Aaronson,2000-10-22,USA,MF,AM,,,"['2019', '2020']",5.0,9.0,146.0,mls,mls
BLMv77485x,Tommy Silva,2002-02-21,USA,DF,FB,,,2024,6.0,0.0,163.0,mls,mls
BLMv7DLA5x,Darren Yapi,2004-11-19,USA,FW,ST,,,"['2022', '2023', '2024', '2025', '2026']",6.0,1.0,174.0,mls,mls
BLMv7Dl35x,Omar Sowe,2000-10-28,USA,FW,ST,,,2021,6.0,1.0,181.0,mls,mls
BLMv7E4X5x,Lucas Esteves,2000-06-24,Brazil,DF,FB,,,"['2021', '2022']",5.0,7.0,152.0,mls,mls
BLMv7JYO5x,Andrew Johnson,2004-02-03,USA,,,,,{},,,,mls,mls
BLMv7JdW5x,Elliot Panicco,1996-11-18,USA,GK,GK,,,"['2022', '2023', '2024']",6.0,5.0,205.0,mls,mls
BLMv7L435x,Andrés Reyes,1999-09-08,Colombia,DF,CB,,,"['2020', '2021', '2022', '2023', '2024', '2025']",6.0,1.0,150.0,mls,mls
BLMv7ZBA5x,Álvaro Barreal,2000-08-17,Argentina,DF,FB,,,"['2020', '2021', '2022', '2023']",5.0,8.0,146.0,mls,mls
BLMv7a2A5x,Michael Halliday,2003-01-22,USA,DF,FB,,,"['2021', '2022', '2023', '2024']",6.0,1.0,157.0,mls,mls
BLMv7o775x,Jeremy Garay,2003-04-01,USA,FW,ST,,,2024,5.0,9.0,130.0,mls,mls
BLMv7oaB5x,Djibril Diani,1998-02-11,France,MF,DM,,CM,"['2024', '2025', '2026']",6.0,5.0,165.0,mls,mls
BLMv7wO85x,Yerson Mosquera,2001-05-02,Colombia,DF,CB,,,2023,6.0,2.0,168.0,mls,mls
BLMv7wr75x,Wessel Speel,2001-10-17,Netherlands,GK,GK,,,2025,,,,mls,mls
BLMv7ygB5x,César Araújo,2001-04-02,Uruguay,MF,DM,,,"['2022', '2023', '2024', '2025']",,,,mls,mls
BLMvD98qxe,Florian Jungwirth,1989-01-27,Germany,DF,CB,,,"['2017', '2018', '2019', '2020', '2021', '2022']",5.0,11.0,174.0,mls,mls
BLMvEoAQxe,Rolando Escobar,1981-10-24,Panama,FW,ST,,,2015,6.0,0.0,154.0,mls,mls
BLMvLx8qxe,Martin Paterson,1987-05-13,Northern Ireland,MF,W,,,2015,5.0,9.0,157.0,mls,mls
BLMvNN3Mxe,Florentin Pogba,1990-08-19,Guinea,DF,CB,,,2019,6.0,2.0,194.0,mls,mls
BLMvOGX5xe,Roland Lamah,1987-12-31,Belgium,MF,W,,,"['2017', '2018', '2019']",5.0,11.0,157.0,mls,mls
BLMvRplMxe,Tyson Wahl,1984-02-23,USA,DF,CB,,,"['2013', '2014', '2015', '2016']",6.0,2.0,185.0,mls,mls
BLMvXJOqxe,Shea Salinas,1986-06-24,USA,MF,W,DF,FB,"['2013', '2014', '2015', '2016', '2017', '2018', '2019', '2020', '2021', '2022']",5.0,10.0,152.0,mls,mls
BLMvXoBqxe,Wilfried Moimbé,1988-10-18,France,DF,FB,,,2019,5.0,8.0,148.0,mls,mls
BLMvXwRqxe,Jámison Olave,1981-04-21,Colombia,DF,CB,,,"['2013', '2014', '2015', '2016']",6.0,3.0,212.0,mls,mls
BLMva87Qxe,Roman Bürki,1990-11-14,Switzerland,GK,GK,,,"['2023', '2024', '2025', '2026']",6.0,2.0,187.0,mls,mls
BLMvkAAR5x,Danley Jean Jacques,2000-05-20,Haiti,MF,CM,,,"['2024', '2025', '2026']",,,,mls,mls
BLMvkbEl5x,Elliot Collier,1995-02-22,New Zealand,MF,W,,,"['2018', '2020', '2021']",6.0,4.0,179.0,mls,mls
BLMvkbRO5x,Luis Argudo,1995-12-13,USA,MF,W,,,"['2018', '2019', '2020']",5.0,9.0,150.0,mls,mls
BLMvl1yAqx,Favio Álvarez,1993-01-23,Argentina,MF,AM,,,2019,6.0,0.0,154.0,mls,mls
BLMvl7ORqx,Brian Sylvestre,1992-12-19,Haiti,GK,GK,,,2015,6.0,5.0,201.0,mls,mls
BLMvlJ83qx,Ager Aketxe,1993-12-30,Spain,MF,CM,,,2018,5.0,9.0,152.0,mls,mls
BLMvlPy3qx,Russell Teibert,1992-12-22,Canada,MF,CM,,,"['2013', '2014', '2015', '2016', '2017', '2018', '2019', '2020', '2021', '2022', '2023']",5.0,8.0,152.0,mls,mls
BLMvlRJXqx,Tommy Muller,1991-04-04,USA,,,,,{},5.0,11.0,170.0,mls,mls
BLMvleeWqx,Lucas Janson,1994-08-16,Argentina,FW,ST,,,2018,5.0,7.0,148.0,mls,mls
BLMvlgGAqx,Alex De John,1991-05-10,USA,DF,CB,,,"['2019', '2020', '2021', '2022']",6.0,0.0,176.0,mls,mls
BLMvlgR7qx,Blake Smith,1991-01-17,USA,MF,W,,,"['2013', '2014']",5.0,8.0,146.0,mls,mls
BLMvlkWlqx,Cole Grossman,1989-04-10,USA,MF,DM,,CM,"['2013', '2014']",6.0,0.0,181.0,mls,mls
BLMvllkAqx,Edwin Gyasi,1991-07-01,Ghana,MF,W,,,2019,6.0,1.0,172.0,mls,mls
BLMvlnkBqx,Michael Gamble,1994-01-05,USA,,,,,{},5.0,7.0,161.0,mls,mls
BLMvlxpAqx,Akira Fitzgerald,1987-07-17,Japan,,,,,{},5.0,11.0,174.0,mls,mls
BLMvly1Oqx,Milos Degenek,1994-04-28,Australia,DF,CB,,,"['2022', '2023']",6.0,2.0,181.0,mls,mls
BLMvnEjMxe,Federico Higuaín,1984-10-24,Argentina,MF,AM,,,"['2013', '2014', '2015', '2016', '2017', '2018', '2019', '2020', '2021']",5.0,8.0,165.0,mls,mls
BLMvrLxjMx,Matías Gallardo,2003-11-24,Argentina,,,,,{},,,,mls,mls
BLMvrNXMxe,Tim Howard,1979-03-06,USA,GK,GK,,,"['2016', '2017', '2018', '2019']",6.0,2.0,194.0,mls,mls
BLMvrwBMxe,Justin Mapp,1984-10-18,USA,MF,W,,,"['2013', '2014', '2015', '2016']",5.0,10.0,163.0,mls,mls
BLMvzGl8Mx,Wilson Harris,1999-11-28,USA,FW,ST,,,"['2021', '2026']",6.0,0.0,163.0,mls,mls
BLMvzJ0lMx,Rey Ortiz,1997-01-06,USA,,,,,{},5.0,5.0,135.0,mls,mls
BLMvzJeOMx,Jordan Cano,1996-03-13,USA,,,,,{},6.0,1.0,174.0,mls,mls
BLMvzKKjMx,Andrew Brody,1995-05-03,USA,DF,FB,,,"['2021', '2022', '2023', '2024', '2025']",5.0,10.0,135.0,mls,mls
BLMvzNDjMx,Luis Binks,2001-09-02,England,DF,CB,,,2020,6.0,2.0,190.0,mls,mls
BLMvzNwBMx,Niki Jackson,1995-08-25,USA,FW,ST,,,"['2018', '2019']",6.0,1.0,174.0,mls,mls
BLMvzPNlMx,Cecilio Domínguez,1994-08-11,Paraguay,FW,ST,MF,W,"['2021', '2022']",5.0,10.0,161.0,mls,mls
BLMvzjz3Mx,Cristian Martínez,1997-02-06,Panama,MF,W,,,"['2016', '2017', '2018', '2019']",5.0,7.0,174.0,mls,mls
BLMvzld8Mx,Auro,1996-01-23,Brazil,DF,FB,,,"['2018', '2019', '2020', '2021']",5.0,6.0,137.0,mls,mls
BLMvzyGjMx,Emmanuel Latte Lath,1999-01-01,Ivory Coast,FW,ST,,,"['2025', '2026']",5.0,11.0,165.0,mls,mls
BLMvzznAMx,Carlos Rivas,1994-04-15,Colombia,FW,ST,MF,W,"['2015', '2016', '2017', '2018']",6.0,0.0,181.0,mls,mls
EGMP1WA5aY,Marco Donadel,1983-04-21,Italy,MF,DM,,,"['2015', '2016', '2017', '2018']",5.0,10.0,161.0,mls,mls
EGMP1j9x5a,Rory O'Driscoll,2000-02-16,USA,FW,ST,,,2024,,,,mls,mls
EGMP1jAA5a,Frankie Amaya,2000-09-26,USA,MF,CM,,,"['2019', '2020', '2021', '2022', '2023', '2024', '2025', '2026']",5.0,4.0,139.0,mls,mls
EGMP1vPx5a,Blake Gillingham,2002-10-11,USA,GK,GK,,,2025,6.0,2.0,,mls,mls
EGMP1vxy5a,Kristoffer Velde,1999-09-09,Norway,MF,W,,,"['2025', '2026']",5.0,10.0,143.0,mls,mls
EGMP1wzA5a,Tate Schmitt,1997-05-28,USA,DF,FB,,,"['2019', '2020', '2022', '2023', '2024', '2025']",5.0,11.0,161.0,mls,mls
EGMP2m4qaY,José Gonçalves,1985-09-17,Portugal,DF,CB,,,"['2013', '2014', '2015', '2016']",6.0,2.0,181.0,mls,mls
EGMP4ByMaY,Ryan Johnson,1984-11-26,Jamaica,FW,ST,,,2013,6.0,1.0,181.0,mls,mls
EGMP4WVMaY,Hugo Lloris,1986-12-26,France,GK,GK,,,"['2024', '2025', '2026']",6.0,2.0,181.0,mls,mls
EGMP72kQaY,Dillon Powers,1991-02-14,USA,MF,AM,,,"['2013', '2014', '2015', '2016', '2017', '2018', '2019']",5.0,11.0,174.0,mls,mls
EGMPGL6QaY,Alfredo Ortuño,1991-01-21,Spain,FW,ST,,,2018,6.0,0.0,170.0,mls,mls
EGMPKjkQaY,Emiliano Insúa,1989-01-07,Argentina,DF,FB,,,2020,5.0,11.0,174.0,mls,mls
EGMPLX0MaY,Edgar Mejía,1988-07-17,Mexico,MF,CM,,,2013,5.0,9.0,154.0,mls,mls
EGMPR64xqa,Noah Cobb,2005-07-20,,DF,CB,,,"['2023', '2024', '2025', '2026']",,,,mls,mls
EGMPR8Brqa,Will Meyer,1998-05-24,USA,,,,,{},6.0,2.0,174.0,mls,mls
EGMPRAgxqa,Dylan Borso,2006-06-02,USA,DF,FB,,,2026,,,,mls,mls
EGMPRDA4qa,Malachi Molina,2006-10-11,USA,,,,,{},,,,mls,mls
EGMPREorqa,Luca Moisa,2008-04-20,USA,MF,CM,,,2026,,,,mls,mls
EGMPRN1kqa,Mikah Thomas,2005-02-21,USA,,,,,{},,,,mls,mls
EGMPRNwVqa,Igor Jesus,2003-03-07,Brazil,MF,DM,,,2025,,,,mls,mls
EGMPROvAqa,Alisa Randell,2007-08-25,USA,MF,CM,,,2025,,,,mls,mls
EGMPRgDAqa,Brayan Ceballos,2001-05-24,Colombia,DF,CB,,,"['2025', '2026']",,,,mls,mls
EGMPRjRjqa,Josh-Duc Nteziryayo,2008-11-15,Canada,,,,,{},,,,mls,mls
EGMPRpB0qa,Luca Langoni,2002-02-09,Argentina,MF,W,,,"['2024', '2025', '2026']",5.0,8.0,146.0,mls,mls
EGMPRw86qa,Matthew Dos Santos,2008-06-05,USA,DF,FB,,,2026,,,,mls,mls
EGMPRxGrqa,Liam Mackenzie,2007-03-15,Canada,FW,W,,,2025,,,,mls,mls
EGMPRxR4qa,Willy Kumado,2002-10-16,Ghana,DF,FB,,,"['2025', '2026']",5.0,6.0,154.0,mls,mls
EGMPVykqaY,Andreu Fontàs,1989-11-14,Spain,DF,CB,,,"['2018', '2019', '2020', '2021', '2022', '2023', '2024']",5.0,11.0,159.0,mls,mls
EGMPWYrQaY,Simon Dawkins,1987-12-01,Jamaica,MF,W,,,"['2016', '2017']",5.0,10.0,161.0,mls,mls
EGMPXgjMaY,Kenwyne Jones,1984-10-05,Trinidad & Tobago,FW,ST,,,2017,6.0,2.0,185.0,mls,mls
EGMPYGr5aY,David Carney,1983-11-30,Australia,DF,FB,,,2013,5.0,11.0,154.0,mls,mls
EGMPYRXV5a,Musu,,USA,MF,W,,,2025,,,,mls,mls
EGMPYkGA5a,Kieran Chandler,2005-06-09,USA,DF,FB,,,"['2025', '2026']",5.0,9.0,154.0,mls,mls
EGMPZ0m3qa,Juan Mosquera,2002-09-05,Colombia,DF,FB,,,"['2022', '2023', '2024', '2025', '2026']",5.0,11.0,159.0,mls,mls
EGMPZ10rqa,Kevin Bonilla,2001-09-20,USA,,,,,{},5.0,8.0,152.0,mls,mls
EGMPZ36rqa,Luke Haakenson,1997-09-10,USA,MF,W,,,"['2021', '2022', '2023']",5.0,10.0,174.0,mls,mls
EGMPZGYrqa,Stephen Turnbull,1998-03-13,USA,DF,FB,,,2023,,,,mls,mls
EGMPZOJVqa,Alan Velasco,2002-07-27,Argentina,FW,W,,,"['2022', '2023', '2024']",5.0,6.0,139.0,mls,mls
EGMPZWVVqa,Antonio Bustamante,1997-06-20,Bolivia,,,,,{},5.0,7.0,139.0,mls,mls
EGMPZXgxqa,Francisco Ginella,1999-01-21,Uruguay,MF,CM,,,"['2020', '2021', '2022']",6.0,0.0,161.0,mls,mls
EGMPZZa3qa,Peter Kingston,2001-07-14,USA,DF,FB,MF,DM,"['2025', '2026']",5.0,9.0,135.0,mls,mls
EGMPZlYrqa,Jansen Miller,2002-02-10,USA,DF,CB,,,"['2025', '2026']",6.0,3.0,174.0,mls,mls
EGMPZny0qa,Aaron Boupendza,1996-08-07,Gabon,FW,ST,,,"['2023', '2024']",,,,mls,mls
EGMPZo1xqa,Matteo Campagna,2004-06-27,Canada,,,,,{},6.0,1.0,161.0,mls,mls
EGMPZpX6qa,Nnamdi Chinonso Offor,2000-05-27,Nigeria,FW,ST,,,"['2021', '2022', '2023']",,,,mls,mls
EGMPZvd0qa,Delentz Pierre,2000-11-16,Haiti,,,,,{},6.0,1.0,174.0,mls,mls
EGMPZxNrqa,Yekeson Subah,2004-02-13,Liberia,MF,W,,,2023,5.0,11.0,174.0,mls,mls
EGMPgD4QaY,Jaime Castrillon,1983-04-05,Colombia,MF,W,,,2013,5.0,11.0,185.0,mls,mls
EGMPgnAQaY,Tony Lochhead,1982-01-12,New Zealand,DF,FB,,,2014,6.0,0.0,185.0,mls,mls
EGMPl204Ma,Kyle Miller,1989-05-12,USA,,,,,{},5.0,9.0,161.0,mls,mls
EGMPl2Y6Ma,Brent Richards,1990-05-20,USA,,,,,{},5.0,10.0,165.0,mls,mls
EGMPlOjkMa,Felipe Mora,1993-08-02,Chile,FW,ST,,,"['2020', '2021', '2022', '2023', '2024', '2025', '2026']",5.0,7.0,150.0,mls,mls
EGMPlRmVMa,Juan Ramírez,1993-05-25,Argentina,MF,W,,,2015,5.0,9.0,150.0,mls,mls
EGMPlZYjMa,Servando Carrasco,1988-08-13,USA,MF,DM,,,"['2013', '2014', '2015', '2016', '2017', '2018', '2019']",5.0,10.0,176.0,mls,mls
EGMPlm6AMa,Ashani Fairclough,1992-08-07,Jamaica,,,,,{},6.0,2.0,165.0,mls,mls
EGMPlpRxMa,Gyasi Zardes,1991-09-02,USA,FW,ST,,,"['2013', '2014', '2015', '2016', '2017', '2018', '2019', '2020', '2021', '2022', '2023', '2024']",6.0,2.0,176.0,mls,mls
EGMPlv4MaY,Djimi Traore,1980-03-01,Mali,DF,CB,,,"['2013', '2014']",6.0,3.0,192.0,mls,mls
EGMPlxJVMa,Gonzalo Verón,1985-12-13,Argentina,MF,W,FW,ST,"['2015', '2016', '2017']",5.0,10.0,168.0,mls,mls
EGMPlymjMa,Javier López,1994-09-17,Mexico,MF,AM,,,"['2021', '2022']",5.0,5.0,139.0,mls,mls
EGMPn02kqa,Luis Felipe Fernandes,1996-01-29,USA,MF,CM,,DM,"['2018', '2019', '2020']",6.0,1.0,165.0,mls,mls
EGMPn03kqa,Isaiah Parente,2000-03-16,USA,MF,DM,,CM,"['2021', '2023', '2024', '2025', '2026']",5.0,10.0,150.0,mls,mls
EGMPn164qa,Wilder Cartagena,1994-09-23,Peru,MF,DM,,,"['2022', '2023', '2024', '2026']",5.0,11.0,159.0,mls,mls
EGMPn8Bjqa,Alphonso Davies,2000-11-02,Canada,MF,W,,,"['2016', '2017', '2018']",5.0,11.0,159.0,mls,mls
EGMPn8l3qa,John Klein,1999-11-17,USA,MF,W,,,"['2023', '2024']",5.0,7.0,139.0,mls,mls
EGMPnJX0qa,Kévin Oliveira,1996-06-08,Republic of Cape Verde,MF,CM,,,2017,5.0,7.0,150.0,mls,mls
EGMPnReVqa,Anderson Julio,1996-05-31,Ecuador,FW,ST,MF,W,"['2021', '2022', '2023', '2024', '2025', '2026']",5.0,11.0,154.0,mls,mls
EGMPnkZ4qa,Josh Pérez,1998-01-21,USA,FW,W,,,"['2018', '2019']",5.0,5.0,139.0,mls,mls
EGMPnl44qa,Marco Carducci,1996-09-24,Canada,,,,,{},6.0,1.0,185.0,mls,mls
EGMPnxNAqa,Nykolas Sessock,2000-06-17,USA,DF,FB,,,2025,5.0,5.0,141.0,mls,mls
EGMPrOV0qa,Seth Antwi,,Ghana,MF,DM,,,2025,,,,mls,mls
EGMPx9xMaY,Aurélien Collin,1986-03-08,France,DF,CB,,,"['2013', '2014', '2015', '2016', '2017', '2018', '2019', '2021']",6.0,2.0,170.0,mls,mls
EGMPxA0MaY,Alexandre Pato,1989-09-02,Brazil,FW,ST,,,"['2021', '2022']",5.0,11.0,159.0,mls,mls
EGMPy6A5aY,Chris Mavinga,1991-05-26,DR Congo,DF,CB,,,"['2017', '2018', '2019', '2020', '2021', '2022', '2023']",6.0,0.0,172.0,mls,mls
GNPqxWm59d,Andy O'Brien,1979-06-29,Republic of Ireland,DF,CB,,,"['2013', '2014']",6.0,3.0,207.0,mls,mls
KAqB49JMbg,Gareth Bale,1989-07-16,Wales,FW,W,,ST,2022,6.0,1.0,179.0,mls,mls
KAqB4EvMbg,Ronald Zubar,1985-09-20,France,DF,CB,,,"['2015', '2016']",6.0,1.0,185.0,mls,mls
KAqB92k75b,Franco Escobar,1995-02-21,Argentina,DF,FB,,,"['2018', '2019', '2020', '2022', '2023', '2024', '2025']",5.0,7.0,159.0,mls,mls
KAqB964m5b,Conor Donovan,1996-01-08,USA,DF,CB,,,2015,6.0,2.0,176.0,mls,mls
KAqB96V75b,Luis Abram,1996-02-27,Peru,DF,CB,,,"['2023', '2024', '2025']",5.0,11.0,168.0,mls,mls
KAqB97xV5b,Victor Bezerra,2000-02-05,USA,FW,ST,DF,FB,2022,6.0,0.0,174.0,mls,mls
KAqB986v5b,Shandon Hopeau,1998-12-01,USA,MF,W,,,"['2019', '2020']",5.0,11.0,161.0,mls,mls
KAqB98Em5b,Lindo Mfeka,1994-03-30,South Africa,DF,FB,,,2017,5.0,6.0,154.0,mls,mls
KAqB98zZ5b,David Loera,1998-09-10,USA,MF,AM,,DM,"['2020', '2021']",5.0,6.0,146.0,mls,mls
KAqB9DZX5b,Richie Laryea,1995-01-07,Canada,DF,FB,,,"['2017', '2018', '2019', '2020', '2021', '2022', '2023', '2024', '2025', '2026']",5.0,9.0,150.0,mls,mls
KAqB9EbX5b,Alan Steven Franco,1998-08-21,Ecuador,MF,W,,CM,2022,5.0,9.0,163.0,mls,mls
KAqB9JpA5b,Nikolas Giantsopoulos,1994-06-24,Canada,,,,,{},6.0,2.0,174.0,mls,mls
KAqB9K1v5b,Bartosz Slisz,1999-03-29,Poland,MF,DM,,CM,"['2024', '2025']",5.0,11.0,168.0,mls,mls
KAqB9KJ75b,Abuchi Obinwa,1997-01-15,USA,,,,,{},6.0,1.0,170.0,mls,mls
KAqB9KxB5b,Brian Anunga,1996-08-10,Cameroon,MF,CM,,DM,"['2020', '2021', '2022', '2023', '2024', '2025', '2026']",5.0,11.0,185.0,mls,mls
KAqB9LnX5b,Brian Fernández,1994-09-26,Argentina,FW,ST,,,2019,5.0,7.0,154.0,mls,mls
KAqB9NNA5b,Tyler Turner,1996-03-04,USA,DF,FB,,,2015,5.0,10.0,154.0,mls,mls
KAqB9PJZ5b,Chris Goslin,2000-05-12,USA,,,,,{},5.0,8.0,176.0,mls,mls
KAqB9POB5b,Abdul Rwatubyaye,1996-10-23,Rwanda,DF,CB,,,2019,6.0,1.0,176.0,mls,mls
KAqB9VNv5b,Pierre Da Silva,1998-07-28,USA,MF,W,,,"['2017', '2018']",5.0,10.0,146.0,mls,mls
KAqB9Vgm5b,Tesho Akindele,1992-03-31,USA,FW,ST,,,"['2014', '2015', '2016', '2017', '2018', '2019', '2020', '2021', '2022']",6.0,1.0,176.0,mls,mls
KAqB9XzA5b,Alan Franco,1996-10-11,Argentina,DF,CB,,,"['2021', '2022']",5.0,11.0,170.0,mls,mls
KAqB9aJV5b,Nigel Robertha,1998-02-13,Curaçao,FW,ST,,,"['2021', '2022', '2023']",6.0,0.0,170.0,mls,mls
KAqB9bKv5b,Joel Waterman,1996-01-24,Canada,DF,CB,,,"['2020', '2021', '2022', '2023', '2024', '2025', '2026']",6.0,2.0,172.0,mls,mls
KAqB9g2m5b,Harold Hanson,1999-07-16,Italy,MF,W,,,2017,5.0,9.0,165.0,mls,mls
KAqB9m045b,Gege Soriola,1988-11-21,Nigeria,,,,,{},6.0,2.0,176.0,mls,mls
KAqB9mYm5b,Karol Swiderski,1997-01-23,Poland,FW,ST,,,"['2022', '2023', '2024']",6.0,0.0,170.0,mls,mls
KAqB9oj75b,Grayson Barber,2000-05-03,USA,FW,W,,,2021,5.0,9.0,165.0,mls,mls
KAqB9ryV5b,Stanislav Ivanov,1999-04-16,Bulgaria,MF,W,,,"['2021', '2022']",5.0,10.0,154.0,mls,mls
KAqB9v6A5b,John Neeskens,1993-11-17,Spain,MF,W,,,2014,6.0,1.0,161.0,mls,mls
KAqB9w3m5b,Calle Brown,1992-07-01,USA,,,,,{},6.0,6.0,201.0,mls,mls
KAqBJNmqbg,Steve Zakuani,1988-02-09,DR Congo,MF,W,,,"['2013', '2014']",6.0,0.0,161.0,mls,mls
KAqBN2aVqb,Nikolas Dyhr,2001-06-18,Denmark,DF,FB,,,2024,5.0,10.0,132.0,mls,mls
KAqBNEB7qb,Kieran Sargeant,2003-05-15,USA,DF,FB,,,2026,,,,mls,mls
KAqBNEpWqb,Leonardo Campana,2000-07-24,Ecuador,FW,ST,,,"['2022', '2023', '2024', '2025', '2026']",6.0,2.0,174.0,mls,mls
KAqBNKxVqb,Riley Dalgado,2006-08-13,USA,,,,,{},,,,mls,mls
KAqBNL8mqb,Nathan Harriel,2001-04-23,USA,DF,FB,,,"['2021', '2022', '2023', '2024', '2025', '2026']",5.0,10.0,150.0,mls,mls
KAqBNLbvqb,Richard Ledezma,2000-09-06,USA,FW,ST,MF,AM,2023,5.0,9.0,141.0,mls,mls
KAqBNN6Bqb,Shanyder Borgelin,2001-10-19,Haiti,FW,ST,MF,W,"['2023', '2024']",6.0,4.0,185.0,mls,mls
KAqBNNXJqb,Brooks Thompson,2002-05-28,USA,,,,,{},6.0,4.0,152.0,mls,mls
KAqBNWp7qb,Adrian Gonzalez,2003-06-22,USA,,,,,{},5.0,9.0,141.0,mls,mls
KAqBNYNXqb,Jacob Greene,2003-03-23,USA,DF,FB,,,2023,5.0,7.0,141.0,mls,mls
KAqBNbaWqb,Efrain Morales,2004-03-04,USA,DF,CB,,,"['2024', '2025', '2026']",6.0,3.0,170.0,mls,mls
KAqBNdyZqb,Kelvin Yeboah,2000-05-06,Italy,FW,ST,,,"['2024', '2025', '2026']",6.0,0.0,161.0,mls,mls
KAqBNnYXqb,Malte Amundsen,1998-02-11,Denmark,DF,CB,,FB,"['2021', '2022', '2023', '2024', '2025', '2026']",5.0,10.0,179.0,mls,mls
KAqBNnrVqb,Jesús Bueno,1999-04-15,Venezuela,MF,CM,,,"['2021', '2022', '2023', '2024', '2025', '2026']",5.0,10.0,163.0,mls,mls
KAqBNr8Jqb,Kosi Thompson,2003-01-27,Canada,DF,FB,,,"['2022', '2023', '2024', '2025', '2026']",5.0,10.0,174.0,mls,mls
KAqBNrRXqb,Noah Eile,2002-07-19,Sweden,DF,CB,,,"['2024', '2025']",,,,mls,mls
KAqBRgBqbg,Guly do Prado,1981-12-31,Brazil,FW,ST,,,2015,6.0,2.0,172.0,mls,mls
KAqBRzvqbg,Lloyd Sam,1984-09-27,England,MF,W,,,"['2013', '2014', '2015', '2016', '2017']",5.0,8.0,165.0,mls,mls
KAqBW67Qbg,Roberto Puncec,1991-10-27,Croatia,DF,CB,,,"['2020', '2021']",6.0,1.0,163.0,mls,mls
KAqBaJZ5bg,Víctor Bernárdez,1982-05-24,Honduras,DF,CB,,,"['2013', '2014', '2015', '2016', '2017']",6.0,2.0,192.0,mls,mls
KAqBaoV5bg,Blas Pérez,1981-03-13,Panama,FW,ST,,,"['2013', '2014', '2015', '2016']",6.0,1.0,187.0,mls,mls
KAqBbvXqbg,Nicolás Gaitán,1988-02-23,Argentina,MF,AM,,,2019,5.0,8.0,146.0,mls,mls
KAqBd34Mbg,Brian Carroll,1981-07-20,USA,MF,DM,,,"['2013', '2014', '2015', '2016', '2017']",5.0,10.0,157.0,mls,mls
KAqBdbAMbg,Álvaro Saborio,1982-03-25,Costa Rica,FW,ST,,,"['2013', '2014', '2015', '2016']",6.0,0.0,172.0,mls,mls
KAqBgD4Qbg,Jonathan Bond,1993-05-19,England,GK,GK,,,"['2021', '2022', '2023', '2025', '2026']",6.0,5.0,187.0,mls,mls
KAqBgZVQbg,Mauricio Pereyra,1990-03-15,Uruguay,MF,AM,,,"['2019', '2020', '2021', '2022', '2023']",5.0,7.0,139.0,mls,mls
KAqBj1b4qb,Peter McGlynn,1989-05-02,Republic of Ireland,,,,,{},5.0,11.0,165.0,mls,mls
KAqBj6BXqb,Karl Ouimette,1992-06-18,Canada,DF,CB,,,"['2013', '2014', '2015', '2016']",6.0,0.0,181.0,mls,mls
KAqBj984qb,Álvaro Rey,1989-07-11,Spain,MF,W,,,"['2013', '2014']",6.0,0.0,172.0,mls,mls
KAqBjB97qb,Ethan Horvath,1995-06-09,USA,GK,GK,,,2026,6.0,3.0,185.0,mls,mls
KAqBjN4Vqb,Cameron Lancaster,1992-11-05,England,,,,,{},6.0,0.0,163.0,mls,mls
KAqBjNRJqb,Conor Shanosky,1991-12-13,USA,DF,CB,,,2013,6.0,4.0,185.0,mls,mls
KAqBjOz4qb,Brad Smith,1994-04-09,Australia,DF,FB,,,"['2018', '2019', '2020', '2021', '2022', '2023', '2024', '2025']",5.0,10.0,154.0,mls,mls
KAqBjVjmqb,Stuart Armstrong,1992-03-30,Scotland,MF,CM,,,2024,6.0,0.0,165.0,mls,mls
KAqBjWZBqb,Jonathan Osorio,1992-06-12,Canada,MF,CM,,,"['2013', '2014', '2015', '2016', '2017', '2018', '2019', '2020', '2021', '2022', '2023', '2024', '2025', '2026']",5.0,9.0,161.0,mls,mls
KAqBjWrXqb,Luka Stojanovic,1994-01-04,Serbia,MF,CM,,,"['2020', '2021']",6.0,2.0,183.0,mls,mls
KAqBjXzvqb,Aminu Abdallah,1994-01-07,Ghana,,,,,{},6.0,3.0,172.0,mls,mls
KAqBjYjvqb,Derrick Williams,1993-01-17,Republic of Ireland,DF,CB,,,"['2021', '2022', '2023', '2024', '2025']",5.0,11.0,165.0,mls,mls
KAqBjYyBqb,Adama Diomande,1990-02-14,Norway,FW,ST,,,"['2018', '2019', '2020', '2023']",5.0,11.0,165.0,mls,mls
KAqBjaJJqb,James Musa,1992-04-01,New Zealand,MF,DM,DF,CB,"['2017', '2020']",6.0,3.0,170.0,mls,mls
KAqBjdRvqb,Mechack Jerome,1990-04-21,Haiti,DF,FB,,,"['2013', '2014']",5.0,10.0,165.0,mls,mls
KAqBjgDAqb,Ramiro,1993-05-22,Brazil,MF,DM,,CM,"['2025', '2026']",5.0,6.0,148.0,mls,mls
KAqBjjAZqb,Nicolas Hasler,1991-05-04,Liechtenstein,DF,FB,,,"['2017', '2018', '2019']",5.0,11.0,161.0,mls,mls
KAqBjmYXqb,Kacper Przybylko,1993-03-25,Germany,FW,ST,,,"['2019', '2020', '2021', '2022', '2023']",6.0,4.0,194.0,mls,mls
KAqBjoBvqb,Ryan Kent,1996-11-11,England,MF,W,,,2025,5.0,8.0,143.0,mls,mls
KAqBjvRZqb,Harold Cummings,1992-03-01,Panama,DF,CB,,,"['2018', '2019']",5.0,11.0,185.0,mls,mls
KAqBjyKVqb,Steven Evans,1991-09-19,USA,,,,,{},6.0,1.0,181.0,mls,mls
KAqBjzb4qb,Adam Henley,1994-06-14,Wales,DF,FB,,,2018,5.0,10.0,176.0,mls,mls
KAqBk0bZQb,Jude Terry,2008-10-08,USA,MF,CM,,DM,2026,,,,mls,mls
KAqBk1yAQb,Alex Bonetig,2002-08-20,Australia,DF,CB,,,2026,6.0,2.0,,mls,mls
KAqBkB7vQb,Isaiah Jones,2006-04-08,USA,MF,CM,,W,2024,,,,mls,mls
KAqBkBwZQb,Peter Molinari,2009-01-28,USA,,,,,{},,,,mls,mls
KAqBkLmZQb,Morgan Guilavogui,1998-03-10,Guinea,MF,AM,FW,W,2026,6.0,2.0,179.0,mls,mls
KAqBkNymQb,Nico Van Rijn,2001-03-26,Spain,,,,,{},,,,mls,mls
KAqBkWvJQb,Jovan Mijatović,2005-07-11,Serbia,FW,ST,,,2024,,,,mls,mls
KAqBkYpWQb,Kristian Fletcher,2005-08-06,USA,FW,W,,,"['2022', '2023', '2024', '2025']",,,,mls,mls
KAqBkZ7Qbg,Didier Drogba,1978-03-11,Ivory Coast,FW,ST,,,"['2015', '2016']",6.0,2.0,201.0,mls,mls
KAqBkZyvQb,Noah Santos,2007-01-10,USA,,,,,{},,,,mls,mls
KAqBka7BQb,Michael Wentzel,2002-04-10,Germany,DF,CB,,,"['2024', '2025']",6.0,2.0,183.0,mls,mls
KAqBkax7Qb,Sanders Ngabo,2004-07-04,Denmark,,,,,{},5.0,9.0,,mls,mls
KAqBkoBQbg,Lee Young-Pyo,1977-04-23,South Korea,DF,FB,,,2013,5.0,9.0,152.0,mls,mls
KAqBkxoBQb,Tanner Rosborough,2008-03-21,USA,MF,W,FW,W,2026,,,,mls,mls
KAqBlEZMbg,Maya Yoshida,1988-08-24,Japan,DF,CB,,,"['2023', '2024', '2025', '2026']",6.0,2.0,172.0,mls,mls
KAqBnPJqbg,Chris McCann,1987-07-21,Republic of Ireland,DF,FB,,,"['2017', '2018', '2019']",6.0,1.0,165.0,mls,mls
KAqBrrVqbg,Darwin Quintero,1987-09-19,Colombia,MF,AM,,,"['2018', '2019', '2020', '2021', '2022']",5.0,5.0,135.0,mls,mls
KAqBvobJqb,Luis Müller,2001-02-12,Germany,FW,W,DF,FB,2024,6.0,2.0,,mls,mls
KAqBvrrVqb,Kenji Mboma Dem,2002-01-22,France,FW,ST,,,"['2025', '2026']",,,,mls,mls
KAqBvvRmqb,Shakur Mohammed,2003-08-27,Ghana,MF,W,,,"['2024', '2025', '2026']",5.0,10.0,159.0,mls,mls
KAqBw3AQbg,Chris Wondolowski,1983-01-28,USA,FW,ST,,,"['2013', '2014', '2015', '2016', '2017', '2018', '2019', '2020', '2021']",6.0,0.0,165.0,mls,mls
KAqBw4mQbg,Andy Gruenebaum,1982-12-30,USA,GK,GK,,,"['2013', '2014']",6.0,1.0,201.0,mls,mls
KAqBwAWQbg,Sacha Kljestan,1985-09-09,USA,MF,AM,,,"['2015', '2016', '2017', '2018', '2019', '2020', '2021', '2022']",6.0,1.0,150.0,mls,mls
KAqBwOBQbg,Ned Grabavoy,1983-07-01,USA,MF,CM,,,"['2013', '2014', '2015', '2016']",5.0,7.0,152.0,mls,mls
KAqBwwAQbg,Stephen Keel,1983-04-11,USA,DF,CB,,,"['2013', '2014']",6.0,0.0,192.0,mls,mls
KAqBxEWMbg,Wilfried Zaha,1992-11-10,Ivory Coast,MF,W,,,"['2025', '2026']",5.0,11.0,146.0,mls,mls
KAqBxJ7Mbg,Kwame Watson-Siriboe,1986-11-13,USA,DF,CB,,,"['2013', '2015']",6.0,3.0,196.0,mls,mls
KAqBxLWMbg,Kennedy Igboananike,1989-02-26,Nigeria,FW,ST,,,"['2015', '2016']",5.0,9.0,154.0,mls,mls
KPqj71NyQ6,Sam Surridge,1998-07-28,England,FW,ST,,,"['2023', '2024', '2025', '2026']",6.0,3.0,170.0,mls,mls
KPqj72gEQ6,Peter-Lee Vassell,1998-02-03,Jamaica,MF,CM,,DM,2019,5.0,11.0,132.0,mls,mls
KPqj74g4Q6,Rominigue Kouame,1996-12-17,Mali,MF,CM,,,2025,,,,mls,mls
KPqj769YQ6,Giuseppe Gentile,1992-10-18,USA,,,,,{},6.0,0.0,165.0,mls,mls
KPqj7DpnQ6,Adrián Zendejas,1995-08-30,USA,GK,GK,,,2019,6.0,5.0,185.0,mls,mls
KPqj7K72Q6,Cedric Teuchert,1997-01-14,Germany,FW,ST,,,"['2024', '2025', '2026']",6.0,0.0,176.0,mls,mls
KPqj7KWNQ6,Ethen Sampson,1993-12-28,South Africa,DF,FB,,,"['2014', '2015']",5.0,10.0,165.0,mls,mls
KPqj7OVPQ6,Fabian Herbers,1993-08-17,Germany,MF,W,,,"['2016', '2017', '2018', '2019', '2020', '2021', '2022', '2023', '2024', '2025', '2026']",6.0,0.0,165.0,mls,mls
KPqj7Rg2Q6,Chris Ritter,1990-10-29,USA,MF,CM,,,"['2014', '2015']",6.0,2.0,192.0,mls,mls
KPqj7VbYQ6,Matías Rojas,1995-11-03,Paraguay,MF,CM,,,"['2024', '2025']",6.0,1.0,159.0,mls,mls
KPqj7Y0BQ6,Matty Longstaff,2000-03-21,England,MF,CM,,,"['2024', '2025', '2026']",,,,mls,mls
KPqj7Y28Q6,Carlos Mercado,1999-09-27,USA,,,,,{},6.0,4.0,190.0,mls,mls
KPqj7YyQ6v,Landon Donovan,1982-03-04,USA,MF,W,FW,ST,"['2013', '2014', '2016']",5.0,8.0,157.0,mls,mls
KPqj7daPQ6,DeJuan Jones,1997-06-24,USA,DF,FB,,,"['2019', '2020', '2021', '2022', '2023', '2024', '2025', '2026']",5.0,11.0,165.0,mls,mls
KPqj7dxnQ6,Pierre Reedy,1998-01-11,USA,MF,W,,,2022,,,,mls,mls
KPqj7jY4Q6,Mark-Anthony Kaye,1994-12-02,Canada,MF,CM,,,"['2018', '2019', '2020', '2021', '2022', '2023', '2024', '2025']",6.0,1.0,170.0,mls,mls
KPqj7jaPQ6,Nebiyou Perry,1999-10-02,USA,,,,,{},6.0,0.0,154.0,mls,mls
KPqj7jxPQ6,Wessam Abou Ali,1999-01-04,Palestine,FW,ST,,,"['2025', '2026']",6.0,1.0,172.0,mls,mls
KPqj7loEQ6,Sam Rogers,1999-05-17,USA,DF,CB,,,"['2025', '2026']",6.0,3.0,181.0,mls,mls
KPqj7p4PQ6,Ulises Segura,1993-06-23,Costa Rica,MF,W,,,"['2018', '2019', '2020']",,,,mls,mls
KPqj7yJ2Q6,José Aja,1993-05-10,Uruguay,DF,CB,,,"['2016', '2017', '2018', '2020']",6.0,4.0,190.0,mls,mls
KPqj8YRM6v,Quentin Westberg,1986-04-25,USA,GK,GK,,,"['2019', '2020', '2021', '2022', '2023']",6.0,1.0,174.0,mls,mls
KPqj9nE56v,Atiba Harris,1985-01-09,St. Kitts and Nevis,DF,FB,,,"['2013', '2014', '2015', '2016', '2017']",6.0,3.0,172.0,mls,mls
KPqjAeR56v,Steven Lenhart,1986-08-28,USA,FW,ST,,,"['2013', '2014']",6.0,1.0,192.0,mls,mls
KPqjB6Rq6v,Jimmy Nielsen,1977-08-06,Denmark,GK,GK,,,2013,6.0,3.0,201.0,mls,mls
KPqjBBNBq6,Jefferson Díaz,2000-12-05,Colombia,DF,CB,,,"['2024', '2025', '2026']",,,,mls,mls
KPqjBE4q6v,Carlos Bocanegra,1979-05-25,USA,DF,CB,,,"['2013', '2014']",5.0,10.0,170.0,mls,mls
KPqjBxG8q6,Julián Bazán,2005-11-25,Colombia,DF,CB,,,2026,5.0,11.0,172.0,mls,mls
KPqjEa456v,Carlos Valdés,1985-05-22,Colombia,DF,CB,,,2014,6.0,0.0,176.0,mls,mls
KPqjGLPQ6v,Nosa,1990-11-09,Nigeria,MF,DM,,,2017,6.0,0.0,172.0,mls,mls
KPqjK0kYQ6,Steven Sserwadda,2002-08-28,Uganda,MF,DM,,,2022,5.0,10.0,163.0,mls,mls
KPqjK4w4Q6,Noah Allen,2004-04-28,USA,DF,CB,,FB,"['2022', '2023', '2024', '2025', '2026']",,,,mls,mls
KPqjKLjnQ6,Cameron Harper,2001-11-19,USA,DF,FB,MF,W,"['2021', '2022', '2023', '2024', '2025', '2026']",,,,mls,mls
KPqjKN62Q6,Show,1999-03-06,Angola,MF,CM,,,"['2024', '2025']",5.0,11.0,165.0,mls,mls
KPqjKNK2Q6,Rio Hope-Gund,1999-08-20,USA,,,,,{},6.0,0.0,,mls,mls
KPqjKNkBQ6,Rasmus Alm,1995-08-17,Sweden,MF,W,,,"['2023', '2024', '2025']",5.0,9.0,154.0,mls,mls
KPqjKRARQ6,Tomás Chancalay,1999-01-01,Argentina,MF,W,,,"['2023', '2024', '2025', '2026']",5.0,10.0,163.0,mls,mls
KPqjKWmyQ6,James Igbekeme,1995-07-04,Nigeria,FW,W,,,2022,5.0,7.0,146.0,mls,mls
KPqjKWwPQ6,Brian Gutiérrez,2003-06-17,USA,MF,W,,,"['2020', '2021', '2022', '2023', '2024', '2025']",5.0,10.0,141.0,mls,mls
KPqjKY48Q6,Laurence Wyke,1996-09-20,England,DF,CB,,FB,2020,6.0,1.0,183.0,mls,mls
KPqjKbg2Q6,Paxten Aaronson,2003-08-26,USA,MF,AM,,,"['2021', '2022', '2025', '2026']",5.0,9.0,139.0,mls,mls
KPqjKkPNQ6,Brandon Bye,1995-11-29,USA,DF,FB,,,"['2018', '2019', '2020', '2021', '2022', '2023', '2024', '2025', '2026']",5.0,9.0,174.0,mls,mls
KPqjXJnM6v,Daniel Antunez,1986-02-10,USA,MF,CM,,,2013,5.0,10.0,172.0,mls,mls
KPqjZd8q6v,Gláuber,1983-08-05,Brazil,DF,CB,,,2013,6.0,3.0,170.0,mls,mls
KPqjbp2q6v,Dane Richards,1983-12-14,Jamaica,MF,W,,,2015,5.0,7.0,154.0,mls,mls
KPqjg9EQ6v,Arnaud Souquet,1992-02-12,France,DF,FB,,CB,"['2023', '2024']",5.0,10.0,163.0,mls,mls
KPqjkObEQ6,Vinicius Silva,2006-03-22,Brazil,,,,,{},5.0,10.0,,mls,mls
KPqjkoEQ6v,Chris Albright,1979-01-14,USA,FW,ST,MF,CM,2013,6.0,1.0,181.0,mls,mls
KPqjmAE56v,Stefan Marinovic,1991-10-07,New Zealand,GK,GK,,,"['2017', '2018']",6.0,4.0,212.0,mls,mls
KPqjnyNq6v,Damir Kreilach,1989-04-16,Croatia,FW,ST,,,"['2018', '2019', '2020', '2021', '2022', '2023', '2024', '2025']",6.0,1.0,174.0,mls,mls
KPqjo004Q6,Julian Büscher,1993-04-22,Germany,MF,CM,,,"['2016', '2017']",5.0,10.0,170.0,mls,mls
KPqjo08PQ6,Evan Bush,1986-03-06,USA,GK,GK,,,"['2013', '2014', '2015', '2016', '2017', '2018', '2019', '2020', '2021', '2024', '2025']",6.0,1.0,187.0,mls,mls
KPqjo6G2Q6,Eric Gehrig,1987-12-25,USA,DF,CB,,FB,"['2013', '2014', '2015', '2016']",6.0,1.0,176.0,mls,mls
KPqjo9RNQ6,Dennis Iapichino,1990-07-27,Switzerland,DF,FB,,,2013,5.0,10.0,161.0,mls,mls
KPqjoEmyQ6,Matthew Fondy,1989-07-28,,MF,W,FW,ST,"['2013', '2014']",6.0,1.0,187.0,mls,mls
KPqjoKV8Q6,Matt Stinson,1992-09-09,Canada,,,,,{},5.0,10.0,165.0,mls,mls
KPqjoKayQ6,Kofi Sarkodie,1991-03-22,USA,DF,FB,,,"['2013', '2014', '2015', '2016', '2017']",5.0,9.0,165.0,mls,mls
KPqjoRG4Q6,Bright Dike,1987-02-02,Nigeria,FW,ST,,,"['2013', '2014', '2015']",6.0,1.0,225.0,mls,mls
KPqjoVdYQ6,Romell Quioto,1991-08-09,Honduras,FW,ST,,,"['2017', '2018', '2019', '2020', '2021', '2022', '2023']",5.0,10.0,152.0,mls,mls
KPqjoWKRQ6,Warren Creavalle,1990-08-14,USA,MF,DM,,,"['2013', '2014', '2015', '2016', '2017', '2018', '2019', '2020']",5.0,11.0,172.0,mls,mls
KPqjoWOnQ6,Aaron Schoenfeld,1990-04-17,USA,FW,ST,,,"['2013', '2014', '2015', '2020']",6.0,4.0,192.0,mls,mls
KPqjoaX8Q6,Jorge Claros,1986-01-08,Honduras,MF,DM,,,2014,5.0,9.0,157.0,mls,mls
KPqjodRYQ6,Júnior Moreno,1993-07-20,Venezuela,MF,CM,,DM,"['2018', '2019', '2020', '2021', '2022', '2023', '2024']",5.0,9.0,154.0,mls,mls
KPqjodW4Q6,Dairon Asprilla,1992-05-25,Colombia,MF,W,,,"['2015', '2016', '2017', '2018', '2019', '2020', '2021', '2022', '2023', '2024']",5.0,10.0,154.0,mls,mls
KPqjonZyQ6,Maxime Crépeau,1994-05-11,Canada,GK,GK,,,"['2017', '2019', '2020', '2021', '2022', '2023', '2024', '2025', '2026']",5.0,11.0,174.0,mls,mls
KPqjovpEQ6,Ryan Finley,1991-03-27,USA,FW,ST,,,"['2013', '2014']",6.0,0.0,181.0,mls,mls
KPqjpnyM6v,Giovani dos Santos,1989-05-11,Mexico,FW,ST,MF,AM,"['2015', '2016', '2017', '2018']",5.0,10.0,157.0,mls,mls
KPqjw1D2Q6,Kaka Scabin,2007-01-03,USA,,,,,{},,,,mls,mls
KPqjwAY2Q6,Tyson Pearce,2007-08-12,USA,MF,CM,,,2025,,,,mls,mls
KPqjwJA4Q6,Exon Arzú,2004-05-19,Honduras,,,,,{},,,,mls,mls
KPqjwXzYQ6,Adri Mehmeti,2009-04-06,Albania,MF,DM,,,2026,,,,mls,mls
KPqjwdw8Q6,Alonso Coello,1999-10-12,Spain,MF,DM,,CM,"['2023', '2024', '2025', '2026']",6.0,1.0,181.0,mls,mls
KPqjwzYQ6v,DaMarcus Beasley,1982-05-24,USA,DF,FB,,,"['2014', '2015', '2016', '2017', '2018', '2019']",5.0,8.0,146.0,mls,mls
KPqjzJ2q6v,Maxi Moralez,1987-02-27,Argentina,MF,AM,,,"['2017', '2018', '2019', '2020', '2021', '2022', '2023', '2024', '2025', '2026']",5.0,3.0,119.0,mls,mls
KXMe32mvq6,Eryk Dymora,2002-10-15,USA,,,,,{},,,,mls,mls
KXMe39a6q6,Andrew Rick,2006-01-30,USA,GK,GK,,,"['2024', '2025', '2026']",,,,mls,mls
KXMe39l1q6,Zachary Zengue,2004-01-30,USA,,,,,{},,,,mls,mls
KXMe3Ay3q6,Charlie Staniland,2004-07-19,England,,,,,{},,,,mls,mls
KXMe3LLkq6,Kayne Rizvanovich,2007-10-26,USA,,,,,{},,,,mls,mls
KXMe3LX1q6,Stefan Chirila,2007-01-15,USA,MF,AM,,,2025,,,,mls,mls
KXMe3Xn1q6,Jung Ho-Yeon,2000-09-28,South Korea,MF,CM,,,2025,5.0,11.0,,mls,mls
KXMe3y6vq6,Brooklyn Raines,2005-03-11,USA,MF,DM,,,"['2022', '2023', '2024', '2025', '2026']",5.0,8.0,139.0,mls,mls
KXMe3yDXq6,Christian Díaz,2006-03-30,USA,,,,,{},,,,mls,mls
KXMe4RvQ64,Andrew Weber,1983-08-09,USA,GK,GK,,,"['2013', '2014', '2015']",6.0,2.0,192.0,mls,mls
KXMe4W2Q64,Philip Lund,1989-09-05,Denmark,FW,ST,,,2013,5.0,9.0,159.0,mls,mls
KXMe4YxQ64,Danilo Silva,1986-11-24,Brazil,DF,CB,,,"['2018', '2019', '2020']",6.0,1.0,181.0,mls,mls
KXMe4kPQ64,Marcus Tracy,1986-10-02,USA,FW,ST,MF,CM,2013,6.0,1.0,172.0,mls,mls
KXMe4l1Q64,Alejandro Bedoya,1987-04-29,USA,MF,CM,,,"['2016', '2017', '2018', '2019', '2020', '2021', '2022', '2023', '2024', '2025', '2026']",5.0,10.0,161.0,mls,mls
KXMe87ZPQ6,Ralph Priso,2002-08-02,Canada,MF,DM,,,"['2020', '2021', '2022', '2023', '2024', '2025', '2026']",5.0,9.0,170.0,mls,mls
KXMe8BVrQ6,Jefferson Valverde,1999-05-04,Ecuador,DF,FB,,,2024,,,,mls,mls
KXMe8EJ6Q6,Pedro Vite,2002-03-09,Ecuador,MF,CM,,,"['2022', '2023', '2024', '2025']",5.0,6.0,152.0,mls,mls
KXMe8EW1Q6,Daryl Dike,2000-06-03,USA,FW,ST,,,"['2020', '2021']",6.0,2.0,,mls,mls
KXMe8EkQ64,Lewis Neal,1981-07-14,England,MF,W,,,"['2013', '2014', '2015']",5.0,11.0,157.0,mls,mls
KXMe8JD2Q6,Pedro Amador,1998-12-18,Portugal,DF,FB,,,"['2024', '2025', '2026']",5.0,11.0,161.0,mls,mls
KXMe8JN3Q6,Julio Benitez,2005-07-30,USA,,,,,{},5.0,8.0,139.0,mls,mls
KXMe8OnPQ6,Przemyslaw Placheta,1998-03-23,Poland,DF,FB,,,2026,5.0,10.0,159.0,mls,mls
KXMe8WD1Q6,Facundo Farías,2002-08-28,Argentina,FW,W,,ST,2023,,,,mls,mls
KXMe8Y2vQ6,Justin Che,2003-11-18,USA,DF,FB,,CB,"['2021', '2026']",5.0,4.0,159.0,mls,mls
KXMe8YjPQ6,Edwin Mosquera,2001-06-27,Colombia,MF,W,,,"['2022', '2023', '2024', '2025']",5.0,7.0,128.0,mls,mls
KXMe8ejPQ6,Jeremy Rafanello,2000-04-14,USA,MF,CM,,AM,"['2023', '2024', '2025', '2026']",6.0,0.0,161.0,mls,mls
KXMe8evxQ6,Joe Scally,2002-12-31,USA,DF,FB,,,2020,6.0,0.0,176.0,mls,mls
KXMe8gorQ6,Javier Casas,2003-05-14,USA,MF,DM,,,"['2021', '2022', '2023', '2024']",5.0,4.0,143.0,mls,mls
KXMe8gzPQ6,Luquinhas,1996-09-28,Brazil,MF,W,,AM,"['2022', '2023']",5.0,7.0,132.0,mls,mls
KXMe8jYxQ6,Serge Ngoma,2005-07-09,USA,MF,W,,,"['2022', '2023', '2024', '2025']",,,,mls,mls
KXMe8zRPQ6,Sami Guediri,1997-08-18,USA,DF,FB,,,"['2021', '2022']",5.0,11.0,170.0,mls,mls
KXMeA6PM64,Logan Pause,1981-08-22,USA,MF,CM,,,"['2013', '2014']",5.0,10.0,157.0,mls,mls
KXMeAPkM64,Dax McCarty,1987-04-30,USA,MF,DM,,CM,"['2013', '2014', '2015', '2016', '2017', '2018', '2019', '2020', '2021', '2022', '2023', '2024']",5.0,9.0,152.0,mls,mls
KXMeAavM64,Bobby Boswell,1983-03-15,USA,DF,CB,,,"['2013', '2014', '2015', '2016', '2017']",6.0,2.0,185.0,mls,mls
KXMeAokM64,Bobby Burling,1984-10-15,USA,DF,CB,,,"['2013', '2014', '2015', '2016', '2017']",6.0,5.0,196.0,mls,mls
KXMeEzPM64,Efraín Juárez,1988-02-22,Mexico,MF,CM,,,2018,5.0,9.0,137.0,mls,mls
KXMeO1kXq6,Gedion Zelalem,1997-01-26,USA,MF,CM,,DM,"['2019', '2020', '2021', '2022']",5.0,11.0,154.0,mls,mls
KXMeO3bPq6,O'Brian Woodbine,1988-01-11,Jamaica,,,,,{},6.0,0.0,172.0,mls,mls
KXMeO4D6q6,Christian Ortíz,1992-08-20,Argentina,MF,CM,FW,ST,2022,5.0,7.0,154.0,mls,mls
KXMeOPmPq6,Alec Sundly,1992-07-08,USA,,,,,{},6.0,0.0,159.0,mls,mls
KXMeOVpXq6,Marcelo,1989-07-27,Brazil,DF,CB,,,2019,6.0,0.0,163.0,mls,mls
KXMeOaaPq6,Emiliano Rigoni,1993-02-04,Argentina,MF,W,,,"['2022', '2023', '2024']",5.0,11.0,154.0,mls,mls
KXMeOde6q6,Clément Diop,1993-10-13,Senegal,GK,GK,,,"['2016', '2017', '2019', '2020', '2021', '2022', '2023']",6.0,1.0,165.0,mls,mls
KXMeRrKB56,Monday Etim,1998-12-04,Nigeria,,,,,{},5.0,9.0,163.0,mls,mls
KXMeYlxM64,Brandon McDonald,1986-01-16,USA,DF,CB,,,2013,6.0,1.0,185.0,mls,mls
KXMedXBQ64,Bradley Wright-Phillips,1985-03-12,England,FW,ST,,,"['2013', '2014', '2015', '2016', '2017', '2018', '2019', '2020', '2021']",5.0,8.0,157.0,mls,mls
KXMeg7NBq6,Kaedren Spivey,2009-05-28,USA,,,,,{},,,,mls,mls
KXMegX31q6,Tyger Smalls,2002-09-18,England,MF,W,,,"['2024', '2025', '2026']",,,,mls,mls
KXMeggl2q6,Duncan McGuire,2001-02-05,USA,FW,ST,,,"['2023', '2024', '2025', '2026']",,,,mls,mls
KXMegxG1q6,Simon Jillson,1999-10-11,USA,,,,,{},6.0,4.0,,mls,mls
KXMegy63q6,Keller Storlie,2002-01-08,USA,,,,,{},,,,mls,mls
KXMek263q6,Sam Johnson,1993-05-06,Liberia,FW,ST,,,"['2019', '2020']",5.0,10.0,163.0,mls,mls
KXMek9R2q6,Ondrej Lingr,1998-10-07,Czech Republic,MF,W,FW,ST,"['2025', '2026']",5.0,9.0,154.0,mls,mls
KXMekNYBq6,Tomas Ostrak,2000-02-05,Czech Republic,MF,DM,,,"['2023', '2024', '2025', '2026']",5.0,9.0,165.0,mls,mls
KXMekOprq6,Sebastián Driussi,1996-02-09,Argentina,MF,AM,,,"['2021', '2022', '2023', '2024']",5.0,10.0,176.0,mls,mls
KXMekVbPq6,Jhonder Cádiz,1995-07-29,Venezuela,FW,ST,,,"['2020', '2021']",6.0,3.0,161.0,mls,mls
KXMekX42q6,Dejan Joveljic,1999-08-07,Serbia,FW,ST,,,"['2021', '2022', '2023', '2024', '2025', '2026']",5.0,11.0,165.0,mls,mls
KXMekY1Xq6,Connor Sparrow,1994-05-10,USA,GK,GK,,,2020,6.0,2.0,181.0,mls,mls
KXMeke41q6,Robert Taylor,1994-10-21,Finland,MF,W,,,"['2022', '2023', '2024', '2025', '2026']",6.0,0.0,172.0,mls,mls
KXMekg02q6,Xavier Arreaga,1994-09-28,Ecuador,DF,CB,,,"['2019', '2020', '2021', '2022', '2023', '2024']",6.0,0.0,165.0,mls,mls
KXMekgE6q6,Cyle Larin,1995-04-17,Canada,FW,ST,,,"['2015', '2016', '2017']",6.0,2.0,190.0,mls,mls
KXMeklJ1q6,Taty Castellanos,1998-10-03,Argentina,FW,ST,,,"['2018', '2019', '2020', '2021', '2022']",5.0,10.0,154.0,mls,mls
KXMekmrPq6,Josh Cohen,1992-08-18,USA,GK,GK,,,2024,6.0,1.0,174.0,mls,mls
KXMeko9kq6,Charlie Asensio,2000-01-18,USA,,,,,{},5.0,8.0,150.0,mls,mls
KXMekw02q6,Rece Buckmaster,1996-07-07,USA,DF,FB,,,2019,5.0,8.0,137.0,mls,mls
KXMekwe3q6,Enzo Copetti,1996-01-16,Argentina,FW,ST,,,"['2023', '2024']",5.0,10.0,163.0,mls,mls
KXMekz9Pq6,Jeremy Kelly,1997-10-21,USA,DF,FB,,,2020,5.0,9.0,150.0,mls,mls
KXMepGPQ64,Marcel de Jong,1986-10-15,Canada,DF,FB,,,"['2015', '2016', '2017', '2018']",5.0,9.0,161.0,mls,mls
KXMepVPQ64,Marvin Emnes,1988-05-27,Netherlands,,,,,{},5.0,11.0,146.0,mls,mls
KXMerEB564,Seth Sinovic,1987-01-28,USA,DF,FB,,,"['2013', '2014', '2015', '2016', '2017', '2018', '2019', '2020']",5.0,9.0,172.0,mls,mls
KXMexaXQ64,Clint Dempsey,1983-03-09,USA,FW,ST,MF,AM,"['2013', '2014', '2015', '2016', '2017', '2018']",6.0,1.0,172.0,mls,mls
N6Mm4oWQEG,Jhon Kennedy Hurtado,1984-05-16,Colombia,DF,CB,,,"['2013', '2014']",6.0,0.0,185.0,mls,mls
N6Mm70bZqE,Jaime Frias,1993-02-18,USA,DF,FB,,,2013,5.0,11.0,163.0,mls,mls
N6Mm73xgqE,Tyler Rudy,1993-09-29,USA,,,,,{},5.0,9.0,161.0,mls,mls
N6Mm76gZqE,Josef Martínez,1993-05-19,Venezuela,FW,ST,,,"['2017', '2018', '2019', '2020', '2021', '2022', '2023', '2024', '2025']",5.0,8.0,150.0,mls,mls
N6Mm76oZqE,Rafael Garcia,1988-12-19,USA,MF,DM,,,"['2013', '2014', '2015', '2016', '2017']",5.0,6.0,152.0,mls,mls
N6Mm78LWqE,Rafael Czichos,1990-05-14,Germany,DF,CB,,,"['2022', '2023', '2024']",6.0,2.0,190.0,mls,mls
N6Mm7DkwqE,Emerson Hyndman,1996-04-09,USA,MF,CM,,,"['2019', '2020', '2021', '2022']",5.0,7.0,135.0,mls,mls
N6Mm7J4gqE,Jonathan Campbell,1993-06-27,USA,DF,CB,,,"['2016', '2017', '2018', '2019']",6.0,3.0,190.0,mls,mls
N6Mm7OawqE,Micheal Azira,1987-08-22,Uganda,MF,CM,,DM,"['2014', '2015', '2016', '2017', '2018', '2019', '2020']",5.0,10.0,161.0,mls,mls
N6Mm7OpxqE,Connor Brandt,1992-09-15,USA,DF,CB,,,2015,6.0,1.0,157.0,mls,mls
N6Mm7VVwqE,Marvin Ceballos,1992-04-22,Guatemala,,,,,{},5.0,5.0,139.0,mls,mls
N6Mm7ZVZqE,Matthew Dunn,1994-01-13,USA,MF,CM,,,"['2014', '2015']",5.0,10.0,165.0,mls,mls
N6Mm7ln0qE,Kyle Porter,1990-01-19,Canada,MF,W,,,"['2013', '2014']",6.0,0.0,161.0,mls,mls
N6Mm7o6WqE,Jeb Brovsky,1988-12-03,USA,DF,FB,,,"['2013', '2014', '2015']",6.0,1.0,172.0,mls,mls
N6Mm7oGZqE,Fanendo Adi,1990-10-10,Nigeria,FW,ST,,,"['2014', '2015', '2016', '2017', '2018', '2019', '2020', '2021']",6.0,4.0,185.0,mls,mls
N6Mm7op0qE,Lass,1992-03-30,Guinea,FW,W,,,2019,5.0,9.0,157.0,mls,mls
N6Mm7v3LqE,Luis Soffner,1990-01-15,USA,,,,,{},6.0,4.0,212.0,mls,mls
N6Mm8GwQEG,Kwadwo Poku,1992-02-19,Ghana,MF,AM,,,"['2015', '2016']",6.0,1.0,185.0,mls,mls
N6Mm9WPMEG,Sergii Kryvtsov,1991-03-15,Ukraine,DF,CB,,,"['2023', '2024']",6.0,1.0,183.0,mls,mls
N6MmBDe5EG,Asier Illarramendi,1990-03-08,Spain,MF,CM,,DM,"['2023', '2024']",5.0,10.0,165.0,mls,mls
N6MmGr7LqE,Gustavo Caraballo,2008-08-29,USA,MF,W,,,2025,,,,mls,mls
N6MmGzLWqE,Nathaniel Edwards,2002-10-18,Canada,,,,,{},5.0,8.0,165.0,mls,mls
N6MmJrw5EG,Paulo Renato,1987-05-14,Portugal,DF,CB,,,2015,6.0,0.0,168.0,mls,mls
N6MmKBXeqE,Christian Cappis,1999-08-13,USA,MF,CM,,,"['2025', '2026']",6.0,1.0,159.0,mls,mls
N6MmKd3WqE,Amet Korça,2000-09-16,Albania,DF,CB,,,2023,,,,mls,mls
N6MmKdJPqE,Jack Maher,1999-10-28,USA,DF,CB,,,"['2020', '2021', '2022', '2023', '2024', '2025', '2026']",6.0,2.0,170.0,mls,mls
N6MmL1wQEG,Agus,1985-05-03,Spain,DF,CB,,,2016,6.0,1.0,181.0,mls,mls
N6MmW1zgqE,Lucas Monzón,2001-09-29,Uruguay,DF,CB,,,2021,,,,mls,mls
N6MmWAYwqE,Noel Buck,2005-04-05,USA,MF,CM,,DM,"['2022', '2023', '2024', '2025', '2026']",5.0,11.0,154.0,mls,mls
N6MmWLNPqE,Matthew Corcoran,2006-02-17,USA,MF,CM,,DM,"['2025', '2026']",5.0,10.0,139.0,mls,mls
N6MmWNygqE,Macielo Tschantret,2006-02-22,USA,MF,CM,,,2026,,,,mls,mls
N6MmWW4eqE,Omar Campos,2002-07-20,Mexico,DF,FB,,,2024,5.0,9.0,143.0,mls,mls
N6MmWekZqE,Vinicius Mello,2002-08-19,Brazil,MF,W,,,2023,5.0,11.0,185.0,mls,mls
N6MmWnnwqE,John Denis,1998-02-03,USA,,,,,{},5.0,8.0,154.0,mls,mls
N6MmWzkwqE,Tani Oluwaseyi,2000-05-15,Canada,FW,ST,,,"['2023', '2024', '2025']",,,,mls,mls
N6Mme2GwME,Andrew Putna,1994-10-21,USA,GK,GK,,,"['2018', '2019', '2020', '2021']",6.0,2.0,181.0,mls,mls
N6Mme6YwME,Chris Mannella,1994-06-07,Canada,,,,,{},5.0,8.0,174.0,mls,mls
N6MmeAowME,Amahl Pellegrino,1990-06-18,Tanzania,FW,W,MF,W,"['2024', '2025', '2026']",6.0,3.0,150.0,mls,mls
N6MmeE3wME,Hannes Wolf,1999-04-16,Austria,MF,W,,,"['2024', '2025', '2026']",5.0,10.0,150.0,mls,mls
N6MmeEN0ME,Nico Hansen,2001-07-10,Denmark,GK,GK,,,"['2025', '2026']",6.0,2.0,,mls,mls
N6MmeGvRME,Edison Flores,1994-05-14,Peru,MF,AM,,,"['2020', '2021', '2022']",5.0,7.0,154.0,mls,mls
N6MmeKWLME,Brooks Lennon,1997-09-22,USA,DF,FB,,,"['2017', '2018', '2019', '2020', '2021', '2022', '2023', '2024', '2025', '2026']",5.0,10.0,157.0,mls,mls
N6MmeN4ZME,Eric Calvillo,1998-01-02,USA,MF,W,,,"['2018', '2019', '2020']",5.0,7.0,139.0,mls,mls
N6MmeOnRME,Lagos Kunga,1998-10-20,,,,,,{},5.0,9.0,154.0,mls,mls
N6MmeX2wME,Nacho Gil,1995-09-09,Spain,MF,W,,,"['2022', '2023', '2024']",5.0,7.0,152.0,mls,mls
N6MmeX4LME,Andrew Carleton,2000-06-22,USA,MF,W,,,"['2017', '2018', '2019']",5.0,8.0,146.0,mls,mls
N6MmeXxeME,Hadji Barry,1992-12-08,Guinea,MF,W,,,"['2016', '2017']",6.0,0.0,163.0,mls,mls
N6MmeZ4WME,Connor Ronan,1998-03-06,Republic of Ireland,MF,DM,,CM,"['2023', '2024', '2025', '2026']",5.0,7.0,154.0,mls,mls
N6MmeZPwME,Victor Mansaray,1997-02-22,USA,FW,ST,MF,AM,2015,5.0,11.0,181.0,mls,mls
N6MmebxeME,Rodrigues,1997-10-10,Brazil,DF,CB,,,"['2022', '2023', '2024', '2025']",6.0,2.0,168.0,mls,mls
N6MmedlLME,Miguel Nazarit,1997-05-20,Colombia,,,,,{},6.0,1.0,176.0,mls,mls
N6MmekpWME,Lucas Venuto,1995-01-14,Brazil,FW,W,,,2019,5.0,5.0,132.0,mls,mls
N6MmelOWME,Eric Stevenson,1990-08-30,USA,FW,ST,,,2014,5.0,8.0,146.0,mls,mls
N6MmepZxME,Jhojan Valencia,1996-07-27,Colombia,MF,DM,,,"['2022', '2023', '2024']",5.0,8.0,148.0,mls,mls
N6Mmez7wME,Trey Muse,1999-07-26,USA,,,,,{},6.0,3.0,201.0,mls,mls
N6MmezdWME,Brendan McDonough,1996-12-27,USA,DF,CB,,,2019,6.0,2.0,190.0,mls,mls
N6MmkXx0qE,Will Cleary,2003-02-17,USA,DF,FB,,,2026,6.0,2.0,,mls,mls
N6Mmkk90qE,Samsy Keita,2009-07-27,Canada,,,,,{},,,,mls,mls
N6MmmdWMEG,Joe Mason,1991-05-13,Republic of Ireland,FW,ST,,,2018,5.0,10.0,161.0,mls,mls
N6Mmo4vLqE,Maxwell Woledzi,2001-07-02,Ghana,DF,CB,,,2026,6.0,3.0,,mls,mls
N6Mmo6ovqE,Noah Adnan,2002-01-21,USA,,,,,{},,,,mls,mls
N6Mmo9EPqE,Nathan Ordaz,2004-01-12,USA,FW,ST,,W,"['2023', '2024', '2025', '2026']",,,,mls,mls
N6MmoAAWqE,Michee Ngalina,2000-04-06,DR Congo,MF,W,,,"['2019', '2021']",5.0,10.0,150.0,mls,mls
N6MmoGWWqE,Ricardo Pepi,2003-01-09,USA,FW,ST,,,"['2019', '2020', '2021']",6.0,1.0,161.0,mls,mls
N6MmoN8vqE,Dominic Iankov,2000-07-28,Bulgaria,MF,AM,,,"['2024', '2025']",,,,mls,mls
N6MmoVwqEG,Conor Casey,1981-07-25,USA,FW,ST,,,"['2013', '2014', '2015', '2016']",6.0,1.0,192.0,mls,mls
N6MmoXVxqE,Santiago Rodríguez,2000-01-08,Uruguay,MF,AM,,W,"['2021', '2022', '2023', '2024']",5.0,6.0,137.0,mls,mls
N6MmoYnPqE,Kobi Henry,2004-04-26,USA,DF,FB,,,2025,6.0,2.0,165.0,mls,mls
N6Mmoo0xqE,Daniel Chacón,2001-04-11,Costa Rica,,,,,{},6.0,0.0,152.0,mls,mls
N6Mmor2ZqE,Karifa Yao,2000-09-28,Canada,DF,CB,,,"['2020', '2023']",6.0,2.0,176.0,mls,mls
N6MmorYxqE,Aidan Morris,2001-11-16,USA,MF,CM,,,"['2020', '2022', '2023', '2024']",5.0,8.0,135.0,mls,mls
N6MmoroeqE,Keegan Tingey,2000-08-17,USA,,,,,{},5.0,10.0,165.0,mls,mls
N6MmovmZqE,Viktor Radojević,2004-07-14,Serbia,DF,FB,,,2026,,,,mls,mls
NPqx7bx59d,Kamohelo Mokotjo,1991-03-11,South Africa,MF,DM,,CM,"['2020', '2021']",5.0,7.0,159.0,mls,mls
NPqxA0wGQ9,Noah Fuson,2000-01-01,USA,,,,,{},6.0,1.0,,mls,mls
NPqxA1n8Q9,Owen Presthus,2006-02-21,USA,DF,FB,,,2026,,,,mls,mls
NPqxA1oZQ9,Arif Kovac,2006-09-08,USA,FW,ST,,,2026,,,,mls,mls
NPqxA8RmQ9,Nelson Quiñones,2002-08-20,Colombia,MF,W,,,"['2022', '2023', '2025']",,,,mls,mls
NPqxADDYQ9,Ali Ahmed,2000-10-10,Canada,DF,FB,,,"['2022', '2023', '2024', '2025']",5.0,11.0,154.0,mls,mls
NPqxAN6GQ9,Jonathan Shore,2007-04-13,USA,MF,DM,,,"['2025', '2026']",,,,mls,mls
NPqxAP6gQ9,Archie Goodwin,2004-11-07,Australia,FW,ST,,,"['2025', '2026']",,,,mls,mls
NPqxAp4mQ9,Fidel Barajas,2006-04-05,USA,MF,W,,,"['2024', '2025']",,,,mls,mls
NPqxArZjQ9,Ademar Chavez,2009-01-12,USA,,,,,{},,,,mls,mls
NPqxEKxQ9d,David Ousted,1985-02-01,Denmark,GK,GK,,,"['2013', '2014', '2015', '2016', '2017', '2018', '2019']",6.0,4.0,196.0,mls,mls
NPqxKmJZ59,Fricio Caicedo,2008-04-17,Ecuador,DF,CB,,,2026,6.0,2.0,159.0,mls,mls
NPqxKnY859,Nonso Adimabua,2000-09-07,Nigeria,FW,ST,,,2026,6.0,4.0,190.0,mls,mls
NPqxLzmq9d,John Goossens,1988-07-25,Netherlands,MF,W,,,"['2016', '2017']",5.0,9.0,170.0,mls,mls
NPqxPAxq9d,Yannick Djaló,1986-05-05,Portugal,FW,ST,MF,W,2014,5.0,6.0,141.0,mls,mls
NPqxX3mq9d,Ryan Miller,1984-12-14,USA,DF,FB,,,2013,5.0,11.0,165.0,mls,mls
NPqxXDkq9d,Markus Halsti,1984-03-19,Finland,MF,CM,,,2015,6.0,0.0,174.0,mls,mls
NPqxXKkq9d,Siem de Jong,1989-01-28,Netherlands,FW,ST,,,2020,6.0,1.0,168.0,mls,mls
NPqxYXxQ9d,Reto Ziegler,1986-01-16,Switzerland,DF,CB,,,"['2018', '2019', '2020']",6.0,0.0,174.0,mls,mls
NPqxe1RjQ9,Felipe Carballo,1996-10-04,Uruguay,MF,CM,,DM,"['2024', '2025']",5.0,10.0,159.0,mls,mls
NPqxe39XQ9,Kwame Awuah,1995-12-02,Canada,MF,DM,,,"['2017', '2018']",5.0,8.0,161.0,mls,mls
NPqxe4EmQ9,Brett Levis,1993-03-29,Canada,DF,FB,,,"['2016', '2018', '2019']",5.0,11.0,161.0,mls,mls
NPqxe7AmQ9,Denso Ulysse,1998-11-20,Haiti,,,,,{},5.0,8.0,132.0,mls,mls
NPqxeE4XQ9,Andre Rawls,1991-12-20,USA,,,,,{},6.0,2.0,190.0,mls,mls
NPqxeEXGQ9,Chris Froschauer,1994-02-15,USA,,,,,{},,,,mls,mls
NPqxeGOZQ9,Daniel,1994-05-06,Brazil,GK,GK,,,"['2023', '2024', '2025', '2026']",6.0,2.0,209.0,mls,mls
NPqxeJ4kQ9,Allan Cruz,1996-02-24,Costa Rica,MF,CM,,,"['2019', '2020', '2021', '2022']",5.0,5.0,115.0,mls,mls
NPqxeJAkQ9,Jailson,1995-09-07,Brazil,DF,CB,MF,DM,2025,5.0,10.0,163.0,mls,mls
NPqxeg1GQ9,Carlos Cermeño,1995-08-08,Venezuela,MF,DM,,,2017,5.0,5.0,143.0,mls,mls
NPqxej8gQ9,Pedro Baez,1997-01-15,Paraguay,FW,ST,,,2016,6.0,1.0,,mls,mls
NPqxek9WQ9,Justin Dhillon,1995-06-06,USA,FW,ST,,,"['2019', '2020']",6.0,3.0,185.0,mls,mls
NPqxemyWQ9,J.J. Koval,1992-05-19,USA,MF,CM,,,"['2014', '2015']",6.0,1.0,176.0,mls,mls
NPqxen8gQ9,Adrián Marín,1997-01-09,Spain,DF,CB,,FB,"['2025', '2026']",5.0,11.0,161.0,mls,mls
NPqxepRmQ9,Ben Swanson,1997-07-18,USA,MF,DM,,,2016,5.0,6.0,130.0,mls,mls
NPqxkJW59d,Todd Dunivant,1980-12-26,USA,DF,FB,,,"['2013', '2014', '2015']",6.0,1.0,176.0,mls,mls
NPqxm12kQ9,Matt Van Oekel,1986-09-20,USA,GK,GK,,,2017,6.0,4.0,205.0,mls,mls
NPqxm378Q9,Harrison Heath,1996-03-06,England,MF,DM,,,"['2015', '2016', '2017', '2018']",5.0,11.0,161.0,mls,mls
NPqxm6JZQ9,Deshorn Brown,1990-12-22,Jamaica,FW,ST,,,"['2013', '2014', '2015', '2017']",6.0,2.0,181.0,mls,mls
NPqxm7JXQ9,Ben Sweat,1991-09-04,USA,DF,FB,,,"['2017', '2018', '2019', '2020', '2021', '2022', '2023']",6.0,2.0,176.0,mls,mls
NPqxm7PYQ9,Shawn McLaws,1993-03-09,USA,,,,,{},5.0,10.0,165.0,mls,mls
NPqxmGrgQ9,Olmes García,1992-10-21,Colombia,FW,ST,,,"['2013', '2014', '2015', '2016']",6.0,0.0,176.0,mls,mls
NPqxmL8Q9d,Tim Cahill,1979-12-06,Australia,MF,CM,,,"['2013', '2014']",5.0,10.0,152.0,mls,mls
NPqxmbKZQ9,Franco Fragapane,1993-02-06,Argentina,MF,W,,,"['2021', '2022', '2023', '2024']",5.0,7.0,146.0,mls,mls
NPqxmgXkQ9,Daniel Steres,1990-11-11,USA,DF,CB,,,"['2016', '2017', '2018', '2019', '2020', '2021', '2022', '2023', '2024', '2025']",6.0,0.0,172.0,mls,mls
NPqxmk38Q9,Tomás Gómez,1993-05-20,USA,,,,,{},6.0,1.0,196.0,mls,mls
NPqxmpNXQ9,Andrew Wooten,1989-09-30,USA,FW,ST,,,"['2019', '2020']",6.0,1.0,187.0,mls,mls
NPqxmxYgQ9,Hugh Alexander Dixon,1990-02-07,USA,MF,CM,,,2013,5.0,8.0,152.0,mls,mls
NPqxmyDjQ9,Kalif Alhassan,1990-10-15,Ghana,FW,W,,,"['2013', '2014']",5.0,10.0,161.0,mls,mls
NPqxmyKjQ9,Víctor Rodríguez,1989-07-23,Spain,MF,W,,,"['2017', '2018', '2019']",5.0,7.0,154.0,mls,mls
NPqxoNPx59,Osvald Søe,2005-11-05,Denmark,DF,CB,,,2026,6.0,2.0,,mls,mls
NPqxpG8q9d,Antonio Nocerino,1985-04-09,Italy,MF,DM,,CM,"['2016', '2017']",5.0,9.0,163.0,mls,mls
NPqxx0vXq9,Andre Reynolds,2001-05-02,USA,MF,W,DF,FB,"['2020', '2022']",5.0,9.0,154.0,mls,mls
NPqxx41Gq9,Antoine Coupland,2003-12-12,Canada,FW,W,MF,W,2025,5.0,5.0,141.0,mls,mls
NPqxx91gq9,Ajani Fortune,2002-12-30,Trinidad & Tobago,MF,CM,,DM,"['2023', '2024', '2025', '2026']",5.0,8.0,154.0,mls,mls
NPqxxADjq9,Clay Holstad,2000-01-12,USA,MF,DM,,,2026,6.0,0.0,,mls,mls
NPqxxAvYq9,Gianfranco Facchineri,2002-04-27,Canada,,,,,{},6.0,0.0,185.0,mls,mls
NPqxxLDkq9,Andrew Privett,2000-08-02,USA,DF,CB,,,"['2023', '2024', '2025', '2026']",,,,mls,mls
NPqxxVnWq9,Jay Joshua Herdman,2004-08-14,New Zealand,FW,W,,,2024,5.0,7.0,139.0,mls,mls
NPqxxgBXq9,Brandon Cambridge,2002-02-09,Canada,FW,W,,,"['2023', '2024', '2025']",6.0,0.0,174.0,mls,mls
NPqxxjAmq9,Elijah Wynder,2003-03-10,USA,MF,CM,,,"['2025', '2026']",6.0,0.0,154.0,mls,mls
NPqxxmYkq9,Mihajlo Miskovic,1998-01-10,USA,,,,,{},6.0,3.0,212.0,mls,mls
NPqxxnwjq9,Frantz Pangop,1995-03-18,Cameroon,MF,W,,,2018,5.0,10.0,165.0,mls,mls
NPqxxvLmq9,Bobby Pierre,2002-08-28,USA,,,,,{},,,,mls,mls
NPqxxxgmq9,Dantouma Toure,2004-06-12,USA,MF,W,,,"['2021', '2022']",5.0,8.0,148.0,mls,mls
NPqxyaYQ9d,Péguy Luyindula,1979-05-25,France,FW,ST,,,"['2013', '2014']",5.0,10.0,159.0,mls,mls
NPqxz7mM9d,Luis Gil,1993-11-14,USA,MF,CM,,,"['2013', '2014', '2015', '2017', '2018']",5.0,10.0,157.0,mls,mls
NWMW07D5lz,Michel,1981-06-09,Brazil,MF,DM,,,"['2013', '2014', '2015']",6.0,1.0,190.0,mls,mls
NWMW0Bz5lz,Sergio Busquets,1988-07-16,Spain,MF,DM,,,"['2023', '2024', '2025']",6.0,2.0,168.0,mls,mls
NWMWL3XK5l,Aké Arnaud Loba,1998-04-01,Ivory Coast,FW,ST,,,"['2021', '2022']",5.0,11.0,165.0,mls,mls
NWMWL3nL5l,Mathías Laborda,1999-09-15,Uruguay,DF,CB,,FB,"['2023', '2024', '2025', '2026']",6.0,0.0,170.0,mls,mls
NWMWL3z75l,Aboubacar Keita,2000-04-06,USA,DF,CB,,,"['2019', '2020', '2021']",6.0,2.0,179.0,mls,mls
NWMWLO7N5l,Sam Junqua,1996-11-09,USA,DF,FB,,CB,"['2020', '2021', '2022', '2023', '2024', '2025', '2026']",6.0,0.0,170.0,mls,mls
NWMWO1zMlz,David Estrada,1988-02-04,USA,MF,W,FW,ST,"['2013', '2014']",5.0,8.0,157.0,mls,mls
NWMWR67Qlz,Rauwshan McKenzie,1986-11-19,USA,DF,CB,,,"['2013', '2014']",6.0,1.0,185.0,mls,mls
NWMWRNKQlz,Alexander Büttner,1989-02-11,Netherlands,DF,FB,,,2020,5.0,9.0,165.0,mls,mls
NWMWRvjQlz,Matías Pérez García,1984-10-13,Argentina,MF,W,,,"['2014', '2015', '2016', '2017']",5.0,5.0,146.0,mls,mls
NWMWV4LDQl,Deybi Flores,1996-06-16,Honduras,MF,CM,,DM,"['2015', '2016', '2024', '2025']",6.0,0.0,150.0,mls,mls
NWMWV6dzQl,Adonijah Reid,1999-08-13,Canada,,,,,{},5.0,6.0,150.0,mls,mls
NWMWV8ljQl,Tommy McCabe,1998-04-04,USA,MF,DM,,,"['2019', '2020']",5.0,11.0,170.0,mls,mls
NWMWV93KQl,Joaquín Torres,1997-01-28,Argentina,MF,AM,,,"['2021', '2022', '2023']",5.0,5.0,135.0,mls,mls
NWMWVA9NQl,Khiry Shelton,1993-06-26,USA,FW,ST,,,"['2015', '2016', '2017', '2018', '2020', '2021', '2022', '2023', '2024', '2025']",6.0,3.0,192.0,mls,mls
NWMWVG8ZQl,Donovan Pines,1998-03-07,USA,DF,CB,,,"['2019', '2020', '2021', '2022', '2023']",6.0,4.0,194.0,mls,mls
NWMWVPyZQl,Aarón Guillén,1993-06-23,USA,DF,FB,,,"['2016', '2017']",5.0,0.0,159.0,mls,mls
NWMWVR6jQl,Brendan Hines-Ike,1994-11-30,USA,DF,CB,,,"['2021', '2022', '2023', '2024', '2025', '2026']",6.0,1.0,170.0,mls,mls
NWMWVZaDQl,Josh Yaro,1994-11-18,Ghana,DF,CB,,,"['2016', '2017', '2023', '2024', '2025']",5.0,11.0,163.0,mls,mls
NWMWVe1KQl,Edwin Munjoma,1998-07-18,USA,DF,FB,,,"['2021', '2022']",5.0,10.0,154.0,mls,mls
NWMWVeDDQl,Robert Castellanos,1998-05-11,USA,DF,CB,,,"['2021', '2023', '2024']",6.0,2.0,181.0,mls,mls
NWMWVgnDQl,Wilfrid Kaptoum,1996-07-07,Cameroon,MF,DM,,CM,"['2021', '2022']",5.0,9.0,159.0,mls,mls
NWMWVjaDQl,Rubio Rubín,1996-03-01,USA,FW,ST,,,"['2021', '2022', '2023']",5.0,11.0,161.0,mls,mls
NWMWVpyKQl,Agustín Jara,1992-06-01,Argentina,MF,W,DF,CB,2016,5.0,10.0,165.0,mls,mls
NWMWX3nE5l,Ben Spencer,1995-03-28,USA,FW,ST,,,"['2017', '2018']",6.0,5.0,196.0,mls,mls
NWMWX9mY5l,Ventura Alvarado,1992-08-16,USA,DF,FB,,,2021,5.0,11.0,157.0,mls,mls
NWMWXJWj5l,Bradley Diallo,1990-07-20,France,DF,FB,,,2017,6.0,0.0,174.0,mls,mls
NWMWXLYj5l,Abu Tommy,1989-10-13,Sierra Leone,,,,,{},6.0,0.0,163.0,mls,mls
NWMWXRoE5l,Andreas Maxsø,1994-03-18,Denmark,DF,CB,,,"['2023', '2024', '2025']",6.0,3.0,187.0,mls,mls
NWMWXVDj5l,José Mari,1987-12-06,Spain,MF,CM,,,2014,5.0,11.0,152.0,mls,mls
NWMWXZrK5l,Brian Holt,1988-11-14,USA,,,,,{},5.0,8.0,161.0,mls,mls
NWMWXvAN5l,Leonel Miranda,1994-01-07,Argentina,MF,W,,,"['2015', '2016']",5.0,8.0,154.0,mls,mls
NWMWXvpj5l,Taylor Morgan,1990-10-21,England,MF,CM,,,2013,6.0,5.0,181.0,mls,mls
NWMWXy775l,Joakim Nilsson,1994-02-06,Sweden,DF,CB,,,"['2023', '2024', '2025']",6.0,1.0,172.0,mls,mls
NWMWXyl75l,Brendan King,1990-02-25,USA,,,,,{},6.0,0.0,161.0,mls,mls
NWMWXylK5l,Matt Hedges,1990-04-01,USA,DF,CB,,,"['2013', '2014', '2015', '2016', '2017', '2018', '2019', '2020', '2021', '2022', '2023', '2024']",6.0,4.0,196.0,mls,mls
NWMWajDqlz,Stefan Ishizaki,1982-05-15,Sweden,MF,W,,,"['2014', '2015']",5.0,11.0,165.0,mls,mls
NWMWareqlz,Bacary Sagna,1983-02-14,France,DF,FB,,,"['2018', '2019']",5.0,9.0,159.0,mls,mls
NWMWbpDQlz,Christian Bolaños,1984-05-17,Costa Rica,MF,W,,,"['2016', '2017']",5.0,9.0,148.0,mls,mls
NWMWbwKQlz,Eddie Gaven,1986-10-25,USA,MF,W,,,2013,6.0,0.0,165.0,mls,mls
NWMWe2Yqlz,Aubrey David,1990-10-11,Trinidad & Tobago,DF,FB,,,2016,6.0,3.0,163.0,mls,mls
NWMWeDYqlz,Nicolás Lodeiro,1989-03-21,Uruguay,MF,AM,,,"['2016', '2017', '2018', '2019', '2020', '2021', '2022', '2023', '2024', '2025']",5.0,9.0,157.0,mls,mls
NWMWgLbEMl,Kevin Kelsy,2004-07-27,Venezuela,FW,ST,,,"['2024', '2025', '2026']",6.0,2.0,187.0,mls,mls
NWMWgLvKMl,Dominik Chong Qui,2007-12-29,USA,DF,FB,,,2025,,,,mls,mls
NWMWgjbEMl,Cole Jensen,2001-01-22,USA,,,,,{},6.0,5.0,194.0,mls,mls
NWMWj8JzQl,Joran Gerbet,2001-06-30,France,MF,CM,,DM,2025,,,,mls,mls
NWMWj8bjQl,Pedro,2004-03-05,Brazil,,,,,{},,,,mls,mls
NWMWj9DQlz,Justin Hoyte,1984-11-20,Trinidad & Tobago,DF,FB,,CB,2019,5.0,11.0,157.0,mls,mls
NWMWjEGYQl,Michael Adedokun,2001-05-27,Nigeria,,,,,{},5.0,8.0,161.0,mls,mls
NWMWkejMlz,Mike Grella,1987-01-23,USA,MF,W,,,"['2015', '2016', '2017', '2018']",5.0,11.0,170.0,mls,mls
NWMWl26L5l,Ethan O'Brien,2001-01-24,Ireland,,,,,{},6.0,0.0,,mls,mls
NWMWlEAD5l,Edwin Cerrillo,2000-10-03,USA,MF,DM,,,"['2019', '2020', '2021', '2022', '2023', '2024', '2025', '2026']",5.0,10.0,179.0,mls,mls
NWMWlKbN5l,Jordan Perruzza,2001-01-16,Canada,FW,ST,,,"['2021', '2022', '2023']",6.0,0.0,179.0,mls,mls
NWMWlNoY5l,Juan Alvarez,2004-08-30,USA,,,,,{},5.0,7.0,130.0,mls,mls
NWMWlWle5l,Brian White,1996-02-03,USA,FW,ST,,,"['2018', '2019', '2020', '2021', '2022', '2023', '2024', '2025', '2026']",5.0,11.0,183.0,mls,mls
NWMWlX6K5l,Andrés Perea,2000-11-14,Colombia,MF,DM,,,"['2020', '2021', '2022', '2023', '2024', '2025', '2026']",6.0,0.0,159.0,mls,mls
NWMWlYdY5l,Facundo Mura,1999-03-23,Argentina,DF,FB,,,2026,5.0,8.0,,mls,mls
NWMWlaDZ5l,Kobe Franklin,2003-05-10,Canada,DF,FB,,,"['2022', '2023', '2024', '2025', '2026']",5.0,6.0,152.0,mls,mls
NWMWllOE5l,Wilson Eisner,2002-05-03,USA,DF,FB,,CB,2026,,,,mls,mls
NWMWlnwE5l,Bobby Edwards,1995-08-11,USA,GK,GK,,,2020,6.0,6.0,218.0,mls,mls
NWMWlvPZ5l,Loic Williams,2002-01-07,Spain,DF,CB,,,2026,6.0,2.0,163.0,mls,mls
NWMWlwoz5l,Thomas Musto,2003-11-10,USA,,,,,{},,,,mls,mls
NWMWnVEQlz,Lorenzo Insigne,1991-06-04,Italy,FW,W,MF,AM,"['2022', '2023', '2024', '2025']",5.0,4.0,130.0,mls,mls
NWMWo2GeMl,Alejandro Granados Torres,2006-05-30,Spain,MF,W,,,2023,,,,mls,mls
NWMWo3ZNMl,Johnny Selemani,2008-03-16,Canada,MF,W,,,2025,,,,mls,mls
NWMWo7zLMl,Jesus Batiz,1999-06-14,USA,MF,W,FW,ST,2023,,,,mls,mls
NWMWoA1eMl,Matthew Evans,2006-05-25,Guatemala,MF,AM,,,2026,,,,mls,mls
NWMWoAdKMl,Samuel Basabe,2005-12-02,USA,,,,,{},,,,mls,mls
NWMWoDVYMl,Jamir Berdecio,2002-08-12,Bolivia,,,,,{},5.0,9.0,150.0,mls,mls
NWMWoG7LMl,Iago,2005-04-18,Brazil,DF,CB,,,2026,,,,mls,mls
NWMWoJg7Ml,Leo Duru,2005-01-12,USA,DF,FB,,,2025,5.0,10.0,161.0,mls,mls
NWMWoN6KMl,Ilay Feingold,2004-08-23,Israel,DF,FB,,,"['2025', '2026']",,,,mls,mls
NWMWoYO7Ml,Aidan Stokes,2008-01-14,USA,,,,,{},6.0,0.0,143.0,mls,mls
NWMWoYveMl,Eric Izoita,2007-09-08,USA,MF,DM,,,2026,,,,mls,mls
NWMWobANMl,Ilias Iliadis,2001-03-21,Greece,DF,FB,,,2023,5.0,9.0,,mls,mls
NWMWopneMl,Kaiden Moore,2007-05-11,USA,,,,,{},,,,mls,mls
NWMWozjzMl,O’Vonte Mullings,2000-10-09,Canada,DF,FB,,,2023,5.0,10.0,163.0,mls,mls
NWMWpPZ5lz,Guram Kashia,1987-07-04,Georgia,DF,CB,,,"['2018', '2019', '2020']",6.0,1.0,192.0,mls,mls
NWMWraEQlz,Marc Burch,1984-05-07,USA,DF,FB,,,"['2013', '2014', '2015', '2016', '2017', '2018']",6.0,0.0,183.0,mls,mls
NWMWrgeQlz,Larrys Mabiala,1987-10-08,DR Congo,DF,CB,,,"['2017', '2018', '2019', '2020', '2021', '2022', '2023', '2024']",6.0,2.0,176.0,mls,mls
NWMWrrYQlz,Omar Cummings,1982-07-13,Jamaica,FW,ST,,,"['2013', '2014']",5.0,10.0,165.0,mls,mls
NWMWvO7Qlz,Antonio Mlinar Delamea,1991-06-10,Slovenia,DF,CB,,,"['2017', '2018', '2019', '2020']",6.0,0.0,161.0,mls,mls
NWMWwbeMlz,Richard Eckersley,1989-03-12,England,DF,FB,,,"['2013', '2014']",6.0,0.0,170.0,mls,mls
NWMWwxEMlz,Thomas Piermayr,1989-08-02,Austria,DF,FB,,CB,2014,6.0,0.0,176.0,mls,mls
NWMWxAZ5lz,Mario de Luna,1988-01-05,Mexico,DF,CB,,,2013,5.0,10.0,168.0,mls,mls
NWMWxDN5lz,Jorge Villafaña,1989-09-16,USA,DF,FB,,,"['2013', '2014', '2015', '2018', '2019', '2020', '2021']",5.0,9.0,152.0,mls,mls
NWMWxPK5lz,Adam Nemec,1985-09-02,Slovakia,FW,ST,,,2015,6.0,3.0,185.0,mls,mls
NWMWz3LQlz,Nuno Coelho,1986-01-07,Portugal,DF,CB,,,2016,6.0,3.0,176.0,mls,mls
Oa5w0DPWq1,Giovanny Sequera,2006-02-14,Venezuela,DF,FB,,,2026,5.0,7.0,132.0,mls,mls
Oa5w0DmYq1,Benjamin Stitz,2000-05-12,USA,FW,ST,,,2023,,,,mls,mls
Oa5w0Dw8q1,Diego Konincks,2000-11-29,Netherlands,,,,,{},6.0,2.0,185.0,mls,mls
Oa5w0Kv4q1,Patrick Agyemang,2000-11-07,Ghana,FW,ST,,,"['2023', '2024', '2025']",6.0,4.0,,mls,mls
Oa5w0LVXq1,Gallatin Sandnes,2008-06-03,USA,DF,CB,,,2026,,,,mls,mls
Oa5w0Lp9q1,Pedrinho,2003-04-18,Brazil,MF,W,,,2025,,,,mls,mls
Oa5w0XDAq1,Cyprian Kachwele,2005-02-15,Tanzania,MF,CM,,,2024,6.0,3.0,152.0,mls,mls
Oa5w0nABq1,Ignacio Couri,2009-04-03,USA,MF,CM,,,2026,,,,mls,mls
Oa5w1kXQ14,Tomás Vaclik,1989-03-29,Czech Republic,,,,,{},6.0,2.0,187.0,mls,mls
Oa5w9R9Q14,Patrick Ianni,1985-06-15,USA,DF,CB,,,"['2013', '2014']",6.0,1.0,176.0,mls,mls
Oa5wA23AQ1,Gevork Diarbian,2001-12-12,USA,,,,,{},5.0,7.0,150.0,mls,mls
Oa5wA7V4Q1,Róbert Thorkelsson,2002-04-03,Iceland,DF,FB,,CB,"['2022', '2023']",,,,mls,mls
Oa5wA88Q14,Frédéric Piquionne,1978-12-08,France,FW,ST,,,"['2013', '2014']",6.0,2.0,172.0,mls,mls
Oa5wAAe4Q1,Obafemi Awodesu,2001-04-05,USA,DF,CB,,,2025,6.0,4.0,172.0,mls,mls
Oa5wADrAQ1,Ethan Bristow,2001-11-27,England,DF,FB,,,2023,6.0,2.0,,mls,mls
Oa5wAK7jQ1,Nanu,1994-05-17,Guinea-Bissau,DF,FB,,,2022,5.0,10.0,152.0,mls,mls
Oa5wAK9WQ1,Tyler Wolff,2003-02-13,USA,MF,W,,,"['2020', '2021', '2022', '2023', '2024', '2025']",5.0,9.0,154.0,mls,mls
Oa5wALnAQ1,Travian Sousa,2001-09-19,USA,,,,,{},,,,mls,mls
Oa5wAP44Q1,Charles Sharp,2001-06-23,USA,FW,ST,,,"['2024', '2025']",6.0,5.0,192.0,mls,mls
Oa5wAWDAQ1,Adrien Pérez,1995-10-13,USA,FW,W,,,"['2019', '2020', '2021', '2022']",5.0,11.0,170.0,mls,mls
Oa5wAaRjQ1,Talles Magno,2002-06-26,Brazil,MF,W,FW,ST,"['2021', '2022', '2023', '2024', '2026']",6.0,1.0,163.0,mls,mls
Oa5wAe74Q1,Cheick Tidiane Sabaly,1999-03-04,Senegal,MF,W,,,2026,5.0,6.0,123.0,mls,mls
Oa5wAkEBQ1,Emmanuel Ochoa,2005-05-05,USA,,,,,{},6.0,2.0,150.0,mls,mls
Oa5wAko8Q1,Jean-Aniel Assi,2004-08-12,Ivory Coast,,,,,{},5.0,10.0,163.0,mls,mls
Oa5wAkojQ1,Jack Panayotou,2004-06-05,USA,MF,W,,,"['2023', '2024']",,,,mls,mls
Oa5wAkz9Q1,Patrick Weah,2003-12-15,USA,FW,ST,MF,W,"['2021', '2024', '2025']",,,,mls,mls
Oa5wAkzDQ1,Fred Emmings,2004-02-08,Luxembourg,,,,,{},6.0,5.0,209.0,mls,mls
Oa5wAm28Q1,Joaquín Sosa,2002-01-10,Uruguay,DF,CB,,,2024,6.0,2.0,181.0,mls,mls
Oa5wAoEWQ1,Ryan Carmichael,2001-08-03,Scotland,,,,,{},,,,mls,mls
Oa5wApPjQ1,Iuri Tavares,2001-03-08,Portugal,MF,W,,,"['2024', '2025']",6.0,1.0,163.0,mls,mls
Oa5wAxPYQ1,Freddy Vargas,1999-04-01,Venezuela,MF,W,,,2021,5.0,11.0,161.0,mls,mls
Oa5wBOBM14,Krzysztof Krol,1987-02-06,Poland,DF,FB,,,2014,6.0,1.0,161.0,mls,mls
Oa5wDgWq14,Jay DeMerit,1979-12-04,USA,DF,CB,,,"['2013', '2014']",6.0,1.0,181.0,mls,mls
Oa5wEGBQ14,Steven Beitashour,1987-02-01,Iran,DF,FB,,,"['2013', '2014', '2015', '2016', '2017', '2018', '2019', '2021', '2022', '2023']",5.0,10.0,172.0,mls,mls
Oa5wEzXQ14,Blair Gavin,1989-01-08,USA,,,,,{},6.0,0.0,165.0,mls,mls
Oa5wJkgM14,Carlos Vela,1989-03-01,Mexico,FW,W,,ST,"['2018', '2019', '2020', '2021', '2022', '2023', '2024']",5.0,10.0,170.0,mls,mls
Oa5wKOWB51,Max Kerkvliet,2005-10-01,USA,,,,,{},6.0,5.0,205.0,mls,mls
Oa5wKVW514,Matt Reis,1975-03-28,USA,GK,GK,,,2013,6.0,1.0,201.0,mls,mls
Oa5wO39514,Steven Caldwell,1980-09-12,Scotland,DF,CB,,,"['2013', '2014', '2015']",5.0,11.0,159.0,mls,mls
Oa5wV0XXM1,Benjamín Kuscevic,1996-05-02,Chile,DF,CB,,,2026,6.0,1.0,163.0,mls,mls
Oa5wV17gM1,Martín Ojeda,1998-11-27,Argentina,MF,AM,,,"['2023', '2024', '2025', '2026']",5.0,9.0,130.0,mls,mls
Oa5wV1NBM1,Jaroslaw Niezgoda,1995-03-15,Poland,FW,ST,,,"['2020', '2021', '2022', '2023']",6.0,1.0,161.0,mls,mls
Oa5wV64DM1,Chris Lema,1996-08-05,USA,,,,,{},5.0,10.0,159.0,mls,mls
Oa5wV6LWM1,Tomás Romero,2000-12-19,El Salvador,GK,GK,,,"['2021', '2023', '2025']",6.0,1.0,170.0,mls,mls
Oa5wV7lgM1,Reagan Dunk,1994-02-08,USA,DF,FB,,,2017,5.0,11.0,174.0,mls,mls
Oa5wV8X9M1,Michael Murillo,1996-02-11,Panama,DF,FB,,,"['2017', '2018', '2019']",6.0,0.0,165.0,mls,mls
Oa5wVBPXM1,Lewis O'Brien,1998-10-14,England,MF,CM,,,"['2023', '2024']",5.0,8.0,139.0,mls,mls
Oa5wVBw8M1,Jason Pendant,1997-02-09,France,DF,FB,,,"['2020', '2021', '2022']",5.0,10.0,141.0,mls,mls
Oa5wVLWAM1,Adam Lundkvist,1994-03-20,Sweden,DF,FB,,,"['2018', '2019', '2020', '2021', '2022', '2023']",5.0,9.0,143.0,mls,mls
Oa5wVNz8M1,Kai Koreniuk,1998-03-01,Netherlands,MF,W,,,2020,6.0,0.0,165.0,mls,mls
Oa5wVOyDM1,Grant Van de Casteele,1991-05-10,USA,DF,CB,,,2014,6.0,2.0,165.0,mls,mls
Oa5wVXwAM1,Neco Brett,1992-03-22,Jamaica,FW,ST,,,2016,5.0,8.0,165.0,mls,mls
Oa5wVYJAM1,Alberth Elis,1996-02-12,Honduras,MF,W,,,"['2017', '2018', '2019', '2020']",6.0,0.0,170.0,mls,mls
Oa5wVYL4M1,Luis Amarilla,1995-08-25,Paraguay,FW,ST,,,"['2020', '2022', '2023']",6.0,0.0,161.0,mls,mls
Oa5wVYvWM1,Ezequiel Ponce,1997-03-29,Argentina,FW,ST,,,"['2024', '2025', '2026']",5.0,9.0,165.0,mls,mls
Oa5wVeYWM1,Mark McKenzie,1999-02-25,USA,DF,CB,,,"['2018', '2019', '2020']",6.0,0.0,190.0,mls,mls
Oa5wVeoYM1,Zach Steinberger,1992-05-10,USA,MF,CM,,W,2015,5.0,11.0,170.0,mls,mls
Oa5wVgVYM1,Chris Mueller,1996-08-29,USA,MF,W,,,"['2018', '2019', '2020', '2021', '2022', '2023', '2024', '2026']",5.0,9.0,165.0,mls,mls
Oa5wVojBM1,Washington Corozo,1998-07-09,Ecuador,MF,DM,,,2022,5.0,10.0,159.0,mls,mls
Oa5wVwoDM1,Zeiko Lewis,1994-06-04,Bermuda,,,,,{},5.0,6.0,141.0,mls,mls
Oa5wVwxXM1,Aedan Stanley,1999-12-13,USA,DF,FB,,,2021,5.0,11.0,172.0,mls,mls
Oa5wVzD9M1,Aleksandar Radovanovic,1993-11-11,Serbia,DF,CB,,,2023,6.0,2.0,183.0,mls,mls
Oa5wVzeWM1,José Cifuentes,1999-03-12,Ecuador,MF,CM,,,"['2020', '2021', '2022', '2023', '2025', '2026']",5.0,9.0,154.0,mls,mls
Oa5wXw8q14,Geoff Cameron,1985-07-11,USA,DF,CB,,,"['2021', '2022']",6.0,3.0,185.0,mls,mls
Oa5wY8RXQ1,Hany Mukhtar,1995-03-21,Germany,FW,ST,MF,AM,"['2020', '2021', '2022', '2023', '2024', '2025', '2026']",5.0,9.0,159.0,mls,mls
Oa5wY99XQ1,Georgios Giakoumakis,1994-12-09,Greece,FW,ST,,,"['2023', '2024']",6.0,1.0,185.0,mls,mls
Oa5wYAN9Q1,Mohammed Abu,1991-11-14,Ghana,MF,DM,,CM,"['2017', '2018', '2020']",5.0,7.0,150.0,mls,mls
Oa5wYAP8Q1,Donny Toia,1992-05-28,USA,DF,FB,,,"['2014', '2015', '2016', '2017', '2018', '2019', '2020', '2021']",5.0,8.0,161.0,mls,mls
Oa5wYBNWQ1,Jesse Gonzalez,1995-05-25,Mexico,GK,GK,,,"['2015', '2016', '2017', '2018', '2019', '2020']",6.0,3.0,183.0,mls,mls
Oa5wYE4YQ1,Erik Palmer-Brown,1997-04-24,USA,DF,CB,,,"['2014', '2015', '2017']",6.0,3.0,176.0,mls,mls
Oa5wYG9WQ1,Dylan Tucker-Gangnes,1989-10-03,USA,,,,,{},6.0,3.0,190.0,mls,mls
Oa5wYGj8Q1,Andrew Ribeiro,1990-10-22,USA,,,,,{},6.0,0.0,181.0,mls,mls
Oa5wYGjAQ1,Colin Mitchell,1990-10-18,USA,,,,,{},6.0,0.0,168.0,mls,mls
Oa5wYGr4Q1,Bressan,1993-01-15,Brazil,DF,CB,,,"['2019', '2020', '2021']",6.0,0.0,163.0,mls,mls
Oa5wYKEXQ1,João Paulo,1991-03-08,Brazil,MF,DM,,,"['2020', '2021', '2022', '2023', '2024', '2025']",5.0,7.0,157.0,mls,mls
Oa5wYLD9Q1,Robin Jansson,1991-11-15,Sweden,DF,CB,,,"['2019', '2020', '2021', '2022', '2023', '2024', '2025', '2026']",6.0,2.0,192.0,mls,mls
Oa5wYWA8Q1,Kevan George,1990-01-30,Trinidad & Tobago,MF,DM,,,"['2013', '2014', '2015']",6.0,2.0,172.0,mls,mls
Oa5wYWAjQ1,Hunter Jumper,1989-02-28,USA,DF,CB,,FB,2013,6.0,2.0,176.0,mls,mls
Oa5wYWW9Q1,Miller Bolaños,1990-06-01,Ecuador,MF,W,FW,ST,2013,5.0,7.0,143.0,mls,mls
Oa5wYWaBQ1,Lionard Pajoy,1981-06-07,Colombia,FW,ST,,,2013,6.0,1.0,185.0,mls,mls
Oa5wYWg4Q1,Franck Boli,1993-12-07,Ivory Coast,FW,ST,,,2023,5.0,11.0,170.0,mls,mls
Oa5wYZ4DQ1,Oliver Shannon,1995-09-12,England,,,,,{},6.0,0.0,168.0,mls,mls
Oa5wYZABQ1,Caleb Clarke,1993-06-23,Canada,,,,,{},6.0,1.0,165.0,mls,mls
Oa5wYlbjQ1,Santiago González,1992-06-11,Uruguay,FW,ST,MF,DM,2014,5.0,7.0,161.0,mls,mls
Oa5wYoGYQ1,Juan Esteban Ortiz,1987-08-29,Colombia,MF,DM,,,2016,5.0,10.0,152.0,mls,mls
Oa5wYovWQ1,Benji Joya,1993-09-22,USA,MF,W,,,2014,5.0,8.0,146.0,mls,mls
Oa5wYrOWQ1,Romario Ibarra,1994-09-24,Ecuador,FW,ST,MF,W,"['2018', '2019']",5.0,9.0,161.0,mls,mls
Oa5wYrYWQ1,Matt Horth,1989-05-03,England,,,,,{},6.0,3.0,194.0,mls,mls
Oa5wYyE8Q1,Ebenezer Ofori,1995-07-01,Ghana,MF,CM,,,"['2018', '2019']",5.0,8.0,154.0,mls,mls
Oa5wZWXM14,Abel Aguilar,1985-01-06,Colombia,MF,DM,,,2018,6.0,1.0,181.0,mls,mls
Oa5wd4DXq1,Ran Binyamin,2004-02-06,Israel,MF,W,,,2026,,,,mls,mls
Oa5wd77Xq1,Emmanuel Iwe,2000-12-09,USA,FW,W,,ST,2023,,,,mls,mls
Oa5wd89Aq1,Heine Gikling Bruseth,2004-04-06,Norway,,,,,{},5.0,10.0,141.0,mls,mls
Oa5wdGwYq1,Tobias Szewcyk,2009-01-26,USA,,,,,{},,,,mls,mls
Oa5wdYB9q1,Elias Manoel,2001-11-30,Brazil,FW,ST,,,"['2022', '2023', '2024']",,,,mls,mls
Oa5wdglAq1,Aron John,2006-04-03,USA,MF,DM,,,2026,,,,mls,mls
Oa5wdkVYq1,Jorge Cabezas,2003-09-06,Colombia,FW,ST,MF,W,2023,6.0,1.0,168.0,mls,mls
Oa5wdol4q1,Maximo Carrizo,2008-02-28,USA,MF,AM,,W,"['2025', '2026']",,,,mls,mls
Oa5wdxN9q1,Nolan Norris,2005-02-17,USA,DF,CB,,FB,"['2023', '2024', '2025', '2026']",,,,mls,mls
Oa5wm64Q14,Joaquin Velázquez,1975-08-11,Mexico,DF,CB,,,2013,5.0,11.0,181.0,mls,mls
Oa5wpk4q14,David Edgar,1987-05-19,Canada,DF,CB,,,2016,6.0,3.0,190.0,mls,mls
Oa5wzADM14,Sanna Nyassi,1989-01-31,Gambia,MF,W,,,"['2013', '2014', '2015']",5.0,7.0,148.0,mls,mls
OlMl6GPqLz,Ike Opara,1989-02-21,USA,DF,CB,,,"['2013', '2014', '2015', '2016', '2017', '2018', '2019', '2020']",6.0,2.0,181.0,mls,mls
OlMl6r0qLz,Marvin Chávez,1983-11-03,Honduras,MF,W,,,"['2013', '2014']",5.0,5.0,146.0,mls,mls
OlMl99Jy5L,Jonathan Menéndez,1994-03-05,Argentina,MF,W,,,"['2021', '2022']",5.0,5.0,137.0,mls,mls
OlMl9GgN5L,Nathan,1995-05-13,Brazil,DF,CB,,,"['2021', '2022', '2024']",6.0,2.0,170.0,mls,mls
OlMl9Jn45L,Lucas Rodríguez,1997-04-27,Argentina,MF,W,,,2019,5.0,6.0,141.0,mls,mls
OlMl9L805L,Tobias Salquist,1995-05-18,Denmark,DF,CB,,,2024,6.0,3.0,187.0,mls,mls
OlMl9NoE5L,Nuno Santos,1999-03-02,Portugal,MF,CM,,DM,"['2022', '2023']",5.0,5.0,126.0,mls,mls
OlMl9O045L,Ethan Kutler,1995-05-01,USA,DF,FB,,,2018,5.0,11.0,154.0,mls,mls
OlMl9V2R5L,Birk Risa,1998-02-13,Norway,DF,CB,,,"['2023', '2024', '2025']",6.0,2.0,174.0,mls,mls
OlMl9VZR5L,Charlie Lyon,1992-04-10,USA,,,,,{},6.0,2.0,214.0,mls,mls
OlMl9VdP5L,Victor Arboleda,1997-01-01,Colombia,MF,W,FW,ST,"['2017', '2018']",5.0,7.0,143.0,mls,mls
OlMl9XKE5L,Brandon Hackenberg,1997-07-02,USA,,,,,{},6.0,1.0,,mls,mls
OlMl9ZOw5L,Chase Gasper,1996-01-25,USA,DF,FB,,,"['2019', '2020', '2021', '2022', '2023', '2024']",6.0,0.0,183.0,mls,mls
OlMl9eo45L,Jeanderson,1991-08-13,Brazil,DF,FB,,,2015,5.0,10.0,161.0,mls,mls
OlMl9gDP5L,Kim Moon-Hwan,1995-08-01,South Korea,DF,FB,,,"['2021', '2022']",5.0,8.0,141.0,mls,mls
OlMl9jG05L,Cory Burke,1991-12-28,Jamaica,FW,ST,,,"['2018', '2019', '2020', '2021', '2022', '2023', '2024']",6.0,4.0,181.0,mls,mls
OlMl9raD5L,José Rafael Hernández,1997-06-26,Venezuela,DF,FB,,,2018,5.0,7.0,154.0,mls,mls
OlMl9zeE5L,Sam Vines,1999-05-31,USA,DF,FB,,,"['2018', '2019', '2020', '2021', '2024', '2025', '2026']",5.0,10.0,150.0,mls,mls
OlMlB6eAqL,Amin Boudri,2004-09-29,Sweden,MF,AM,FW,W,2026,5.0,9.0,165.0,mls,mls
OlMlB7yAqL,Jake Girdwood-Reich,2004-05-26,Australia,DF,CB,MF,CM,"['2024', '2025']",6.0,1.0,165.0,mls,mls
OlMlBG0RqL,Santiago Suárez,2005-04-23,USA,,,,,{},6.0,4.0,172.0,mls,mls
OlMlBKG4qL,Ahmed Qasem,2003-07-12,Sweden,MF,W,,,"['2025', '2026']",6.0,0.0,159.0,mls,mls
OlMlBVn0qL,Marcus Caldeira,2004-10-14,Canada,FW,ST,,,2026,6.0,0.0,181.0,mls,mls
OlMlBalgqL,Juan José Mina,2004-07-27,Colombia,DF,FB,,,2026,6.0,0.0,172.0,mls,mls
OlMlBn1yqL,Warren Madrigal,2004-07-24,Costa Rica,FW,ST,,,2026,,,,mls,mls
OlMlLp4MLz,Ricardo Clark,1983-02-10,USA,MF,CM,,DM,"['2013', '2014', '2015', '2016', '2017', '2018', '2019']",5.0,10.0,161.0,mls,mls
OlMlYJw5Lz,Alan Gordon,1981-10-16,USA,FW,ST,,,"['2013', '2014', '2015', '2016', '2017', '2018']",6.0,3.0,192.0,mls,mls
OlMlYYw5Lz,Ramón Núñez,1985-11-14,Honduras,MF,DM,,W,2013,5.0,7.0,139.0,mls,mls
OlMlam05Lz,Brek Shea,1990-02-28,USA,DF,FB,MF,W,"['2015', '2016', '2017', '2018', '2019', '2020', '2021', '2022']",6.0,3.0,181.0,mls,mls
OlMldORMLz,Billy Sharp,1986-02-05,England,FW,ST,,,2023,5.0,9.0,154.0,mls,mls
OlMle0OR5L,Leon Flach,2001-02-28,USA,MF,CM,,,"['2021', '2022', '2023', '2024']",5.0,10.0,165.0,mls,mls
OlMle3AD5L,Thomas Williams,2004-08-15,USA,DF,CB,,,"['2022', '2025']",6.0,3.0,170.0,mls,mls
OlMle7245L,Chris Richards,2000-03-28,USA,,,,,{},,,,mls,mls
OlMle7jE5L,Kaveh Rad,2001-06-13,USA,DF,CB,,,2021,5.0,11.0,163.0,mls,mls
OlMleNAw5L,Joey Skinner,2003-03-28,USA,MF,W,,,2024,6.0,0.0,139.0,mls,mls
OlMleNXN5L,Justin Reynolds,2004-08-04,USA,DF,FB,,,"['2024', '2025', '2026']",5.0,9.0,165.0,mls,mls
OlMlePJ05L,Daniel Aceves,2001-03-28,Mexico,DF,FB,,,2023,,,,mls,mls
OlMleVLg5L,Will Vint,2001-10-12,USA,,,,,{},6.0,2.0,172.0,mls,mls
OlMleWzR5L,Rafael Navarro,2000-04-14,Brazil,FW,ST,,,"['2023', '2024', '2025', '2026']",6.0,0.0,176.0,mls,mls
OlMleY045L,Emiliano Brienza,2002-05-09,Canada,FW,ST,,,2022,5.0,9.0,,mls,mls
OlMleaYN5L,Erik López,2001-11-27,Paraguay,FW,W,,,"['2021', '2023']",5.0,8.0,141.0,mls,mls
OlMleawP5L,Carlos Terán,2000-09-24,Colombia,DF,CB,,,"['2020', '2021', '2022', '2023', '2024', '2025']",6.0,2.0,187.0,mls,mls
OlMledDw5L,Jeizon Ramírez,2001-03-24,Venezuela,MF,W,,,2020,5.0,7.0,132.0,mls,mls
OlMlegLA5L,Mauricio Cuevas,2003-02-10,USA,DF,FB,,,"['2023', '2024', '2025', '2026']",5.0,10.0,130.0,mls,mls
OlMlekR5Lz,Mika Väyrynen,1981-12-28,Finland,MF,CM,,,2015,6.0,0.0,172.0,mls,mls
OlMlelGP5L,Pierce Holbrook,2003-04-10,USA,,,,,{},,,,mls,mls
OlMlenEy5L,Jesús Jiménez,1993-11-05,Spain,FW,ST,,,"['2022', '2023']",6.0,0.0,181.0,mls,mls
OlMleyrD5L,Matías Pellegrini,2000-03-11,Argentina,MF,W,,,"['2020', '2022', '2023']",5.0,9.0,148.0,mls,mls
OlMlezzg5L,Lukas MacNaughton,1995-03-08,Canada,DF,CB,,,"['2022', '2023', '2024', '2025', '2026']",6.0,2.0,187.0,mls,mls
OlMlgkNRQL,Gino Vivi,2000-12-20,Costa Rica,MF,W,,,2023,,,,mls,mls
OlMlkNP0QL,Kwaku Agyabeng,2006-06-27,Ghana,DF,FB,,,2026,5.0,8.0,154.0,mls,mls
OlMlkkvPQL,Malik Jakupovic,2009-06-24,USA,FW,ST,,,2026,,,,mls,mls
OlMlnxNgqL,Collin Verfurth,1996-08-03,USA,,,,,{},6.0,4.0,194.0,mls,mls
OlMlnxlDqL,Tristan Blackmon,1996-08-12,USA,DF,CB,,,"['2018', '2019', '2020', '2021', '2022', '2023', '2024', '2025', '2026']",6.0,1.0,176.0,mls,mls
OlMlonPQLz,Marco Reus,1989-05-31,Germany,MF,AM,,,"['2024', '2025', '2026']",5.0,11.0,157.0,mls,mls
OlMlr6pDqL,Jimmy Ockford,1992-06-10,USA,DF,CB,,,"['2015', '2018']",6.0,1.0,185.0,mls,mls
OlMlrWG4qL,Øyvind Alseth,1994-08-13,Norway,DF,FB,,,2017,6.0,0.0,170.0,mls,mls
OlMlrZlNqL,Gbenga Arokoyo,1992-12-01,Nigeria,DF,CB,,,2016,6.0,2.0,165.0,mls,mls
OlMlredgqL,Josue Soto,1989-01-03,USA,DF,FB,,,2013,5.0,9.0,157.0,mls,mls
OlMlrkRPqL,Giovani Casillas,1994-01-04,Mexico,FW,ST,MF,W,2013,5.0,9.0,146.0,mls,mls
OlMlrnPPqL,Matt Kassel,1989-10-30,USA,DF,FB,MF,W,2013,6.0,0.0,174.0,mls,mls
OlMlrpyAqL,Lucas Cavallini,1992-12-28,Canada,FW,ST,,,"['2020', '2021', '2022']",6.0,0.0,185.0,mls,mls
OlMlrvzEqL,Brenton Griffiths,1991-02-09,Jamaica,MF,AM,,,2013,6.0,3.0,165.0,mls,mls
OlMlrwAAqL,Cédric Hountondji,1994-01-19,France,MF,W,,,2018,6.0,4.0,187.0,mls,mls
OlMlrz1EqL,Kyle Bekker,1990-09-02,Canada,MF,CM,,DM,"['2013', '2014', '2015', '2016']",5.0,10.0,165.0,mls,mls
OlMlwxEQLz,Jamie Paterson,1991-12-20,England,MF,W,,,2024,5.0,9.0,146.0,mls,mls
Pk5L10m7qO,Sebastián Jaime,1987-01-30,Argentina,FW,ST,,W,"['2014', '2015']",5.0,9.0,154.0,mls,mls
Pk5L113LqO,Alex Horwath,1987-03-27,USA,,,,,{},6.0,3.0,185.0,mls,mls
Pk5L167PqO,Shawn Barry,1990-04-23,USA,DF,FB,,,2018,6.0,0.0,170.0,mls,mls
Pk5L18PYqO,Jürgen Damm,1992-11-07,Mexico,MF,W,,,"['2020', '2021']",6.0,2.0,143.0,mls,mls
Pk5L1ARPqO,João Pedro,1993-04-03,Portugal,MF,DM,,CM,"['2017', '2018']",5.0,9.0,154.0,mls,mls
Pk5L1BXPqO,Júnior Urso,1989-03-10,Brazil,MF,DM,,CM,"['2020', '2021', '2022', '2023', '2024', '2025']",6.0,0.0,159.0,mls,mls
Pk5L1BvLqO,Alex,1988-12-15,Brazil,MF,CM,,W,"['2013', '2014', '2015', '2016', '2017']",5.0,8.0,157.0,mls,mls
Pk5L1Gk7qO,Carlos Salcedo,1993-09-29,Mexico,DF,CB,,,"['2013', '2014', '2022']",6.0,1.0,172.0,mls,mls
Pk5L1O2DqO,Fernando Aristeguieta,1992-04-09,Venezuela,FW,ST,,,2015,6.0,2.0,181.0,mls,mls
Pk5L1PrOqO,Kyle Greig,1990-02-22,USA,MF,AM,,,2017,6.0,2.0,185.0,mls,mls
Pk5L1V1DqO,Matteo Mancosu,1984-12-22,Italy,FW,ST,,,"['2016', '2017', '2018']",6.0,0.0,165.0,mls,mls
Pk5L1dNEqO,Alejandro Silva,1989-09-04,Uruguay,FW,W,,,2018,5.0,10.0,152.0,mls,mls
Pk5L1enYqO,Fabian Castillo,1992-06-17,Colombia,MF,W,,,"['2013', '2014', '2015', '2016']",5.0,7.0,157.0,mls,mls
Pk5L1gE7qO,Raúl Rodríguez,1987-09-22,Spain,DF,CB,,,"['2015', '2016']",6.0,0.0,154.0,mls,mls
Pk5L1jDLqO,Ashton Bennett,1988-09-08,Jamaica,,,,,{},5.0,9.0,168.0,mls,mls
Pk5L1nAmqO,Simon Thomas,1990-04-21,Canada,,,,,{},6.0,2.0,170.0,mls,mls
Pk5L68kLQO,Juan Castillo,2002-10-03,Colombia,,,,,{},5.0,9.0,141.0,mls,mls
Pk5L6BzZQO,Micael,2000-08-12,Brazil,DF,CB,,,"['2022', '2023', '2024', '2026']",6.0,3.0,181.0,mls,mls
Pk5L6DLEQO,Molik Khan,2004-04-08,Trinidad & Tobago,,,,,{},5.0,11.0,,mls,mls
Pk5L6k6PQO,Kwadwo Opoku,2001-07-13,Ghana,FW,W,,,"['2020', '2021', '2022', '2023', '2024', '2025', '2026']",5.0,5.0,154.0,mls,mls
Pk5L6klYQO,Laurtaro Giaccone,2001-02-01,Argentina,MF,W,,,2026,5.0,8.0,154.0,mls,mls
Pk5L6rDPQO,David Ruiz,2004-02-08,USA,MF,CM,,,"['2023', '2024', '2025', '2026']",,,,mls,mls
Pk5L7bDGMO,Mark Segbers,1996-04-18,USA,DF,FB,,,2018,5.0,9.0,161.0,mls,mls
Pk5L7bnDMO,Patrick Okonkwo,1998-04-23,Nigeria,,,,,{},6.0,0.0,174.0,mls,mls
Pk5LA4YqOW,Omer Damari,1989-03-24,Israel,MF,W,,,2016,5.0,11.0,168.0,mls,mls
Pk5LDN75OW,Jared Jeffrey,1990-06-14,USA,MF,CM,,DM,"['2013', '2014', '2015', '2016', '2017', '2018']",5.0,11.0,165.0,mls,mls
Pk5LJZZQOW,Zanka,1990-04-23,Denmark,DF,CB,,,2025,6.0,2.0,174.0,mls,mls
Pk5LPrN5OW,Jorge Moreira,1990-02-01,Paraguay,DF,FB,,,"['2019', '2020']",5.0,9.0,165.0,mls,mls
Pk5LPy75OW,Sheanon Williams,1990-03-17,USA,DF,FB,,,"['2013', '2014', '2015', '2016', '2017', '2018']",5.0,11.0,172.0,mls,mls
Pk5LR9GQOW,Ty Harden,1984-03-06,USA,DF,CB,,FB,"['2013', '2014', '2015']",6.0,1.0,192.0,mls,mls
Pk5LV4LQOW,Saër Sène,1986-11-04,France,MF,W,,,"['2013', '2014']",6.0,3.0,185.0,mls,mls
Pk5LW37MOW,Tally Hall,1985-05-12,USA,GK,GK,,,"['2013', '2014', '2015']",6.0,4.0,216.0,mls,mls
Pk5LXJG5OW,Andreas Ivanschitz,1983-10-15,Austria,MF,W,,,"['2015', '2016']",6.0,0.0,181.0,mls,mls
Pk5LZ1DQOW,Davy Arnaud,1980-06-22,USA,MF,CM,,,"['2013', '2014', '2015']",5.0,11.0,161.0,mls,mls
Pk5LZEgGQO,Nikola Markovic,2004-07-22,Canada,MF,CM,,,2026,6.0,4.0,183.0,mls,mls
Pk5LZnOQOW,Sean St Ledger,1984-12-28,Republic of Ireland,DF,CB,,,2015,5.0,11.0,168.0,mls,mls
Pk5LZvYQOW,Andoni Iraola,1982-06-22,Spain,MF,DM,DF,FB,"['2015', '2016']",6.0,0.0,165.0,mls,mls
Pk5Lb0NQOW,Tony Tchani,1989-04-13,Cameroon,MF,DM,,,"['2013', '2014', '2015', '2016', '2017', '2018']",6.0,4.0,185.0,mls,mls
Pk5LbW7QOW,Amobi Okugo,1991-03-13,USA,DF,CB,MF,DM,"['2013', '2014', '2015', '2016', '2017']",6.0,0.0,176.0,mls,mls
Pk5Le0VDqO,Ryan Raposo,1999-03-05,Canada,DF,FB,,,"['2020', '2021', '2022', '2023', '2024', '2025', '2026']",5.0,7.0,146.0,mls,mls
Pk5Le3JNqO,Jesús Castellano,2004-03-22,Venezuela,,,,,{},,,,mls,mls
Pk5Le6BPqO,Antino Lopez,2002-05-21,USA,DF,CB,,,"['2024', '2025', '2026']",6.0,0.0,150.0,mls,mls
Pk5Le7ZmqO,Braian Galván,2000-10-06,Argentina,DF,FB,MF,W,"['2020', '2021', '2023']",5.0,5.0,141.0,mls,mls
Pk5LeBLLqO,Marco Angulo,2002-05-08,Ecuador,MF,CM,,,2023,5.0,8.0,139.0,mls,mls
Pk5LeDgmqO,Mateusz Bogusz,2001-08-22,Poland,FW,W,,ST,"['2023', '2024', '2026']",5.0,9.0,152.0,mls,mls
Pk5LeG0YqO,Quinn Sullivan,2004-03-27,USA,MF,W,FW,ST,"['2021', '2022', '2023', '2024', '2025', '2026']",5.0,11.0,152.0,mls,mls
Pk5LeYlNqO,Conner Antley,1995-03-22,USA,DF,FB,,,"['2024', '2025', '2026']",6.0,0.0,174.0,mls,mls
Pk5LedyLqO,Thiago Almada,2001-04-26,Argentina,MF,AM,,,"['2022', '2023', '2024']",5.0,7.0,137.0,mls,mls
Pk5LegYPqO,Ercan Kara,1996-01-03,Austria,FW,ST,,,"['2022', '2023']",6.0,4.0,194.0,mls,mls
Pk5Lem7LqO,Cameron Cilley,2000-11-17,USA,FW,ST,MF,CM,2023,5.0,11.0,181.0,mls,mls
Pk5LemYYqO,Adam Saldana,2002-02-07,USA,MF,DM,,,"['2021', '2022', '2025']",5.0,6.0,139.0,mls,mls
Pk5LepoOqO,Omari Glasgow,2003-11-22,Guyana,DF,FB,,,"['2024', '2025']",5.0,9.0,152.0,mls,mls
Pk5Lg3wLMO,Mohanad Jeahze,1997-04-10,Iraq,DF,FB,,,"['2023', '2024']",5.0,5.0,,mls,mls
Pk5Lg3z7MO,Derek Cornelius,1997-11-25,Canada,DF,CB,,,"['2019', '2020', '2021']",6.0,2.0,190.0,mls,mls
Pk5Lg4yGMO,Clement Simonin,1991-01-07,France,DF,CB,,,2015,6.0,1.0,,mls,mls
Pk5Lg9ADMO,Henrich Ravas,1997-08-16,Slovakia,GK,GK,,,2024,6.0,5.0,192.0,mls,mls
Pk5LgAwOMO,Cucho Hernández,1999-04-20,Colombia,FW,ST,,,"['2022', '2023', '2024']",5.0,9.0,161.0,mls,mls
Pk5LgK7PMO,Vincent Bezecourt,1993-06-10,France,MF,DM,,,"['2017', '2018', '2019']",5.0,7.0,146.0,mls,mls
Pk5LgNmNMO,André Horta,1996-11-07,Portugal,MF,CM,,,"['2018', '2019']",5.0,6.0,121.0,mls,mls
Pk5LgNx7MO,Luke Mishu,1991-06-26,USA,DF,FB,,,"['2015', '2016']",6.0,0.0,181.0,mls,mls
Pk5LgPOmMO,Ethan Bartlow,2000-02-02,USA,DF,CB,,,"['2022', '2023', '2024', '2025', '2026']",,,,mls,mls
Pk5LgR9EMO,Devin Perales,1993-04-15,USA,,,,,{},,,,mls,mls
Pk5LgWeGMO,Bakaye Dibassy,1989-08-11,Mali,DF,CB,,,"['2020', '2021', '2022', '2023']",6.0,0.0,163.0,mls,mls
Pk5Lgax7MO,Robbie Robinson,1998-12-17,USA,MF,W,,,"['2020', '2021', '2022', '2023']",6.0,1.0,170.0,mls,mls
Pk5LggA7MO,Oleksandr Svatok,1994-09-27,Ukraine,DF,CB,,,"['2024', '2025', '2026']",6.0,1.0,172.0,mls,mls
Pk5Lggy7MO,Myrto Uzuni,1995-05-31,Albania,FW,ST,,,"['2025', '2026']",,,,mls,mls
Pk5LgkeLMO,Hugo Arellano,1998-03-05,USA,DF,CB,,,2017,5.0,11.0,165.0,mls,mls
Pk5LgpDNMO,Kalen Ryden,1991-04-12,USA,,,,,{},6.0,2.0,194.0,mls,mls
Pk5LljN5OW,Marc Rzatkowski,1990-03-02,Germany,MF,DM,,,"['2018', '2019', '2020']",5.0,7.0,143.0,mls,mls
Pk5LlmY5OW,Shaun Francis,1986-10-02,Jamaica,DF,FB,,,"['2013', '2014', '2015', '2016', '2017']",6.0,0.0,165.0,mls,mls
Pk5LorPMOW,Gastón Sauro,1990-02-23,Argentina,DF,CB,,,"['2015', '2016', '2018', '2019']",6.0,3.0,172.0,mls,mls
Pk5LvnNQOW,Alberto Quintero,1987-12-18,Panama,MF,W,,,2016,5.0,5.0,132.0,mls,mls
Pk5LwDNMOW,Román Torres,1986-03-20,Panama,DF,CB,,,"['2015', '2016', '2017', '2018', '2019', '2020']",6.0,2.0,194.0,mls,mls
Pk5Lz07EQO,JD Gunn,2000-01-21,Panama,,,,,{},,,,mls,mls
Pk5LzBOEQO,Alenis Vargas,2003-12-04,Honduras,FW,W,MF,W,2024,,,,mls,mls
Pk5Lzzv7QO,Moïse Bombito,2000-03-30,Canada,DF,CB,,,"['2023', '2024']",6.0,3.0,,mls,mls
Vj580AE58n,Nathan Sturgis,1987-07-06,USA,MF,DM,,CM,"['2013', '2014', '2015']",5.0,10.0,152.0,mls,mls
Vj580LD58n,Mike Magee,1984-09-02,USA,FW,ST,,,"['2013', '2014', '2015', '2016']",5.0,10.0,161.0,mls,mls
Vj580vE58n,Clarence Goodson,1982-05-17,USA,DF,CB,,,"['2013', '2014', '2015', '2016']",6.0,4.0,181.0,mls,mls
Vj581dmq8n,Zach Scott,1980-07-02,USA,DF,CB,,,"['2013', '2014', '2015', '2016']",5.0,11.0,176.0,mls,mls
Vj5833JM8n,Nélson Haedo Valdez,1983-11-28,Paraguay,FW,ST,,,"['2015', '2016']",5.0,10.0,172.0,mls,mls
Vj5834LM8n,Julio Baptista,1981-10-01,Brazil,FW,ST,,,2016,6.0,0.0,190.0,mls,mls
Vj583wA4M8,Mamadou Billo Diop,2006-09-14,Senegal,FW,ST,DF,FB,2026,6.0,2.0,174.0,mls,mls
Vj587nmM8n,Teal Bunbury,1990-02-27,USA,FW,ST,MF,W,"['2013', '2014', '2015', '2016', '2017', '2018', '2019', '2020', '2021', '2022', '2023', '2024', '2025']",6.0,2.0,176.0,mls,mls
Vj58B64EQ8,Pablo Sisniega,1995-07-07,Mexico,GK,GK,,,"['2019', '2020', '2021', '2022', '2023', '2025', '2026']",6.0,3.0,176.0,mls,mls
Vj58BB1LQ8,Aníbal Chalá,1996-05-09,Ecuador,,,,,{},5.0,10.0,154.0,mls,mls
Vj58BBODQ8,Guillermo Hauche,1993-03-31,Argentina,MF,W,,,2018,5.0,11.0,159.0,mls,mls
Vj58BDkEQ8,Parker Siegfried,1997-02-17,USA,,,,,{},6.0,1.0,170.0,mls,mls
Vj58BEd8Q8,Jérémy Gagnon-Laparé,1995-03-09,Canada,DF,FB,MF,DM,"['2014', '2015']",5.0,11.0,165.0,mls,mls
Vj58BJw8Q8,Shaan Hundal,1999-07-14,Canada,,,,,{},5.0,11.0,168.0,mls,mls
Vj58BPb2Q8,Anthony Blondell,1994-05-17,Venezuela,FW,ST,,,2018,6.0,1.0,172.0,mls,mls
Vj58BPvLQ8,Noah Powder,1998-10-27,USA,DF,FB,,,2021,5.0,11.0,161.0,mls,mls
Vj58BVBEQ8,Gustavo Vallecilla,1999-05-28,Ecuador,DF,CB,,,"['2021', '2022', '2023']",6.0,1.0,179.0,mls,mls
Vj58BVp4Q8,Cameron Lindley,1997-07-18,USA,MF,DM,,,2018,5.0,10.0,165.0,mls,mls
Vj58BZ74Q8,Drew Skundrich,1995-09-17,USA,MF,CM,,,"['2021', '2022']",5.0,11.0,165.0,mls,mls
Vj58BZb2Q8,Renzo Zambrano,1994-08-26,Venezuela,MF,DM,,,"['2019', '2020', '2021']",5.0,9.0,165.0,mls,mls
Vj58Ba2LQ8,Luis López,1993-09-13,Honduras,GK,GK,,,2018,6.0,0.0,176.0,mls,mls
Vj58BkYrQ8,Moussa Sane,1997-01-18,Senegal,,,,,{},5.0,10.0,161.0,mls,mls
Vj58BnDLQ8,Matt Turner,1994-06-24,USA,GK,GK,,,"['2018', '2019', '2020', '2021', '2022', '2025', '2026']",6.0,3.0,174.0,mls,mls
Vj58BnRDQ8,Molham Babouli,1993-01-02,Canada,FW,ST,,,2016,5.0,10.0,179.0,mls,mls
Vj58BrKDQ8,Rennico Clarke,1995-08-26,Jamaica,,,,,{},6.0,4.0,194.0,mls,mls
Vj58BzJ4Q8,Matías Vera,1995-10-26,Argentina,MF,DM,,,"['2019', '2020', '2021', '2022']",5.0,6.0,143.0,mls,mls
Vj58JpmQ8n,Daniel Vega,1984-06-03,Argentina,GK,GK,,,"['2019', '2020', '2021']",6.0,2.0,190.0,mls,mls
Vj58W0D4M8,Marcus Ferkranus,2003-05-10,USA,,,,,{},6.0,0.0,170.0,mls,mls
Vj58WDrM8n,Joel Lindpere,1981-10-05,Estonia,MF,W,,,2013,5.0,10.0,165.0,mls,mls
Vj58WEJ8M8,Gianluca Busio,2002-05-28,USA,MF,CM,,DM,"['2018', '2019', '2020', '2021']",5.0,9.0,143.0,mls,mls
Vj58WEKLM8,Jayden Reid,2001-08-29,USA,DF,FB,,,"['2023', '2024', '2025', '2026']",,,,mls,mls
Vj58WNDrM8,Obed Vargas,2005-08-05,USA,MF,DM,,,"['2021', '2022', '2023', '2024', '2025']",5.0,9.0,150.0,mls,mls
Vj58WNWmM8,Paul Walters,2004-04-11,USA,,,,,{},,,,mls,mls
Vj58WX4JM8,Quinn McNeill,1998-08-30,USA,MF,CM,,,2022,5.0,11.0,161.0,mls,mls
Vj58WXb2M8,Olivier Mbaizo,1997-08-15,Cameroon,DF,FB,,,"['2018', '2019', '2020', '2021', '2022', '2023', '2024', '2025', '2026']",5.0,11.0,154.0,mls,mls
Vj58Wlp4M8,David Poreba,2002-12-01,USA,,,,,{},6.0,0.0,,mls,mls
Vj58WoYmM8,Njabulo Blom,1999-12-11,South Africa,MF,DM,,,"['2023', '2024']",5.0,8.0,146.0,mls,mls
Vj58WrY3M8,Cabral Carter,2004-07-05,USA,GK,GK,,,2026,6.0,2.0,165.0,mls,mls
Vj58WvBmM8,Isaiah Foster,2003-08-12,USA,DF,FB,,,2024,6.0,0.0,172.0,mls,mls
Vj58WzzJM8,Leonard Owusu,1997-06-03,Ghana,MF,CM,,,"['2020', '2021', '2022']",5.0,11.0,159.0,mls,mls
Vj58XnL58n,Giles Barnes,1988-08-05,Jamaica,FW,ST,,,"['2013', '2014', '2015', '2016', '2017', '2018']",5.0,11.0,181.0,mls,mls
Vj58Y3x2q8,Carlos Fierro,1994-07-24,Mexico,MF,W,,,"['2019', '2020', '2021']",5.0,9.0,141.0,mls,mls
Vj58Y4Xwq8,Timi Mulgrew,1992-09-16,USA,,,,,{},5.0,9.0,154.0,mls,mls
Vj58YO7wq8,Chad Barson,1991-02-25,USA,DF,FB,,,"['2013', '2014', '2015', '2016']",5.0,10.0,172.0,mls,mls
Vj58YRJJq8,Kyle Zobeck,1990-02-06,USA,GK,GK,,,2020,6.0,1.0,181.0,mls,mls
Vj58YZl3q8,Luis Silva,1988-12-10,USA,FW,ST,,,"['2013', '2014', '2015', '2017', '2018', '2019']",5.0,11.0,165.0,mls,mls
Vj58YZw4q8,Austin Berry,1988-10-06,USA,DF,CB,,,"['2013', '2014']",6.0,2.0,190.0,mls,mls
Vj58YlvEq8,Aaron Horton,1992-05-19,USA,,,,,{},5.0,9.0,165.0,mls,mls
Vj58YmwEq8,Kyle Fisher,1994-06-19,USA,DF,CB,,,"['2016', '2017']",6.0,0.0,183.0,mls,mls
Vj58YwDDq8,Justin Meram,1988-12-04,Iraq,MF,W,,,"['2013', '2014', '2015', '2016', '2017', '2018', '2019', '2020', '2021', '2022', '2023']",6.0,1.0,165.0,mls,mls
Vj58aBe8q8,Fallou Fall,2004-04-15,Senegal,DF,CB,,,"['2025', '2026']",,,,mls,mls
Vj58ag8q8n,Nigel Reo-Coker,1984-05-14,England,MF,CM,,,"['2013', '2014', '2015']",5.0,9.0,172.0,mls,mls
Vj58l1ZD58,Juan Arias,2004-01-08,Colombia,DF,CB,,,2026,,,,mls,mls
Vj58l2gD58,Adrian Wibowo,2006-01-17,USA,FW,W,,ST,2025,,,,mls,mls
Vj58l2nE58,Brian Carmona Romero,2006-05-11,USA,,,,,{},,,,mls,mls
Vj58lAnw58,Cooper Sanchez,2008-03-26,USA,MF,CM,,,"['2025', '2026']",,,,mls,mls
Vj58lXp258,Nicolás Romero,2003-11-28,Argentina,DF,CB,,,"['2025', '2026']",,,,mls,mls
Vj58lrom58,Rafael Mosquera,2005-05-24,Panama,FW,W,,,"['2025', '2026']",,,,mls,mls
Vj58lyym58,Emerson Rodríguez,2000-08-25,Colombia,MF,W,,,2022,5.0,9.0,150.0,mls,mls
Vj58ojrM8n,Diego Polenta,1992-02-06,Uruguay,DF,CB,,,2019,6.0,1.0,174.0,mls,mls
Vj58pjm58n,Jermaine Taylor,1985-01-14,Jamaica,DF,CB,,,"['2013', '2014', '2015', '2016', '2017']",5.0,10.0,194.0,mls,mls
Vj58w7RmM8,Alex Roldan,1996-07-28,USA,DF,FB,,,"['2018', '2019', '2020', '2021', '2022', '2023', '2024', '2025', '2026']",5.0,10.0,154.0,mls,mls
Vj58xDE58n,Zdenek Ondrasek,1988-12-22,Czech Republic,FW,ST,,,"['2019', '2020']",6.0,1.0,174.0,mls,mls
Vj58zZ2Q8n,Michael Bradley,1987-07-31,USA,MF,DM,,,"['2014', '2015', '2016', '2017', '2018', '2019', '2020', '2021', '2022', '2023']",6.0,1.0,165.0,mls,mls
X0Oq6Nxq6D,Mikael Silvestre,1977-08-09,France,DF,CB,,,2013,6.0,0.0,187.0,mls,mls
XVqK0vNQ01,Michael de Leeuw,1986-10-07,Netherlands,MF,AM,,,"['2016', '2017', '2018']",5.0,10.0,148.0,mls,mls
XVqK299a50,Alexis Fariña,2004-12-17,Paraguay,,,,,{},5.0,7.0,139.0,mls,mls
XVqK2D6R50,Nikola Petkovic,2003-02-23,Serbia,MF,AM,,CM,"['2024', '2025', '2026']",,,,mls,mls
XVqK2P7B50,Jorge Alastuey,2003-05-14,Spain,MF,W,,,2026,5.0,10.0,143.0,mls,mls
XVqK2r7250,Bryce Jamison,2006-01-06,USA,,,,,{},6.0,0.0,170.0,mls,mls
XVqK8BaQ01,Armando Lozano,1984-12-16,Spain,DF,CB,,,2014,6.0,1.0,176.0,mls,mls
XVqK8xBQ01,Jordon Mutch,1991-12-02,England,MF,CM,,,2018,6.0,0.0,179.0,mls,mls
XVqKG17Rq0,Emeka Eneli,1999-10-18,USA,MF,DM,,,"['2023', '2024', '2025']",5.0,9.0,,mls,mls
XVqKG1XWq0,Simon Becher,1999-07-20,USA,FW,ST,,,"['2022', '2023', '2024', '2025', '2026']",6.0,1.0,187.0,mls,mls
XVqKL2eDQ0,Kemy Amiche,2000-12-10,France,,,,,{},,,,mls,mls
XVqKLVBQ01,Brad Davis,1981-11-08,USA,MF,W,,,"['2013', '2014', '2015', '2016']",5.0,11.0,172.0,mls,mls
XVqKLXRaQ0,Tiago,2005-04-08,Brazil,FW,ST,,,2026,,,,mls,mls
XVqKO4Kq01,Jair Benitez,1979-01-11,Colombia,DF,FB,,,"['2013', '2014']",5.0,6.0,157.0,mls,mls
XVqKW902q0,Louis Beland-Goyette,1995-09-15,Canada,MF,CM,,,"['2014', '2017', '2018']",5.0,8.0,141.0,mls,mls
XVqKW9ADq0,Omar Holness,1994-03-13,Jamaica,MF,CM,,,"['2016', '2017']",6.0,0.0,174.0,mls,mls
XVqKWA9Bq0,Zico Bailey,2000-08-27,USA,DF,FB,,,"['2020', '2021', '2022']",5.0,7.0,139.0,mls,mls
XVqKWAZBq0,Brandon Servania,1999-03-12,USA,MF,CM,,DM,"['2019', '2020', '2021', '2022', '2023', '2024', '2025', '2026']",5.0,10.0,159.0,mls,mls
XVqKWGw2q0,Facundo Quignón,1993-05-02,Argentina,MF,DM,,,"['2021', '2022', '2023']",5.0,9.0,165.0,mls,mls
XVqKWP2wq0,Rodrigo Ramos,1995-05-24,Brazil,DF,FB,,,2016,5.0,8.0,146.0,mls,mls
XVqKWW8Kq0,Andrés Mendoza,1989-08-16,Ecuador,,,,,{},6.0,2.0,194.0,mls,mls
XVqKWX8Bq0,Steven Alzate,1998-09-08,Colombia,MF,CM,,DM,"['2025', '2026']",5.0,11.0,165.0,mls,mls
XVqKWYGWq0,Aaron Kovar,1993-08-14,USA,MF,W,FW,W,"['2014', '2015', '2016', '2017', '2018']",5.0,10.0,157.0,mls,mls
XVqKWZp2q0,Felipe Hernández,1998-06-08,USA,MF,CM,,,"['2019', '2020', '2021', '2022', '2023', '2024']",5.0,9.0,137.0,mls,mls
XVqKWdVWq0,Pedro Ribeiro,1990-06-13,Brazil,FW,ST,,,"['2014', '2015', '2016']",6.0,4.0,209.0,mls,mls
XVqKWdpWq0,Marco Franco,1991-10-06,USA,,,,,{},5.0,11.0,157.0,mls,mls
XVqKWjvNq0,Alejandro Romero Gamarra,1995-01-11,Paraguay,MF,AM,,,"['2018', '2019', '2020']",5.0,7.0,148.0,mls,mls
XVqKWl9Oq0,Collin Fernandez,1997-02-13,USA,FW,ST,MF,CM,"['2015', '2016']",5.0,8.0,141.0,mls,mls
XVqKWpEaq0,Joe Hafferty,1998-03-21,USA,,,,,{},5.0,8.0,,mls,mls
XVqKWw32q0,Marko Ilić,1998-02-03,Serbia,GK,GK,,,2023,6.0,3.0,179.0,mls,mls
XVqKWwWWq0,Matej Oravec,1998-03-30,Slovakia,,,,,{},6.0,1.0,163.0,mls,mls
XVqKY0o2M0,Paolo DelPiccolo,1991-05-28,USA,,,,,{},6.0,0.0,165.0,mls,mls
XVqKYE1KM0,Jason Johnson,1990-10-09,USA,FW,ST,MF,W,"['2013', '2014', '2015']",6.0,0.0,181.0,mls,mls
XVqKYGbWM0,Bobby Wood,1992-11-15,USA,FW,ST,,,"['2021', '2022', '2023', '2024']",5.0,11.0,174.0,mls,mls
XVqKYJDBM0,Clint Irwin,1989-04-01,USA,GK,GK,,,"['2013', '2014', '2015', '2016', '2017', '2018', '2019', '2020', '2021', '2023', '2024']",6.0,3.0,196.0,mls,mls
XVqKYV4RM0,Fatai Alashe,1993-10-21,USA,MF,CM,,,"['2015', '2016', '2017', '2018', '2019', '2020']",6.0,0.0,170.0,mls,mls
XVqKYWG2M0,Alejandro Pozuelo,1991-09-20,Spain,MF,AM,FW,ST,"['2019', '2020', '2021', '2022']",5.0,7.0,139.0,mls,mls
XVqKYY1BM0,Nicolas Benezet,1991-02-24,France,MF,W,,,"['2019', '2020', '2021']",5.0,8.0,135.0,mls,mls
XVqKYb9aM0,Matt Crooks,1994-01-20,England,MF,AM,,,2024,6.0,3.0,159.0,mls,mls
XVqKYd6aM0,Gershon Koffie,1991-08-25,Ghana,MF,DM,,,"['2013', '2014', '2015', '2016', '2017']",6.0,0.0,176.0,mls,mls
XVqKYeYwM0,Corey Hertzog,1990-08-01,USA,FW,ST,,W,2013,6.0,0.0,174.0,mls,mls
XVqKYevRM0,Jonathan Top,1993-01-26,USA,,,,,{},5.0,8.0,170.0,mls,mls
XVqKYj3DM0,Zakaria Diallo,1986-08-13,France,DF,CB,,,2019,6.0,5.0,194.0,mls,mls
XVqKYjZaM0,Tim Melia,1986-05-15,USA,GK,GK,,,"['2013', '2014', '2015', '2016', '2017', '2018', '2019', '2020', '2021', '2022', '2023', '2024']",6.0,1.0,192.0,mls,mls
XVqKYkd2M0,Cristian Penilla,1991-05-02,Ecuador,MF,W,,,"['2018', '2019', '2020']",5.0,9.0,165.0,mls,mls
XVqKYp2DM0,Yuya Kubo,1993-12-24,Japan,MF,CM,,,"['2020', '2021', '2022', '2023', '2024', '2025']",5.0,10.0,159.0,mls,mls
XVqKYpkaM0,Carlos Akapo,1993-03-12,Equatorial Guinea,DF,FB,,,"['2023', '2024']",5.0,10.0,154.0,mls,mls
XVqKYrONM0,Sebastián Rincón,1994-01-14,Colombia,,,,,{},6.0,1.0,172.0,mls,mls
XVqKYzG0M0,Nazmi Albadawi,1991-08-24,Palestine,MF,DM,,,2019,5.0,11.0,170.0,mls,mls
XVqKbElN50,Sergi Solans,2003-02-26,Spain,FW,ST,,,2026,6.0,1.0,,mls,mls
XVqKbEmN50,Geiner Martínez,2003-01-09,Colombia,DF,CB,,,2026,6.0,2.0,,mls,mls
XVqKbEyK50,Jabari De Coteau,2005-03-22,USA,,,,,{},6.0,1.0,181.0,mls,mls
XVqKbGA050,Ignacio Gómez,2006-04-04,Argentina,DF,FB,,,2026,5.0,11.0,157.0,mls,mls
XVqKbj3B50,Mbekezeli Mbokazi,2005-09-19,South Africa,DF,CB,,,2026,5.0,11.0,198.0,mls,mls
XVqKe87wM0,Jovanny Bolívar,2001-12-16,Venezuela,,,,,{},5.0,9.0,163.0,mls,mls
XVqKeBkKM0,Jacob Shaffelburg,1999-11-26,Canada,MF,W,,,"['2019', '2020', '2021', '2022', '2023', '2024', '2025', '2026']",5.0,10.0,154.0,mls,mls
XVqKeEmBM0,Facundo Torres,2000-04-13,Uruguay,MF,W,,,"['2022', '2023', '2024', '2026']",5.0,10.0,157.0,mls,mls
XVqKeLV2M0,Anton Sorenson,2003-01-25,Haiti,,,,,{},5.0,6.0,126.0,mls,mls
XVqKeRLNM0,Paul Gindiri,2002-07-26,USA,FW,ST,MF,W,2023,6.0,0.0,179.0,mls,mls
XVqKeRoWM0,Vasco Fry,2000-07-30,Peru,,,,,{},5.0,10.0,174.0,mls,mls
XVqKeYLNM0,Josh Atencio,2002-01-31,USA,MF,DM,,,"['2020', '2021', '2022', '2023', '2024', '2025', '2026']",6.0,1.0,174.0,mls,mls
XVqKeYOKM0,Kai Wagner,1997-02-15,Germany,DF,FB,,,"['2019', '2020', '2021', '2022', '2023', '2024', '2025', '2026']",6.0,0.0,172.0,mls,mls
XVqKear0M0,Aimé Mabika,1998-08-16,Zambia,DF,CB,,,"['2021', '2022', '2023', '2024']",6.0,6.0,214.0,mls,mls
XVqKeenNM0,Alex Villanueva,2002-07-09,USA,DF,FB,,,2021,5.0,7.0,135.0,mls,mls
XVqKegnWM0,Daniel Russo,2002-03-24,USA,,,,,{},6.0,0.0,,mls,mls
XVqKejm0M0,John Tolkin,2002-07-31,USA,DF,FB,,,"['2021', '2022', '2023', '2024']",5.0,7.0,135.0,mls,mls
XVqKejrWM0,Sebastian Anderson,2002-08-08,USA,DF,FB,,,"['2019', '2021', '2022', '2023', '2024']",5.0,9.0,135.0,mls,mls
XVqKelKaM0,Benji Michel,1997-10-23,Haiti,MF,W,,,"['2019', '2020', '2021', '2022', '2024']",5.0,10.0,163.0,mls,mls
XVqKemLRM0,Zayden Bello,2002-06-24,Australia,MF,W,,,2023,6.0,1.0,,mls,mls
XVqKevGNM0,Edward Opoku,1996-08-01,Ghana,MF,W,,,2018,5.0,7.0,141.0,mls,mls
XVqKezAwM0,Harold Osorio,2003-08-20,El Salvador,MF,DM,,,2025,,,,mls,mls
XVqKezaWM0,Darius Johnson,2000-03-15,Grenada,MF,W,,,2026,6.0,0.0,168.0,mls,mls
XVqKneW501,Stefan Frei,1986-04-20,USA,GK,GK,,,"['2013', '2014', '2015', '2016', '2017', '2018', '2019', '2020', '2021', '2022', '2023', '2024', '2025']",6.0,3.0,196.0,mls,mls
XVqKoxDq01,Mehdi Ballouchy,1983-04-06,Morocco,MF,W,,,"['2013', '2014', '2015', '2016']",5.0,11.0,172.0,mls,mls
XVqKvYD501,Sherjill MacDonald,1984-11-20,Netherlands,FW,ST,,,2013,6.0,0.0,174.0,mls,mls
XVqKw1Oq01,David Mateos,1987-04-22,Spain,DF,CB,,,"['2015', '2016']",6.0,3.0,181.0,mls,mls
XVqKwawq01,Walter Martinez,1982-03-24,Honduras,MF,W,,,2013,5.0,6.0,146.0,mls,mls
Xj5Y0lyMbd,Marco Fabián,1989-07-21,Mexico,MF,AM,,,2019,5.0,7.0,141.0,mls,mls
Xj5Y3k0Qbd,Vito Mannone,1988-03-02,Italy,GK,GK,,,2019,6.0,2.0,170.0,mls,mls
Xj5Y40RMbd,Jelle Van Damme,1983-10-10,Belgium,DF,CB,,,"['2016', '2017']",6.0,3.0,198.0,mls,mls
Xj5Y43JyMb,Jeffrey Gal,1993-04-06,USA,GK,GK,,,2025,6.0,2.0,,mls,mls
Xj5Y43nyMb,Israel Boatwright,2005-06-02,USA,DF,FB,,,2023,,,,mls,mls
Xj5Y44KGMb,Adilson Malanda,2001-10-29,France,DF,CB,,,"['2022', '2023', '2024', '2025']",,,,mls,mls
Xj5Y47WlMb,Aiden Jarvis,2006-11-14,Antigua & Barbuda,,,,,{},,,,mls,mls
Xj5Y4W1EMb,Ian Urkidi,2007-02-21,USA,,,,,{},,,,mls,mls
Xj5Y4dAlMb,Diego García,2006-10-17,USA,MF,CM,,,2025,5.0,7.0,141.0,mls,mls
Xj5Y4dXMbd,Bradley Orr,1982-11-01,England,DF,CB,,,2014,6.0,1.0,196.0,mls,mls
Xj5Y4e3xMb,Sebastian Gomez,2006-05-21,USA,MF,DM,,,2026,,,,mls,mls
Xj5Y4k8RMb,Richard Chukwu,2008-02-25,Canada,DF,CB,,,2026,,,,mls,mls
Xj5Y4mJXMb,Ian Glavinovich,2001-10-27,Argentina,DF,CB,,,2025,6.0,0.0,,mls,mls
Xj5Y60Kxqb,Miki Yamane,1993-12-22,Japan,DF,FB,,,"['2024', '2025', '2026']",5.0,10.0,159.0,mls,mls
Xj5Y68Olqb,Dániel Gazdag,1996-03-02,Hungary,MF,AM,,,"['2021', '2022', '2023', '2024', '2025', '2026']",5.0,10.0,168.0,mls,mls
Xj5Y6AAaqb,Andre Dozzell,1999-05-02,England,MF,CM,,,2026,5.0,10.0,141.0,mls,mls
Xj5Y6AlAqb,McKinze Gaines,1998-03-02,USA,MF,W,FW,W,"['2021', '2022', '2023', '2024']",5.0,11.0,163.0,mls,mls
Xj5Y6DJAqb,Sebastián Saucedo,1997-01-22,USA,MF,W,,,"['2015', '2017', '2018', '2019']",5.0,7.0,146.0,mls,mls
Xj5Y6JVwqb,Alejandro Fuenmayor,1996-08-29,Venezuela,DF,CB,,,"['2018', '2019', '2020', '2021']",5.0,11.0,154.0,mls,mls
Xj5Y6KKaqb,Anders Dreyer,1998-05-02,Denmark,FW,W,,,"['2025', '2026']",5.0,9.0,152.0,mls,mls
Xj5Y6VXxqb,Modou Jadama,1994-03-17,Gambia,DF,FB,,,"['2018', '2019']",6.0,1.0,170.0,mls,mls
Xj5Y6Vplqb,Niklas Dorsch,1998-01-15,Germany,MF,DM,,,2026,5.0,10.0,168.0,mls,mls
Xj5Y6Z3Xqb,Victor Giro,1994-03-10,Brazil,DF,FB,,,"['2017', '2018', '2019']",5.0,8.0,154.0,mls,mls
Xj5Y6bvaqb,Rayan Raveloson,1997-01-16,Madagascar,MF,DM,,CM,"['2021', '2022']",6.0,0.0,161.0,mls,mls
Xj5Y6d6Rqb,Travis Worra,1993-04-09,USA,GK,GK,,,"['2015', '2016', '2017']",6.0,3.0,176.0,mls,mls
Xj5Y6eBlqb,Andrew Wolverton,1993-06-04,USA,,,,,{},6.0,6.0,223.0,mls,mls
Xj5Y6jA0qb,Cameron Iwasa,1993-07-07,USA,,,,,{},5.0,10.0,181.0,mls,mls
Xj5Y6kWaqb,Timothy Tillman,1999-01-04,Germany,MF,CM,,,"['2023', '2024', '2025', '2026']",6.0,0.0,163.0,mls,mls
Xj5Y6knwqb,Colin Bonner,1994-05-01,USA,FW,ST,,,2016,6.0,5.0,216.0,mls,mls
Xj5Y6ko0qb,Jannes Horn,1997-02-06,Germany,DF,FB,,,"['2024', '2025']",6.0,1.0,174.0,mls,mls
Xj5Y6l4Rqb,Mariano Miño,1994-03-28,Argentina,MF,CM,,,2018,5.0,3.0,137.0,mls,mls
Xj5Y6ldEqb,José Antonio Martínez,1993-02-12,Spain,DF,CB,,,"['2021', '2022', '2023']",6.0,2.0,174.0,mls,mls
Xj5Y6n4Gqb,Sergio Ruiz,1994-12-16,Spain,MF,CM,,,2022,5.0,7.0,,mls,mls
Xj5Y6nYEqb,Jake Fenlason,1993-02-02,USA,,,,,{},6.0,0.0,170.0,mls,mls
Xj5Y6nZyqb,Ethan Zubak,1998-04-15,USA,FW,ST,,,"['2019', '2020', '2021', '2022', '2023']",6.0,2.0,165.0,mls,mls
Xj5Y6wgyqb,John Berner,1991-02-14,USA,GK,GK,,,2014,6.0,3.0,207.0,mls,mls
Xj5Y6xmaqb,Cayman Togashi,1993-08-10,Japan,FW,ST,,,"['2025', '2026']",5.0,10.0,165.0,mls,mls
Xj5Y6zYAqb,Edvard Tagseth,2001-01-23,Norway,MF,CM,,DM,"['2025', '2026']",5.0,7.0,148.0,mls,mls
Xj5Y87GAMb,Yordy Reyna,1993-09-17,Peru,FW,ST,,,"['2017', '2018', '2019', '2020', '2021', '2022']",5.0,7.0,150.0,mls,mls
Xj5Y89Y0Mb,Jack McBean,1994-12-15,USA,FW,ST,,,"['2013', '2016', '2017', '2018']",6.0,0.0,176.0,mls,mls
Xj5Y8BmRMb,Stefano Bonomo,1993-01-25,USA,MF,W,,,2018,6.0,2.0,170.0,mls,mls
Xj5Y8J0wMb,Doug Herrick,,USA,,,,,{},6.0,4.0,,mls,mls
Xj5Y8J9AMb,Sam Cruz Garza,1989-10-17,USA,MF,W,,,"['2013', '2014']",5.0,11.0,161.0,mls,mls
Xj5Y8JJaMb,Federico Puppo,1986-12-06,Uruguay,,,,,{},5.0,8.0,161.0,mls,mls
Xj5Y8LOyMb,Josh Gardner,1982-09-14,USA,DF,FB,,,"['2013', '2014']",5.0,10.0,170.0,mls,mls
Xj5Y8R7AMb,Cristian Arango,1995-03-09,Colombia,FW,ST,,,"['2021', '2022', '2023', '2024', '2025']",5.0,10.0,154.0,mls,mls
Xj5Y8WllMb,Boyd Okwuonu,1993-02-24,USA,DF,FB,,,"['2015', '2016']",5.0,9.0,170.0,mls,mls
Xj5Y8bVyMb,Lalo Fernandez,1992-12-16,Mexico,,,,,{},6.0,3.0,172.0,mls,mls
Xj5Y8jyyMb,Alan Pulido,1991-03-08,Mexico,FW,ST,,,"['2020', '2021', '2023', '2024']",5.0,9.0,150.0,mls,mls
Xj5Y8rnlMb,Cole Seiler,1994-02-05,USA,DF,FB,,,2016,6.0,1.0,181.0,mls,mls
Xj5Y8vrEMb,Don Anding,1991-05-31,USA,FW,ST,,,2013,5.0,11.0,168.0,mls,mls
Xj5Y90xR5b,Ozzie Cisneros,2004-03-13,USA,,,,,{},5.0,5.0,139.0,mls,mls
Xj5Y97ly5b,Bajung Darboe,2006-11-07,USA,,,,,{},,,,mls,mls
Xj5Y98pE5b,Sal Mazzaferro,2001-10-11,Canada,DF,CB,,,2025,,,,mls,mls
Xj5Y9LLw5b,Diedie Traore,1999-01-15,France,DF,FB,,,"['2019', '2020']",6.0,0.0,179.0,mls,mls
Xj5Y9XZy5b,Juan Castilla,2004-07-27,Colombia,MF,AM,,CM,2021,5.0,7.0,119.0,mls,mls
Xj5Y9XmX5b,Beau Leroux,2003-08-31,USA,MF,CM,,DM,"['2025', '2026']",,,,mls,mls
Xj5Y9bmX5b,Moussa Djitté,1999-10-04,Senegal,FW,ST,,,"['2021', '2022']",5.0,11.0,163.0,mls,mls
Xj5Y9eBx5b,Osman Bukari,1998-12-13,Ghana,MF,W,FW,W,"['2024', '2025']",5.0,7.0,150.0,mls,mls
Xj5Y9jxx5b,Matthew Lewis,1996-08-01,USA,,,,,{},6.0,2.0,165.0,mls,mls
Xj5Y9pAa5b,Jeffrey Dewsnup,2004-05-21,USA,,,,,{},6.0,1.0,161.0,mls,mls
Xj5Y9pj05b,Daouda Amadou,2002-10-02,Cameroon,MF,DM,,,2025,5.0,3.0,,mls,mls
Xj5Y9rNx5b,Jasser Khmiri,1997-11-13,Tunisia,DF,CB,,,"['2019', '2020']",6.0,4.0,185.0,mls,mls
Xj5Y9wax5b,Peter Stroud,2002-04-23,USA,MF,CM,,DM,"['2023', '2024', '2025', '2026']",,,,mls,mls
Xj5Y9ydx5b,Joseph Zalinsky,2003-01-03,USA,DF,FB,,,2025,5.0,9.0,165.0,mls,mls
Xj5Y9zw05b,Dylan Nealis,1998-07-30,USA,DF,FB,,CB,"['2020', '2021', '2022', '2023', '2024', '2025', '2026']",5.0,11.0,174.0,mls,mls
Xj5YLGKxMb,Christopher McVey,1997-04-12,Sweden,DF,CB,,,"['2022', '2023', '2024', '2025', '2026']",6.0,4.0,176.0,mls,mls
Xj5YLGRGMb,Javain Brown,1999-03-09,Jamaica,DF,FB,,CB,"['2021', '2022', '2023', '2024', '2025']",,,,mls,mls
Xj5Yajy5bd,John Alvbage,1982-08-10,Sweden,GK,GK,,,2017,6.0,2.0,187.0,mls,mls
Xj5Yj6Eqbd,Brian Mullan,1978-04-23,USA,DF,FB,,,2013,5.0,7.0,157.0,mls,mls
Xj5YkR0Qbd,David Horst,1985-10-25,USA,DF,CB,,,"['2013', '2014', '2015', '2016', '2017', '2018']",6.0,4.0,212.0,mls,mls
Xj5YpDAMbd,Ryan Guy,1985-09-05,USA,MF,W,,,2013,5.0,7.0,161.0,mls,mls
Xj5YrKyqbd,Chris Konopka,1985-04-14,USA,GK,GK,,,2015,6.0,5.0,216.0,mls,mls
Xj5YrdRqbd,Brad Evans,1985-04-20,USA,DF,CB,,,"['2013', '2014', '2015', '2016', '2017']",6.0,1.0,172.0,mls,mls
Xj5Yrryqbd,Maurice Edu,1986-04-18,USA,DF,CB,MF,DM,"['2014', '2015']",6.0,1.0,181.0,mls,mls
Xj5YyNjE5b,Yannick Bright,2001-09-03,Italy,MF,DM,,CM,"['2024', '2025', '2026']",6.0,0.0,,mls,mls
Xj5YyZOw5b,Olwethu Makhanya,2004-04-30,South Africa,DF,CB,,,"['2025', '2026']",,,,mls,mls
Xj5Yyz3y5b,Jayden Da,2002-04-08,USA,FW,ST,,,2026,6.0,3.0,,mls,mls
Z315V3nq9x,Steven Gerrard,1980-05-30,England,MF,CM,,,"['2015', '2016']",6.0,1.0,181.0,mls,mls
a35r6225L6,Bakary Soumaré,1985-11-09,Mali,DF,CB,,,"['2013', '2014', '2015']",6.0,4.0,207.0,mls,mls
a35r6G45L6,Robbie Findley,1985-08-04,USA,FW,ST,,,"['2013', '2014', '2015']",5.0,9.0,165.0,mls,mls
a35rB7Do5L,Luke Brennan,2005-02-24,USA,MF,W,,,"['2023', '2024', '2025', '2026']",5.0,10.0,150.0,mls,mls
a35rBEgw5L,Andrei Dumitru,2006-10-28,Canada,,,,,{},6.0,1.0,181.0,mls,mls
a35rBOLG5L,Omar Valencia,2004-06-08,Panama,DF,FB,,,"['2024', '2025', '2026']",5.0,11.0,154.0,mls,mls
a35rBONL5L,Vitaliy Hlyut,2008-04-29,USA,,,,,{},,,,mls,mls
a35rBgow5L,Neil Pierre,2007-10-19,USA,DF,CB,,,"['2025', '2026']",6.0,5.0,,mls,mls
a35rBoxG5L,Bryan Ramirez,2000-08-11,Ecuador,DF,FB,,,2026,,,,mls,mls
a35rByv25L,Mikael Marques,2001-09-08,Sweden,MF,W,,,2023,6.0,0.0,165.0,mls,mls
a35rGGBqL6,Jonas Elmer,1988-02-28,Switzerland,DF,FB,,,2013,5.0,9.0,152.0,mls,mls
a35rK1aeqL,Rob Lovejoy,1991-10-23,USA,MF,W,,,"['2015', '2016']",6.0,0.0,165.0,mls,mls
a35rK6GoqL,Wade Hamilton,1994-09-15,USA,,,,,{},6.0,2.0,194.0,mls,mls
a35rK94AqL,Corey Baird,1996-01-30,USA,FW,ST,MF,W,"['2018', '2019', '2020', '2021', '2022', '2023', '2024', '2025']",5.0,10.0,161.0,mls,mls
a35rK9XoqL,Jefferson Savarino,1996-11-11,Venezuela,MF,W,,,"['2017', '2018', '2019', '2022', '2023']",5.0,7.0,132.0,mls,mls
a35rKA2AqL,Mauricio Pineda,1997-10-17,USA,DF,CB,MF,DM,"['2020', '2021', '2022', '2023', '2024', '2025', '2026']",6.0,1.0,172.0,mls,mls
a35rKElAqL,Nicolás Czornomaz,1995-07-08,Argentina,,,,,{},5.0,10.0,163.0,mls,mls
a35rKGpLqL,Dániel Sallói,1996-07-19,Hungary,FW,W,,,"['2017', '2018', '2019', '2020', '2021', '2022', '2023', '2024', '2025', '2026']",6.0,1.0,150.0,mls,mls
a35rKJdeqL,Sam Hamilton,1995-07-27,USA,MF,CM,,,2017,6.0,1.0,176.0,mls,mls
a35rKXALqL,Rodrigo Saravia,1993-02-22,Guatemala,DF,CB,,,2016,6.0,0.0,174.0,mls,mls
a35rKXowqL,Joaquín Fernández,1996-05-31,Spain,DF,CB,,,"['2024', '2025']",6.0,3.0,159.0,mls,mls
a35rKYrAqL,Aaron Herrera,1997-06-06,USA,DF,FB,,,"['2018', '2019', '2020', '2021', '2022', '2023', '2024', '2025', '2026']",5.0,11.0,157.0,mls,mls
a35rKZZwqL,Marvin Loría,1997-04-24,Costa Rica,MF,W,,,"['2019', '2020', '2021', '2022', '2023', '2024']",5.0,9.0,170.0,mls,mls
a35rKZlBqL,Thomas de Villardi,1994-03-27,France,,,,,{},6.0,1.0,174.0,mls,mls
a35rKleGqL,Andy Thoma,1993-04-29,USA,,,,,{},5.0,11.0,165.0,mls,mls
a35rPoAQL6,Matteo Ferrari,1979-12-05,Italy,DF,CB,,,"['2013', '2014']",6.0,2.0,196.0,mls,mls
a35rR3wo5L,Reid Fisher,2004-05-26,USA,,,,,{},6.0,3.0,195.0,mls,mls
a35rRPz45L,Stefan Kapor,2009-04-04,USA,,,,,{},,,,mls,mls
a35rRe7w5L,Michael Webber,2000-09-17,Republic of Ireland,,,,,{},6.0,3.0,181.0,mls,mls
a35rRrk45L,Judah Siqueira,2009-03-27,USA,,,,,{},,,,mls,mls
a35rW2BqL6,Giuseppe Rossi,1987-02-01,Italy,MF,AM,FW,ST,2020,5.0,8.0,159.0,mls,mls
a35rXZBQL6,Sean Franklin,1985-03-21,USA,DF,FB,,,"['2013', '2014', '2015', '2016', '2017', '2018']",5.0,10.0,161.0,mls,mls
a35rY9eML6,Brian Ownby,1990-07-16,USA,FW,ST,,,"['2013', '2014']",5.0,11.0,165.0,mls,mls
a35ra9GML6,Sal Zizzo,1987-04-03,USA,DF,FB,,,"['2013', '2014', '2015', '2016', '2017', '2018']",5.0,11.0,165.0,mls,mls
a35rl2EKQL,Luciano Abecasis,1990-06-04,Argentina,DF,FB,,,2021,5.0,9.0,161.0,mls,mls
a35rl7d4QL,Yordany Alvarez,1985-05-24,Cuba,MF,DM,,,2013,5.0,10.0,165.0,mls,mls
a35rl8kwQL,Omar Gaber,1992-01-30,Egypt,DF,FB,MF,W,2018,5.0,8.0,159.0,mls,mls
a35rl9BBQL,Billy Schuler,1990-04-27,USA,FW,ST,,,2014,5.0,11.0,172.0,mls,mls
a35rlN9BQL,Andre Lewis,1994-08-12,Jamaica,,,,,{},5.0,9.0,146.0,mls,mls
a35rlRnwQL,Francisco Calvo,1992-07-08,Costa Rica,DF,CB,,,"['2017', '2018', '2019', '2020', '2021', '2022']",5.0,10.0,165.0,mls,mls
a35rlaAAQL,Juan Luis Anangonó,1989-04-13,Ecuador,FW,ST,,,"['2013', '2014']",6.0,1.0,185.0,mls,mls
a35rldmeQL,Nick Marsman,1990-10-01,Netherlands,GK,GK,,,"['2021', '2022']",6.0,2.0,194.0,mls,mls
a35rlgewQL,Chris Klute,1990-03-05,USA,DF,FB,,,"['2013', '2014', '2015', '2016']",6.0,1.0,174.0,mls,mls
a35rlwN2QL,Javier Calle,1991-04-29,Colombia,DF,FB,,,2015,5.0,9.0,163.0,mls,mls
a35rlyZ4QL,Diego Chará,1986-04-05,Colombia,MF,DM,,,"['2013', '2014', '2015', '2016', '2017', '2018', '2019', '2020', '2021', '2022', '2023', '2024', '2025', '2026']",5.0,8.0,152.0,mls,mls
a35rm92ML6,Mateusz Klich,1990-06-13,Poland,MF,CM,,,"['2023', '2024', '2025']",6.0,0.0,165.0,mls,mls
a35rn0o5L6,Henok Goitom,1984-09-16,Sweden,FW,ST,,,2016,6.0,2.0,190.0,mls,mls
a35rr0bA5L,Hal Uderitz,1999-09-16,USA,,,,,{},,,,mls,mls
a35rrkbG5L,Tajon Buchanan,1999-02-08,Canada,MF,W,,,"['2019', '2020', '2021']",6.0,0.0,157.0,mls,mls
a35rrkme5L,Clément Bayiha,1999-03-08,Canada,DF,FB,FW,W,"['2019', '2020', '2021']",5.0,8.0,154.0,mls,mls
a35rvro5L6,Jeremy Hall,1988-09-11,USA,MF,CM,,,"['2013', '2014', '2015']",5.0,11.0,165.0,mls,mls
a35ry7P2ML,João Klauss,1997-03-01,Brazil,FW,ST,,,"['2023', '2024', '2025', '2026']",6.0,3.0,196.0,mls,mls
a35ryB2AML,Alex Monis,2003-03-20,USA,FW,ST,MF,W,"['2021', '2022', '2023']",5.0,7.0,135.0,mls,mls
a35ryXO2ML,Luis Díaz,1998-12-06,Costa Rica,MF,W,,,"['2019', '2020', '2021', '2022', '2023', '2025']",0.0,5.0,159.0,mls,mls
a35ryXm2ML,Novak Mićović,2001-10-25,Serbia,GK,GK,,,"['2023', '2024', '2025', '2026']",,,,mls,mls
a35ryZ7bML,Tanner Beason,1997-03-23,USA,DF,CB,,,"['2020', '2021', '2022', '2023', '2024', '2025', '2026']",6.0,1.0,174.0,mls,mls
a35rydwBML,Harrison Robledo,2002-02-08,USA,MF,CM,DF,FB,2022,5.0,7.0,,mls,mls
a35rym4GML,Tyler Hall,2006-02-05,USA,,,,,{},,,,mls,mls
a35rymlLML,Drake Callender,1997-10-07,USA,GK,GK,,,"['2022', '2023', '2024', '2025', '2026']",6.0,3.0,203.0,mls,mls
a35ryngKML,Michael Nelson,1995-02-10,USA,GK,GK,,,"['2021', '2022']",6.0,4.0,179.0,mls,mls
aDQ0023QEv,Matt Pickens,1982-04-05,USA,GK,GK,,,2013,6.0,3.0,201.0,mls,mls
aDQ00AlQEv,Kevin Long,1990-08-18,Republic of Ireland,DF,CB,,,"['2024', '2025']",6.0,2.0,183.0,mls,mls
aDQ00OGQEv,Jozy Altidore,1989-11-06,USA,FW,ST,,,"['2015', '2016', '2017', '2018', '2019', '2020', '2021', '2022', '2023']",6.0,1.0,174.0,mls,mls
aDQ039WqEv,Gustav Svensson,1987-02-07,Sweden,MF,DM,,,"['2017', '2018', '2019', '2020']",6.0,0.0,170.0,mls,mls
aDQ0AgRMEv,Przemyslaw Tyton,1987-01-04,Poland,GK,GK,,,"['2019', '2020', '2021']",6.0,4.0,187.0,mls,mls
aDQ0LRYWQE,Amine Bassi,1997-11-27,France,MF,AM,,,"['2023', '2024', '2025']",,,,mls,mls
aDQ0LoylQE,Griffin Dorsey,1999-03-05,USA,DF,FB,,,"['2019', '2020', '2021', '2022', '2023', '2024', '2025', '2026']",6.0,0.0,159.0,mls,mls
aDQ0N1Kv5E,Kim Joon-Hong,2003-06-03,South Korea,GK,GK,,,2025,6.0,3.0,192.0,mls,mls
aDQ0NJKG5E,Victor Olatunji,1999-09-05,Nigeria,FW,ST,,,"['2025', '2026']",6.0,4.0,190.0,mls,mls
aDQ0NL0R5E,Matheus Aias,1996-12-30,Brazil,FW,ST,,,"['2020', '2021']",5.0,9.0,159.0,mls,mls
aDQ0NN635E,Cole Turner,2001-07-07,USA,DF,FB,MF,W,"['2020', '2021']",6.0,2.0,181.0,mls,mls
aDQ0NN9v5E,Cameron Dunbar,2002-10-22,USA,MF,W,,,"['2020', '2021', '2023']",5.0,6.0,128.0,mls,mls
aDQ0NNWE5E,Christopher Hegardt,2002-01-06,USA,MF,CM,FW,W,"['2022', '2023']",5.0,9.0,141.0,mls,mls
aDQ0NVP35E,Xavier Valdez,2003-11-23,USA,,,,,{},6.0,6.0,,mls,mls
aDQ0NZOB5E,Matko Miljevic,2001-05-09,USA,MF,AM,,,"['2021', '2022', '2023']",5.0,9.0,168.0,mls,mls
aDQ0Nd7l5E,Thomas Roberts,2001-05-11,USA,MF,AM,,,2019,5.0,11.0,146.0,mls,mls
aDQ0NdJP5E,Sean Rea,2002-05-15,Canada,MF,AM,,,2023,5.0,7.0,139.0,mls,mls
aDQ0NemE5E,Alan Winn,1996-02-18,USA,MF,W,,,2020,5.0,10.0,165.0,mls,mls
aDQ0Njb35E,Malik Henry,2002-07-23,Canada,MF,W,,,"['2025', '2026']",5.0,4.0,,mls,mls
aDQ0NjkG5E,Gabriele Corbo,2000-01-11,Italy,DF,CB,,,"['2022', '2023', '2024']",6.0,1.0,,mls,mls
aDQ0NmXW5E,Javier Pérez,1996-03-29,Spain,MF,CM,,,2019,5.0,9.0,161.0,mls,mls
aDQ0Nmyl5E,Allan Rodriguez,2004-05-27,USA,,,,,{},5.0,6.0,152.0,mls,mls
aDQ0NzoB5E,Jordan Adebayo-Smith,2001-01-11,USA,FW,ST,,,2024,5.0,11.0,179.0,mls,mls
aDQ0O43qEv,Rob Friend,1981-01-23,Canada,FW,ST,,,2014,6.0,5.0,207.0,mls,mls
aDQ0P4rWQE,Jhegson Méndez,1997-04-26,Ecuador,MF,DM,,CM,"['2019', '2020', '2021', '2022']",5.0,7.0,159.0,mls,mls
aDQ0PA8lQE,Ayo Akinola,2000-01-20,USA,FW,ST,,,"['2018', '2019', '2020', '2021', '2022', '2023', '2024']",5.0,10.0,183.0,mls,mls
aDQ0PDEpQE,Santiago Mosquera,1995-02-07,Colombia,MF,W,,,"['2018', '2019', '2020']",5.0,6.0,154.0,mls,mls
aDQ0PDNBQE,Avionne Flanagan,1999-04-06,USA,,,,,{},5.0,11.0,165.0,mls,mls
aDQ0PGdGQE,Handwalla Bwana,1999-06-25,Kenya,MF,W,,,"['2018', '2019', '2020', '2021', '2022']",5.0,9.0,143.0,mls,mls
aDQ0PGv3QE,Alex Mighten,2002-04-11,England,FW,W,,,"['2025', '2026']",,,,mls,mls
aDQ0PJpPQE,Tai Baribo,1998-01-15,Israel,FW,ST,,,"['2023', '2024', '2025', '2026']",5.0,11.0,172.0,mls,mls
aDQ0PKPRQE,Marco Farfan,1998-11-12,USA,DF,FB,,,"['2017', '2018', '2019', '2020', '2021', '2022', '2023', '2024', '2025']",5.0,11.0,150.0,mls,mls
aDQ0PZY3QE,Pep Biel,1996-09-05,Spain,MF,AM,,,"['2024', '2025', '2026']",5.0,6.0,137.0,mls,mls
aDQ0PajGQE,Brandon Vincent,1994-05-01,,DF,FB,,,"['2016', '2017', '2018']",5.0,11.0,181.0,mls,mls
aDQ0PeLRQE,Emrah Klimenta,1991-02-13,Montenegro,DF,FB,,,2018,6.0,1.0,181.0,mls,mls
aDQ0PjnGQE,Tommy McNamara,1991-02-06,USA,MF,CM,,,"['2014', '2015', '2016', '2017', '2018', '2019', '2020', '2021', '2022', '2023', '2024']",5.0,9.0,172.0,mls,mls
aDQ0PjypQE,Timo Baumgartl,1996-03-04,Germany,DF,CB,,,"['2025', '2026']",6.0,3.0,196.0,mls,mls
aDQ0PkRRQE,Eduard Atuesta,1997-06-18,Colombia,MF,DM,,CM,"['2018', '2019', '2020', '2021', '2024', '2025', '2026']",5.0,11.0,154.0,mls,mls
aDQ0PnvBQE,Djordje Mihailovic,1998-11-10,USA,MF,AM,,,"['2017', '2018', '2019', '2020', '2021', '2022', '2024', '2025', '2026']",5.0,10.0,152.0,mls,mls
aDQ0Pv1WQE,Sebastián Ferreira,1998-02-13,Paraguay,FW,ST,,,"['2022', '2023', '2024']",5.0,11.0,154.0,mls,mls
aDQ0PwNpQE,Chidozie Awaziem,1997-01-01,Nigeria,DF,CB,,,"['2024', '2025']",6.0,2.0,172.0,mls,mls
aDQ0PwXWQE,Efrain Álvarez,2002-06-19,Mexico,MF,W,,,"['2019', '2020', '2021', '2022', '2023']",5.0,9.0,161.0,mls,mls
aDQ0Y4vMEv,Steven Taylor,1986-01-23,England,DF,CB,,,2016,6.0,2.0,179.0,mls,mls
aDQ0a0x3ME,David Accam,1990-09-28,Ghana,MF,W,,,"['2015', '2016', '2017', '2018', '2019', '2020']",5.0,8.0,154.0,mls,mls
aDQ0a6J3ME,Alexander López,1992-06-05,Honduras,MF,W,,,"['2013', '2014', '2015']",5.0,9.0,157.0,mls,mls
aDQ0a6jPME,Shane O'Neill,1993-09-02,USA,DF,CB,,,"['2013', '2014', '2015', '2018', '2019', '2020', '2021', '2022', '2023', '2024']",6.0,2.0,192.0,mls,mls
aDQ0a733ME,Jorge Corrales,1991-05-20,Cuba,DF,FB,,,"['2018', '2019', '2020']",5.0,9.0,150.0,mls,mls
aDQ0a83BME,Justin Davis,1988-05-06,USA,DF,FB,,CB,2017,5.0,9.0,161.0,mls,mls
aDQ0a8lpME,Kenney Walker,1988-12-12,USA,MF,CM,,,"['2014', '2015']",5.0,9.0,172.0,mls,mls
aDQ0a8plME,Raymon Gaddis,1990-01-13,USA,DF,FB,,,"['2013', '2014', '2015', '2016', '2017', '2018', '2019', '2020', '2022', '2023']",5.0,9.0,152.0,mls,mls
aDQ0aBDBME,Adam Clement,1990-10-30,USA,,,,,{},6.0,4.0,194.0,mls,mls
aDQ0aBORME,Kory Kindle,1991-08-28,USA,,,,,{},5.0,11.0,185.0,mls,mls
aDQ0aG9pME,Aleksey Miranchuk,1995-10-17,Russia,MF,AM,,,"['2024', '2025', '2026']",6.0,0.0,148.0,mls,mls
aDQ0aJ8WME,Cristian Higuita,1994-01-12,Colombia,MF,DM,,,"['2015', '2016', '2017', '2018', '2019']",5.0,9.0,159.0,mls,mls
aDQ0aN62ME,Ashtone Morgan,1991-02-09,Canada,DF,FB,,,"['2013', '2014', '2015', '2016', '2017', '2018', '2019', '2021']",5.0,11.0,165.0,mls,mls
aDQ0aNE3ME,Michael Boxall,1988-08-18,New Zealand,DF,CB,,,"['2017', '2018', '2019', '2020', '2021', '2022', '2023', '2024', '2025', '2026']",6.0,2.0,201.0,mls,mls
aDQ0aNYpME,Ethan White,1991-01-01,USA,DF,CB,,FB,"['2013', '2014', '2015', '2016', '2017']",6.0,0.0,185.0,mls,mls
aDQ0aNepME,Davy Armstrong,1991-11-03,USA,DF,FB,,,2014,5.0,10.0,152.0,mls,mls
aDQ0aR0EME,Charlie Horton,1994-09-14,USA,,,,,{},6.0,4.0,170.0,mls,mls
aDQ0aVkWME,Jamal Thiaré,1993-03-31,Senegal,FW,ST,,,"['2023', '2024', '2025', '2026']",6.0,0.0,154.0,mls,mls
aDQ0aVwlME,Rob Holding,1995-09-20,England,DF,CB,,,"['2025', '2026']",6.0,2.0,165.0,mls,mls
aDQ0aXEEME,Ken Tribbett,1992-08-25,USA,DF,CB,,,"['2016', '2017']",6.0,2.0,170.0,mls,mls
aDQ0adk3ME,Roland Alberg,1990-08-06,Netherlands,MF,AM,,,"['2016', '2017']",5.0,11.0,159.0,mls,mls
aDQ0aj9WME,Futty Danso,1983-04-27,Gambia,DF,CB,,,"['2013', '2014']",6.0,3.0,185.0,mls,mls
aDQ0ao1PME,Sam Adekugbe,1995-01-16,England,DF,FB,,,"['2013', '2014', '2015', '2016', '2023', '2024', '2025', '2026']",5.0,9.0,165.0,mls,mls
aDQ0avK3ME,Steven Birnbaum,1991-01-23,USA,DF,CB,,,"['2014', '2015', '2016', '2017', '2018', '2019', '2020', '2021', '2022', '2023', '2024']",6.0,1.0,181.0,mls,mls
aDQ0eLWGME,Diego Rey,,USA,,,,,{},,,,mls,mls
aDQ0knRqEv,Markus Holgersson,1985-04-16,Sweden,DF,CB,,,2013,6.0,2.0,174.0,mls,mls
aDQ0l6apQE,Thomas Judge,1999-05-29,USA,,,,,{},6.0,1.0,174.0,mls,mls
aDQ0l7alQE,Jaidyn Contreras,2007-09-26,USA,,,,,{},,,,mls,mls
aDQ0l7kWQE,Mitja Ilenič,2004-12-26,Slovenia,DF,FB,,,"['2023', '2024', '2025', '2026']",5.0,10.0,157.0,mls,mls
aDQ0l8j3QE,Vuk Latinovich,1997-09-14,USA,DF,CB,,,"['2021', '2022']",6.0,1.0,181.0,mls,mls
aDQ0l9bRQE,Kyle Hiebert,1997-07-30,Canada,DF,CB,,FB,"['2023', '2024', '2025']",6.0,0.0,187.0,mls,mls
aDQ0l9zGQE,Yosuke Hanya,1999-01-30,Japan,FW,ST,,,2023,,,,mls,mls
aDQ0lA2lQE,Joshua Torquato,2007-07-24,USA,DF,FB,,,2025,,,,mls,mls
aDQ0lelQEv,Eldin Jakupovic,1984-10-02,Switzerland,GK,GK,,,2023,6.0,3.0,187.0,mls,mls
aDQ0lkLBQE,Diego Gutiérrez,1999-01-05,USA,FW,W,,,"['2022', '2023']",5.0,11.0,146.0,mls,mls
aDQ0lmRpQE,Daniel Sumalla,2007-06-25,USA,,,,,{},,,,mls,mls
aDQ0lp9pQE,David Vazquez,2006-02-22,USA,MF,CM,,,"['2025', '2026']",,,,mls,mls
aDQ0lpPBQE,Sam Adeniran,1998-09-30,USA,FW,ST,,,"['2021', '2022', '2023', '2024']",6.0,4.0,201.0,mls,mls
aDQ0lryRQE,Mihail Gherasimencov,2005-03-25,USA,DF,FB,,,2026,,,,mls,mls
aDQ0od3qEv,Tyler Deric,1988-08-30,USA,GK,GK,,,"['2014', '2015', '2016', '2017', '2018', '2019']",6.0,3.0,185.0,mls,mls
aDQ0ol2qEv,Luis Marín,1983-05-18,Chile,GK,GK,,,2015,6.0,1.0,192.0,mls,mls
aDQ0rNE5Ev,Adam Moffat,1986-05-15,Scotland,MF,DM,,CM,"['2013', '2014']",6.0,0.0,187.0,mls,mls
aDQ0rxv5Ev,Piscu,1987-02-25,Spain,,,,,{},6.0,0.0,194.0,mls,mls
aDQ0x9bpQE,Rayan Elloumi,2007-09-17,Canada,FW,ST,,,"['2025', '2026']",,,,mls,mls
aDQ0z3P5Ev,Ahmed Kantari,1985-06-28,Morocco,DF,CB,,,2015,6.0,1.0,181.0,mls,mls
aDQ0znW5Ev,Nani,1986-11-17,Portugal,MF,W,,,"['2019', '2020', '2021']",5.0,10.0,159.0,mls,mls
e7Mz0EpXqr,Kaick,2005-11-29,Brazil,MF,CM,,,"['2025', '2026']",,,,mls,mls
e7Mz0geqr0,Edson Buddle,1981-05-21,USA,FW,ST,,,"['2013', '2014', '2015']",6.0,1.0,185.0,mls,mls
e7Mz4lGqr0,Steward Ceus,1987-03-26,USA,GK,GK,,,2013,6.0,6.0,207.0,mls,mls
e7Mz7N95r0,Akira Kaji,1980-01-13,Japan,DF,FB,,,2014,5.0,9.0,163.0,mls,mls
e7Mz913GQr,Aaron Long,1992-10-12,USA,DF,CB,,,"['2017', '2018', '2019', '2020', '2021', '2022', '2023', '2024', '2025', '2026']",6.0,1.0,174.0,mls,mls
e7Mz9DeJQr,Christian Hernandez,1993-10-30,Mexico,,,,,{},5.0,11.0,161.0,mls,mls
e7Mz9DgGQr,Jack Price,1992-12-19,England,MF,DM,,CM,"['2018', '2019', '2020', '2021', '2022', '2023']",6.0,3.0,192.0,mls,mls
e7Mz9GBOQr,Mikael Uhre,1994-09-30,Denmark,FW,ST,,,"['2022', '2023', '2024', '2025']",6.0,2.0,185.0,mls,mls
e7Mz9NpeQr,Harry Toffolo,1995-08-19,England,DF,FB,,,"['2025', '2026']",6.0,0.0,157.0,mls,mls
e7Mz9PWjQr,Keegan Rosenberry,1993-12-11,USA,DF,FB,,,"['2016', '2017', '2018', '2019', '2020', '2021', '2022', '2023', '2024', '2025', '2026']",5.0,8.0,161.0,mls,mls
e7Mz9YpXQr,Bismark Boateng,1994-05-10,Ghana,MF,CM,,,"['2017', '2018']",5.0,11.0,159.0,mls,mls
e7Mz9bO7Qr,Terrence Boyd,1991-02-16,USA,FW,ST,,,2019,6.0,2.0,196.0,mls,mls
e7Mz9eOGQr,William Yarbrough,1989-03-20,USA,GK,GK,,,"['2020', '2021', '2022', '2023', '2024']",6.0,2.0,161.0,mls,mls
e7Mz9eaOQr,Rodrigo de Paul,1994-05-24,Argentina,MF,CM,,,"['2025', '2026']",5.0,11.0,154.0,mls,mls
e7Mz9jAGQr,Alex Martinez,1991-08-25,USA,MF,CM,,,2014,5.0,8.0,161.0,mls,mls
e7Mz9kAeQr,Collin Martin,1994-11-09,USA,MF,DM,,CM,"['2013', '2014', '2016', '2017', '2018', '2019']",5.0,11.0,152.0,mls,mls
e7Mz9nP7Qr,Donald Smith,1990-12-07,USA,DF,FB,,,"['2013', '2014', '2016', '2017']",5.0,11.0,161.0,mls,mls
e7Mz9oL7Qr,Martín Rodríguez,1994-08-05,Chile,MF,CM,,,"['2022', '2024']",5.0,7.0,172.0,mls,mls
e7Mz9w9Qr0,Ashley Cole,1980-12-20,England,DF,FB,,,"['2016', '2017', '2018']",5.0,9.0,146.0,mls,mls
e7Mz9xyOQr,Ramón Ábila,1989-10-14,Argentina,FW,ST,,,2021,5.0,9.0,185.0,mls,mls
e7Mz9z3OQr,Gilberto,1989-06-05,Brazil,FW,ST,,,"['2014', '2015', '2016']",5.0,10.0,154.0,mls,mls
e7MzAxyGQr,Henry Kessler,1998-06-25,USA,DF,CB,,,"['2020', '2021', '2022', '2023', '2024', '2025', '2026']",6.0,4.0,185.0,mls,mls
e7MzJ3m6Mr,Federico Navarro,2000-03-09,Argentina,MF,DM,,,"['2021', '2022', '2023', '2024']",,,,mls,mls
e7MzJ63eMr,Ryan Schewe,2002-03-08,USA,,,,,{},,,,mls,mls
e7MzJBv7Mr,Julian Altobelli,2002-11-04,Canada,,,,,{},5.0,10.0,152.0,mls,mls
e7MzJJYGMr,Titus Sandy Jr,2002-01-19,USA,,,,,{},,,,mls,mls
e7MzJL0eMr,Reese Miller,2004-01-17,USA,,,,,{},,,,mls,mls
e7MzJPvGMr,Julián Aude,2003-03-24,Argentina,DF,FB,,,"['2023', '2024', '2025', '2026']",5.0,11.0,143.0,mls,mls
e7MzJV2GMr,Nicolás Fernández,2000-01-11,Argentina,FW,ST,MF,W,"['2025', '2026']",,,,mls,mls
e7MzJVJ7Mr,Ted Ku-Dipietro,2002-01-28,USA,MF,W,,,"['2022', '2023', '2024', '2025', '2026']",5.0,9.0,161.0,mls,mls
e7MzJWAPMr,Tristan Brown,2007-10-17,USA,DF,FB,,,2025,,,,mls,mls
e7MzJWNGMr,Jorge Gonzalez Asensi,1998-10-29,Spain,,,,,{},5.0,10.0,165.0,mls,mls
e7MzJZ26Mr,Bryan Dowd,2002-03-08,USA,,,,,{},6.0,3.0,176.0,mls,mls
e7MzJjNeMr,Cooper Flax,2004-01-21,USA,,,,,{},,,,mls,mls
e7MzKKJ5r0,Ján Greguš,1991-01-29,Slovakia,MF,DM,,,"['2019', '2020', '2021', '2022', '2023', '2024']",6.0,2.0,154.0,mls,mls
e7MzR7jMr0,Kenny Cooper,1984-10-21,USA,FW,ST,MF,W,"['2013', '2014', '2015']",6.0,3.0,212.0,mls,mls
e7MzXXKqr0,Cristián Maidana,1987-01-24,Argentina,MF,AM,,W,"['2014', '2015', '2016']",5.0,11.0,165.0,mls,mls
e7MzXrOqr0,Víctor Vázquez,1987-01-20,Spain,MF,CM,,,"['2017', '2018', '2021', '2022', '2023']",5.0,9.0,157.0,mls,mls
e7MzZ63OMr,Bernard Kamungo,2002-01-01,Tanzania,DF,FB,,,"['2022', '2023', '2024', '2025', '2026']",5.0,9.0,150.0,mls,mls
e7MzZNxJMr,Preston Plambeck,2005-12-20,USA,MF,CM,,,2026,,,,mls,mls
e7MzZY9eMr,Sebastian Rodriguez,2007-09-13,USA,,,,,{},,,,mls,mls
e7MzZkY6Mr,Dylan Vanney,2007-11-29,USA,,,,,{},,,,mls,mls
e7MzZozPMr,Jojea Kwizera,2000-01-27,DR Congo,DF,FB,,,"['2022', '2023']",,,,mls,mls
e7MzZpaXMr,Josh Bauer,1998-07-22,USA,DF,FB,,CB,"['2023', '2024', '2025', '2026']",,,,mls,mls
e7MzZprjMr,William Agada,1999-09-17,Nigeria,FW,ST,,,"['2022', '2023', '2024', '2025']",5.0,9.0,165.0,mls,mls
e7Mze47Qr0,Maynor Figueroa,1983-05-02,Honduras,DF,CB,,FB,"['2015', '2016', '2017', '2018', '2019', '2020', '2021']",6.0,0.0,187.0,mls,mls
e7Mzkwj5r0,Sainey Nyassi,1989-01-31,Gambia,MF,W,,,2013,5.0,8.0,157.0,mls,mls
e7Mzl0O6qr,Nikola Vujnovic,1997-01-11,Montenegro,FW,ST,,,2022,,,,mls,mls
e7Mzl0nXqr,Miguel Trauco,1992-08-25,Peru,DF,FB,,,"['2022', '2023']",5.0,9.0,143.0,mls,mls
e7Mzl29Xqr,Joseph Mora,1993-01-15,Costa Rica,DF,FB,,,"['2018', '2019', '2020', '2021', '2022', '2023']",5.0,7.0,132.0,mls,mls
e7Mzl3gGqr,Adam Grinwis,1992-04-21,USA,GK,GK,,,"['2018', '2021']",6.0,2.0,181.0,mls,mls
e7Mzl98Gqr,Raúl Gudiño,1996-04-22,Mexico,GK,GK,,,2022,6.0,5.0,179.0,mls,mls
e7Mzl9B9qr,Devron García,1996-02-17,Honduras,,,,,{},6.0,4.0,,mls,mls
e7MzlN46qr,Tyler Adams,1999-02-14,USA,MF,DM,,,"['2016', '2017', '2018']",5.0,9.0,159.0,mls,mls
e7MzlO0Pqr,Justin vom Steeg,1997-04-05,USA,,,,,{},6.0,4.0,181.0,mls,mls
e7MzlWR7qr,Matt LaGrassa,1993-01-27,USA,MF,CM,,,"['2020', '2021']",6.0,0.0,174.0,mls,mls
e7Mzlg8Xqr,Hassan Ndam,1998-10-29,Cameroon,DF,CB,,,"['2017', '2018', '2022', '2023']",6.0,4.0,194.0,mls,mls
e7Mzljpjqr,Yangel Herrera,1998-01-07,Venezuela,MF,CM,,DM,"['2017', '2018']",6.0,0.0,172.0,mls,mls
e7Mzlm1Jqr,Mark Sherrod,1990-08-13,USA,FW,ST,,,"['2014', '2015']",6.0,3.0,185.0,mls,mls
e7Mzlop7qr,Kalil ElMedkhar,1999-08-18,,MF,W,,,"['2021', '2022']",,,,mls,mls
e7MzzmEeMr,Manu Duah,2005-06-05,Ghana,DF,CB,,,"['2025', '2026']",6.0,4.0,,mls,mls
eV5D00e95K,Paulo Júnior,1989-01-23,Brazil,,,,,{},5.0,7.0,159.0,mls,mls
eV5D01ZA5K,Mike da Fonte,1991-04-18,USA,DF,FB,,,2017,6.0,0.0,170.0,mls,mls
eV5D07mY5K,Carlyle Mitchell,1987-08-08,Trinidad & Tobago,DF,CB,,,"['2013', '2014']",6.0,2.0,176.0,mls,mls
eV5D0G2Z5K,Alvas Powell,1994-07-18,Jamaica,DF,FB,,,"['2013', '2014', '2015', '2016', '2017', '2018', '2019', '2020', '2021', '2022', '2023', '2024', '2025', '2026']",6.0,0.0,165.0,mls,mls
eV5D0K4Z5K,Grant Ward,1994-12-05,England,MF,W,,,2014,5.0,10.0,161.0,mls,mls
eV5D0LeA5K,Cristian Lobato,1989-03-07,Spain,FW,W,,,"['2017', '2018']",5.0,11.0,161.0,mls,mls
eV5D0ZOE5K,Gerso,1991-02-23,Guinea-Bissau,FW,W,,,"['2017', '2018', '2019', '2020']",5.0,8.0,137.0,mls,mls
eV5D0g2a5K,Tyler Polak,1992-05-13,USA,,,,,{},5.0,9.0,152.0,mls,mls
eV5D0g6O5K,Jose Villarreal,1993-09-10,USA,FW,ST,,,"['2013', '2014', '2015', '2016', '2017', '2018']",5.0,8.0,161.0,mls,mls
eV5D0gka5K,Brian Rowe,1988-11-16,USA,GK,GK,,,"['2013', '2014', '2015', '2016', '2017', '2018', '2019', '2020']",6.0,0.0,185.0,mls,mls
eV5D0meR5K,Conor Doyle,1991-10-13,USA,FW,ST,MF,W,"['2013', '2014', '2015', '2016']",6.0,1.0,176.0,mls,mls
eV5D0n7O5K,Dan Metzger,1993-08-06,USA,MF,W,,,2017,5.0,9.0,154.0,mls,mls
eV5D0on95K,Kim Kee-hee,1989-07-13,South Korea,DF,CB,,,"['2018', '2019', '2025', '2026']",6.0,2.0,176.0,mls,mls
eV5D0wXE5K,Gadi Kinda,1994-03-23,Israel,MF,CM,,,"['2020', '2021', '2023']",5.0,8.0,146.0,mls,mls
eV5D0wxa5K,Youness Mokhtar,1991-08-29,Morocco,MF,W,,,"['2019', '2020']",5.0,9.0,159.0,mls,mls
eV5D0zwn5K,Kevin Ellis,1991-06-30,USA,DF,CB,,,"['2013', '2014', '2015', '2016', '2017', '2018']",5.0,9.0,161.0,mls,mls
eV5D21BAQK,Wyatt Meyer,2001-11-12,USA,DF,CB,,,"['2025', '2026']",,,,mls,mls
eV5D2NgaQK,Philippe Ndinga Ossibadjouo,2005-06-03,Congo,DF,FB,,,2026,5.0,10.0,159.0,mls,mls
eV5D2RJAQK,Noel Caliskan,2000-08-29,Germany,MF,CM,DF,FB,"['2023', '2024', '2025', '2026']",,,,mls,mls
eV5D2XxAQK,Bibi Karamoko,2005-11-01,USA,FW,ST,,,2025,,,,mls,mls
eV5D2z8JQK,Ali Fadal,2004-01-14,Ghana,,,,,{},5.0,11.0,159.0,mls,mls
eV5D8YE5Kn,Kevin Harbottle,1990-06-08,Chile,FW,W,,,2013,5.0,5.0,146.0,mls,mls
eV5D9A9qKn,Sebastián Blanco,1988-03-15,Argentina,MF,W,,AM,"['2017', '2018', '2019', '2020', '2021', '2022', '2023']",5.0,6.0,141.0,mls,mls
eV5DB6nQKn,Eric Maxim Choupo-Moting,1989-03-23,Cameroon,FW,ST,,,"['2025', '2026']",6.0,3.0,181.0,mls,mls
eV5DBBYQKn,Juan Carlos Toja,1985-05-24,Colombia,MF,CM,FW,ST,2013,6.0,1.0,176.0,mls,mls
eV5DBO9QKn,Marvell Wynne,1986-05-08,USA,DF,FB,,CB,"['2013', '2014', '2015', '2016']",5.0,9.0,172.0,mls,mls
eV5DGBAMKn,David Jensen,1992-03-25,Denmark,GK,GK,,,2020,6.0,5.0,203.0,mls,mls
eV5DL0BA5K,Kianz Froese,1996-04-16,Canada,MF,W,,DM,"['2014', '2015', '2016']",5.0,9.0,172.0,mls,mls
eV5DL0OA5K,Cristian Pavón,1996-01-21,Argentina,MF,W,,,"['2019', '2020']",5.0,6.0,143.0,mls,mls
eV5DL0wO5K,Justin Schmidt,1993-11-03,USA,DF,CB,,FB,2017,6.0,1.0,201.0,mls,mls
eV5DL18a5K,Jakob Glesnes,1994-03-25,Norway,DF,CB,,,"['2020', '2021', '2022', '2023', '2024', '2025', '2026']",6.0,2.0,185.0,mls,mls
eV5DL1aa5K,Milton Valenzuela,1998-08-13,Argentina,DF,FB,,,"['2018', '2020', '2021']",5.0,6.0,141.0,mls,mls
eV5DL1xR5K,Sean Zawadzki,2000-04-21,USA,DF,CB,,,"['2022', '2023', '2024', '2025', '2026']",,,,mls,mls
eV5DL9aZ5K,Luca Petrasso,2000-06-16,Canada,DF,FB,,,"['2022', '2023', '2024', '2025', '2026']",5.0,11.0,161.0,mls,mls
eV5DLBW95K,Tony Rocha,1993-08-21,USA,MF,DM,,,"['2016', '2017', '2018', '2019', '2020', '2021']",5.0,9.0,165.0,mls,mls
eV5DLD7E5K,Ken Krolicki,1996-03-15,USA,MF,CM,,,"['2018', '2019']",5.0,10.0,154.0,mls,mls
eV5DLDRZ5K,Brandon Aubrey,1995-03-14,USA,,,,,{},6.0,3.0,192.0,mls,mls
eV5DLDVJ5K,Eryk Williamson,1997-06-11,USA,MF,DM,,,"['2019', '2020', '2021', '2022', '2023', '2024', '2025']",5.0,9.0,154.0,mls,mls
eV5DLDna5K,Uriel Antuna,1997-08-21,Mexico,MF,W,,,2019,5.0,9.0,130.0,mls,mls
eV5DLKnn5K,Lachlan Brook,2001-02-08,Australia,MF,W,,,"['2024', '2025']",5.0,10.0,152.0,mls,mls
eV5DLNDm5K,Brenner,2000-01-16,Brazil,FW,ST,,,"['2021', '2022', '2023', '2025']",5.0,9.0,154.0,mls,mls
eV5DLNeE5K,Ben Polk,1992-09-19,England,,,,,{},5.0,9.0,172.0,mls,mls
eV5DLPJY5K,Seyi Adekoya,1995-12-12,USA,FW,ST,,,2017,5.0,11.0,170.0,mls,mls
eV5DLWdm5K,Ronald Hernández,1997-09-21,Venezuela,DF,FB,,,"['2021', '2022', '2023', '2024', '2025', '2026']",5.0,7.0,154.0,mls,mls
eV5DLY8A5K,Mason Toye,1998-10-16,USA,FW,ST,,,"['2018', '2019', '2020', '2021', '2022', '2023', '2024', '2025']",6.0,3.0,181.0,mls,mls
eV5DLYJa5K,Akil Watts,2000-02-04,USA,DF,FB,,,"['2023', '2024', '2025']",5.0,10.0,159.0,mls,mls
eV5DLd2Z5K,Felix Chenkam,1998-12-28,Cameroon,,,,,{},5.0,8.0,165.0,mls,mls
eV5DLeE95K,Marcus Epps,1995-01-16,USA,MF,W,,,"['2017', '2018', '2019']",5.0,11.0,165.0,mls,mls
eV5DLeaR5K,Myer Bevan,1997-04-23,New Zealand,,,,,{},6.0,0.0,170.0,mls,mls
eV5DLedE5K,Latif Blessing,1996-12-30,Ghana,MF,CM,,,"['2017', '2018', '2019', '2020', '2021', '2022', '2023', '2024']",5.0,7.0,141.0,mls,mls
eV5DLkYO5K,Robinho,1995-01-19,Brazil,MF,W,,,"['2019', '2020']",5.0,5.0,137.0,mls,mls
eV5DLnOY5K,Jeisson Palacios,1994-03-20,Colombia,DF,CB,,,"['2025', '2026']",6.0,1.0,165.0,mls,mls
eV5DLnbR5K,Ignacio Maganto,1992-01-02,Spain,MF,W,,,2015,5.0,8.0,141.0,mls,mls
eV5DNdnQKn,Dan Kennedy,1982-07-22,USA,GK,GK,,,"['2013', '2014', '2015', '2016']",6.0,1.0,201.0,mls,mls
eV5DRabAQK,Micah Chisholm,2004-11-19,Canada,DF,CB,,FB,2026,6.0,2.0,168.0,mls,mls
eV5DRkZQKn,Shalrie Joseph,1978-05-24,Grenada,MF,CM,,,2013,6.0,3.0,181.0,mls,mls
eV5DWXJMKn,Chicharito,1988-06-01,Mexico,FW,ST,,,"['2020', '2021', '2022', '2023']",5.0,9.0,161.0,mls,mls
eV5DXEY5Kn,Mauro Rosales,1981-02-24,Argentina,MF,W,,,"['2013', '2014', '2015', '2016', '2017']",5.0,8.0,165.0,mls,mls
eV5DadeAqK,Jordan Faria,2000-06-13,Canada,FW,W,,,2023,5.0,6.0,159.0,mls,mls
eV5DbgOQKn,Ilsinho,1985-10-12,Brazil,MF,W,,AM,"['2016', '2017', '2018', '2019', '2020', '2021']",5.0,10.0,179.0,mls,mls
eV5DjrRQKn,Jack McInerney,1992-08-05,USA,FW,ST,,,"['2013', '2014', '2015', '2016', '2017']",5.0,10.0,152.0,mls,mls
eV5DjyaQKn,Nemanja Nikolic,1987-12-31,Hungary,FW,ST,,,"['2017', '2018', '2019']",5.0,11.0,176.0,mls,mls
eV5Dk7vaMK,Max,2001-05-12,Brazil,MF,CM,,,"['2022', '2023']",,,,mls,mls
eV5Dk92mMK,Kendall Burks,1999-10-08,USA,DF,CB,,,"['2022', '2023']",,,,mls,mls
eV5DkE9OMK,Joshua Santiago,2007-01-18,USA,,,,,{},,,,mls,mls
eV5DkWbZMK,Matteo Schiavoni,2005-04-09,USA,,,,,{},,,,mls,mls
eV5DkdWnMK,Cassius Mailula,2001-06-12,South Africa,FW,W,,,"['2023', '2024']",,,,mls,mls
eV5DkvNOMK,Stuart Hawkins,2006-09-18,USA,DF,CB,,,"['2025', '2026']",6.0,0.0,146.0,mls,mls
eV5DkwDaMK,Jack Neeley,2005-03-11,USA,DF,FB,,,2025,6.0,1.0,170.0,mls,mls
eV5DkxpAMK,Nariman Akhundzade,2004-04-23,Azerbaijan,MF,W,,,2026,,,,mls,mls
eV5Dky89MK,Nelson Palacio,2001-06-16,Colombia,MF,DM,,CM,"['2023', '2024', '2025']",5.0,9.0,176.0,mls,mls
eV5DkyKOMK,Elias Saad,1999-12-27,Tunisia,MF,W,,,2026,6.0,1.0,176.0,mls,mls
eV5DpPa5Kn,Robert Lewandowski,1988-08-21,Poland,FW,ST,,,2026,6.0,0.0,176.0,mls,mls
eV5DxNn5Kn,Toni Dovale,1990-04-04,Spain,FW,W,,,2014,5.0,8.0,154.0,mls,mls
eV5Dy9OqKn,Gabriel Torres,1988-10-31,Panama,FW,ST,MF,W,"['2013', '2014', '2015']",5.0,11.0,165.0,mls,mls
eV5DyJmqKn,Ante Jazic,1976-02-27,Canada,,,,,{},5.0,11.0,176.0,mls,mls
eV5Dz67ZQK,Jovan Lukić,2002-01-20,Serbia,MF,CM,,,"['2025', '2026']",5.0,11.0,161.0,mls,mls
eV5Dz7maQK,Jacob Castro,1999-12-18,USA,,,,,{},6.0,4.0,179.0,mls,mls
eV5DzBzEQK,Jackson Castro,2002-12-24,USA,MF,CM,,,2025,5.0,8.0,150.0,mls,mls
eV5DzD0ZQK,Dennis Gjengaar,2004-02-24,Norway,MF,W,,,"['2024', '2025']",,,,mls,mls
eV5DzJgOQK,Caleb Wiley,2004-12-22,USA,DF,FB,,,"['2022', '2023', '2024']",5.0,10.0,161.0,mls,mls
eV5DzXREQK,Emanuel Maciel,1997-03-28,Argentina,MF,CM,,,"['2020', '2021']",5.0,11.0,,mls,mls
eV5DzXvnQK,Brayan Vera,1999-01-15,Colombia,DF,CB,,,"['2023', '2024', '2025', '2026']",5.0,11.0,,mls,mls
eV5DzeZaQK,Léo Chú,2000-04-06,Brazil,MF,W,,,"['2021', '2022', '2023', '2024', '2025']",5.0,10.0,152.0,mls,mls
eV5Dzm8EQK,Kenny Nielsen,2002-02-13,USA,DF,CB,,,"['2025', '2026']",5.0,10.0,,mls,mls
eV5DzmNmQK,Kipp Keller,2000-07-14,USA,DF,CB,,,"['2022', '2023', '2024']",6.0,1.0,181.0,mls,mls
eV5DzmaEQK,Gilbert Fuentes,2002-02-21,USA,MF,W,,,"['2018', '2019', '2020']",5.0,7.0,143.0,mls,mls
eV5Dzr7EQK,CJ Fodrey,2004-02-10,USA,FW,ST,,,"['2023', '2024', '2025', '2026']",6.0,2.0,159.0,mls,mls
eVq32O0D5W,Victor Griffith,2000-12-12,Panama,MF,CM,,,2023,5.0,9.0,,mls,mls
eVq37G6qWO,Razvan Cocis,1983-02-19,Romania,MF,CM,,,"['2014', '2015', '2016']",5.0,11.0,163.0,mls,mls
eVq3EEXMWO,Paulo Nagamura,1983-03-02,Brazil,MF,CM,,,"['2013', '2014', '2015', '2016']",5.0,8.0,154.0,mls,mls
eVq3EEvMWO,Hérculez Gómez,1982-04-06,USA,MF,W,FW,W,"['2015', '2016']",5.0,10.0,165.0,mls,mls
eVq3GnyqWO,Aljaz Struna,1990-08-04,Slovenia,DF,CB,,,"['2019', '2020', '2021']",6.0,2.0,179.0,mls,mls
eVq3Jn65WO,Chance Myers,1987-12-07,USA,DF,FB,,,"['2013', '2014', '2015', '2016', '2017']",6.0,0.0,165.0,mls,mls
eVq3VGn5WO,Zach Loyd,1987-07-18,USA,DF,CB,,FB,"['2013', '2014', '2015', '2016']",5.0,9.0,159.0,mls,mls
eVq3X4wQWO,Hogan Ephraim,1988-03-31,England,MF,W,FW,ST,2013,5.0,9.0,154.0,mls,mls
eVq3YXGMWO,Danny Wilson,1991-12-27,Scotland,DF,CB,,,"['2018', '2019', '2020', '2021', '2022', '2023']",6.0,2.0,174.0,mls,mls
eVq3YmDMWO,Andrew Dykstra,1986-01-02,USA,GK,GK,,,"['2014', '2015', '2016', '2017']",6.0,4.0,196.0,mls,mls
eVq3YxXMWO,Michael Fucito,1986-03-29,USA,FW,ST,,,"['2013', '2014', '2015']",5.0,9.0,165.0,mls,mls
eVq3Z3D5WO,Giorgio Chiellini,1984-08-14,Italy,DF,CB,,,"['2022', '2023']",6.0,2.0,187.0,mls,mls
eVq3a0ZgMW,Maikel Chang,1991-04-18,Cuba,MF,W,,,"['2020', '2021', '2022', '2023', '2024']",5.0,10.0,174.0,mls,mls
eVq3a8XyMW,Ismael Tajouri-Shradi,1994-03-28,Libya,MF,W,,,"['2018', '2019', '2020', '2021', '2022', '2023']",5.0,7.0,152.0,mls,mls
eVq3a8ajMW,Charles Eloundou,1994-12-04,Cameroon,MF,W,,,"['2014', '2015']",5.0,7.0,157.0,mls,mls
eVq3aGEwMW,Devon Sandoval,1991-06-16,USA,FW,ST,,,"['2013', '2014', '2015', '2016']",6.0,1.0,185.0,mls,mls
eVq3aLDvMW,Alvin Jones,1994-09-07,Trinidad & Tobago,DF,FB,,,2020,,,,mls,mls
eVq3aLbnMW,Nicolás Figal,1994-04-03,Argentina,DF,CB,,,"['2020', '2021']",5.0,11.0,141.0,mls,mls
eVq3aVY6MW,Michael Petrasso,1995-07-09,Canada,DF,FB,,,2018,5.0,7.0,141.0,mls,mls
eVq3aaDGMW,David Rocha,1985-02-07,Spain,MF,DM,,W,2016,5.0,10.0,170.0,mls,mls
eVq3aaXVMW,James Bissue,1991-06-15,Ghana,,,,,{},6.0,0.0,161.0,mls,mls
eVq3ak4GMW,Botond Baráth,1992-04-21,Hungary,DF,CB,,,2019,6.0,2.0,165.0,mls,mls
eVq3alzDMW,Mikkel Desler,1995-02-19,Denmark,DF,FB,,,"['2024', '2025', '2026']",6.0,0.0,161.0,mls,mls
eVq3anEgMW,Alexi Gómez,1993-03-04,Peru,DF,FB,MF,W,2018,5.0,9.0,139.0,mls,mls
eVq3apWvMW,Pedro Santos,1988-04-22,Portugal,MF,W,DF,FB,"['2017', '2018', '2019', '2020', '2021', '2022', '2023', '2024']",5.0,10.0,168.0,mls,mls
eVq3aw7XMW,Jordan Hamilton,1996-03-17,Canada,FW,ST,,,"['2014', '2015', '2016', '2017', '2018', '2019', '2020']",6.0,1.0,176.0,mls,mls
eVq3bw65WO,Josh Saunders,1981-03-02,Puerto Rico,GK,GK,,,"['2013', '2015', '2016']",6.0,4.0,212.0,mls,mls
eVq3e2pVMW,Emil Jääskeläinen,2001-03-16,Finland,,,,,{},6.0,3.0,190.0,mls,mls
eVq3eJOwMW,Kevin Pierre,2003-06-21,USA,MF,DM,,,2026,6.0,1.0,185.0,mls,mls
eVq3ejEvMW,Seymour Reid,2008-03-04,Jamaica,FW,ST,,,"['2025', '2026']",,,,mls,mls
eVq3epZwMW,Álvaro Augusto,2005-04-17,Brazil,DF,CB,,,2025,6.0,4.0,,mls,mls
eVq3g1nqWO,Carlos Carmona,1987-02-21,Chile,MF,DM,,,2017,5.0,10.0,150.0,mls,mls
eVq3j1dD5W,Eric Remedi,1995-06-04,Argentina,MF,DM,,CM,"['2018', '2019', '2020', '2021', '2022']",5.0,11.0,157.0,mls,mls
eVq3j29D5W,Víctor Cabrera,1993-02-07,Argentina,DF,CB,,,"['2015', '2016', '2017', '2018', '2019', '2020']",5.0,10.0,176.0,mls,mls
eVq3j3YD5W,Tanner Dieterich,1998-05-04,USA,,,,,{},6.0,0.0,170.0,mls,mls
eVq3j3ly5W,Tony Gallacher,1999-07-23,Scotland,DF,FB,,,2020,5.0,8.0,,mls,mls
eVq3j3oG5W,Graham Smith,1995-11-25,USA,DF,CB,,,"['2018', '2019', '2020']",6.0,3.0,185.0,mls,mls
eVq3j6Zj5W,Erik Sorga,1999-07-08,Estonia,FW,ST,,,"['2020', '2021']",5.0,9.0,150.0,mls,mls
eVq3j7aw5W,Justin McMaster,1999-06-30,USA,MF,W,,,2021,5.0,10.0,163.0,mls,mls
eVq3j7mj5W,Saad Abdul-Salaam,1991-09-08,USA,DF,FB,,,"['2015', '2016', '2017', '2018', '2019', '2020', '2021']",6.0,4.0,185.0,mls,mls
eVq3jBAv5W,Jeremy Ebobisse,1997-02-14,USA,FW,ST,,,"['2017', '2018', '2019', '2020', '2021', '2022', '2023', '2024', '2025', '2026']",6.0,0.0,174.0,mls,mls
eVq3jBjj5W,Tom Barlow,1995-07-08,USA,FW,ST,,,"['2019', '2020', '2021', '2022', '2023', '2024', '2025', '2026']",6.0,2.0,185.0,mls,mls
eVq3jDBG5W,Gustav Berggren,1997-09-07,Sweden,MF,CM,,DM,"['2025', '2026']",6.0,2.0,176.0,mls,mls
eVq3jJV65W,Sega Coulibaly,1996-06-09,France,DF,CB,,,"['2021', '2022', '2023']",,,,mls,mls
eVq3jJYw5W,Jonathan González,1999-04-13,Mexico,MF,DM,,,"['2022', '2026']",5.0,9.0,137.0,mls,mls
eVq3jO1D5W,Rodrigo Pacheco,1996-08-15,Argentina,MF,W,,,2018,5.0,10.0,168.0,mls,mls
eVq3jWLw5W,Nick Firmino,2001-01-30,Brazil,FW,W,,,"['2023', '2024']",5.0,11.0,168.0,mls,mls
eVq3jWWD5W,Kamil Jozwiak,1998-04-22,Poland,MF,W,FW,W,"['2022', '2023']",5.0,9.0,154.0,mls,mls
eVq3jYZv5W,Derrick Jones,1997-03-03,USA,MF,DM,,,"['2017', '2018', '2019', '2020', '2021', '2022', '2023', '2024', '2025']",6.0,4.0,176.0,mls,mls
eVq3jbrg5W,Toyosi Olusanya,1997-10-14,England,FW,ST,,,2025,5.0,9.0,150.0,mls,mls
eVq3jedy5W,Rob Vincent,1990-10-26,England,MF,DM,,CM,"['2016', '2017']",5.0,10.0,174.0,mls,mls
eVq3jgbX5W,Samba,1992-09-23,Guinea-Bissau,DF,CB,,,2016,6.0,1.0,154.0,mls,mls
eVq3jlOX5W,Arun Basuljevic,1995-12-17,USA,,,,,{},5.0,10.0,150.0,mls,mls
eVq3jmnV5W,David Martínez,1998-01-21,Argentina,DF,CB,,,"['2024', '2025']",5.0,11.0,181.0,mls,mls
eVq3jp0X5W,Kyle Venter,1991-03-13,USA,,,,,{},6.0,3.0,192.0,mls,mls
eVq3jpxy5W,Will Pulisic,1998-04-16,USA,,,,,{},5.0,11.0,170.0,mls,mls
eVq3jvxX5W,Rasheed Olabiyi,1990-08-08,Nigeria,MF,CM,,,2015,6.0,0.0,,mls,mls
eVq3jx1g5W,José Guillermo Ortiz,1992-06-20,Costa Rica,FW,ST,,,2017,5.0,8.0,,mls,mls
eVq3jx6G5W,Andrés Cubas,1996-05-11,Paraguay,MF,DM,,CM,"['2022', '2023', '2024', '2025', '2026']",5.0,4.0,132.0,mls,mls
eVq3jxdw5W,Michael Nwiloh,1990-11-10,USA,,,,,{},6.0,3.0,207.0,mls,mls
eVq3jyYV5W,Justen Glad,1997-02-28,USA,DF,CB,,,"['2015', '2016', '2017', '2018', '2019', '2020', '2021', '2022', '2023', '2024', '2025', '2026']",6.0,0.0,146.0,mls,mls
eVq3l8VQWO,Norberto Paparatto,1984-01-03,Argentina,DF,CB,,,"['2014', '2015']",6.0,3.0,181.0,mls,mls
eVq3nBg5WO,Leonardo González,1980-11-21,Costa Rica,DF,FB,,,"['2013', '2014', '2015']",6.0,1.0,174.0,mls,mls
eVq3r1eD5W,Ronald Donkor,2004-11-20,Mali,MF,CM,,,"['2023', '2024', '2025', '2026']",,,,mls,mls
eVq3r1yy5W,Cameron Johnson,,USA,,,,,{},,,,mls,mls
eVq3rBV5WO,Dwayne De Rosario,1978-05-15,Canada,FW,ST,,,"['2013', '2014']",5.0,11.0,165.0,mls,mls
eVq3rBnV5W,Mateo Silvetti,2006-01-14,Argentina,MF,W,,,"['2025', '2026']",5.0,9.0,165.0,mls,mls
eVq3rXzD5W,Ender Echenique,2004-04-02,Venezuela,DF,FB,,,"['2025', '2026']",,,,mls,mls
eVq3rg4y5W,Riyon Tori,2001-09-25,Japan,,,,,{},5.0,9.0,148.0,mls,mls
eVq3rkkw5W,Tomás Avilés,2004-02-03,Argentina,DF,CB,,,"['2023', '2024', '2025', '2026']",6.0,1.0,165.0,mls,mls
eVq3v9n5WO,Olivier Giroud,1986-09-30,France,FW,ST,,,"['2024', '2025']",6.0,4.0,205.0,mls,mls
eVq3vGj5WO,Jean-Baptiste Pierazzi,1985-06-17,France,MF,CM,,,"['2014', '2015']",6.0,1.0,165.0,mls,mls
eVq3wvDqWO,Heath Pearce,1984-08-13,USA,DF,CB,,,"['2013', '2014']",5.0,10.0,176.0,mls,mls
eVq3x19vQW,Daniel Crisostomo,1997-01-16,USA,MF,CM,,,"['2021', '2022', '2023']",5.0,9.0,170.0,mls,mls
eVq3x2B6QW,Dante Polvara,2000-06-21,USA,DF,CB,,,2026,,,,mls,mls
eVq3x93DQW,Diego Rosales,2005-11-01,USA,,,,,{},5.0,11.0,159.0,mls,mls
eVq3xAKwQW,Djevencio van der Kust,2001-04-30,Netherlands,,,,,{},5.0,10.0,,mls,mls
eVq3xE4VQW,Vicente Reyes,2003-11-19,Chile,,,,,{},6.0,0.0,154.0,mls,mls
eVq3xWKgQW,José Caicedo,2002-05-23,Colombia,MF,DM,,,2026,6.0,0.0,174.0,mls,mls
eVq3xXDDQW,Cristian Cásseres Jr,2000-01-20,Venezuela,MF,DM,,CM,"['2018', '2019', '2020', '2021', '2022', '2023']",5.0,9.0,150.0,mls,mls
eVq3xXL6QW,Brian Rodríguez,2000-05-20,Uruguay,FW,W,,,"['2019', '2020', '2021', '2022']",5.0,9.0,150.0,mls,mls
eVq3xb9XQW,Daniel Trejo,1998-04-29,USA,FW,W,,,2022,5.0,9.0,161.0,mls,mls
eVq3xbmgQW,Davó,1999-08-16,Brazil,MF,DM,,,2021,5.0,10.0,150.0,mls,mls
eVq3xeAgQW,Ben Lundgaard,1995-09-25,USA,,,,,{},6.0,5.0,207.0,mls,mls
eVq3xeNXQW,João Moutinho,1998-01-12,Portugal,DF,FB,,,"['2018', '2019', '2020', '2021', '2022']",6.0,0.0,154.0,mls,mls
eVq3xgpwQW,Lamine Diack,2000-11-15,Senegal,MF,W,,,2024,6.0,1.0,,mls,mls
eVq3xk1VQW,Sebastian Berhalter,2001-05-10,USA,MF,CM,,DM,"['2020', '2021', '2022', '2023', '2024', '2025', '2026']",5.0,9.0,154.0,mls,mls
eVq3xkvwQW,Peter Mangione,2001-08-25,USA,,,,,{},5.0,10.0,,mls,mls
eVq3xrLgQW,Nathan Crockford,2002-09-06,USA,,,,,{},6.0,4.0,190.0,mls,mls
eVq3xvxwQW,Kevin Paredes,2003-05-07,USA,DF,FB,,,"['2020', '2021']",5.0,6.0,117.0,mls,mls
eVq3xvygQW,Tega Ikoba,2003-08-14,USA,FW,ST,,,"['2022', '2023', '2024']",6.0,3.0,201.0,mls,mls
eVq3xy3yQW,Trevor Wright,2002-05-29,USA,,,,,{},6.0,3.0,201.0,mls,mls
eVq3xypGQW,Emil Gazdov,2003-09-11,Canada,,,,,{},6.0,2.0,207.0,mls,mls
eVq3xypvQW,Simon Colyn,2002-03-23,Canada,MF,W,,,2018,5.0,9.0,146.0,mls,mls
eVq3y38yMW,Benjamin Cremaschi,2005-03-02,USA,MF,CM,,,"['2023', '2024', '2025']",,,,mls,mls
eVq3y3LXMW,Caleb Swann,2007-02-04,USA,MF,W,,,2026,5.0,7.0,157.0,mls,mls
eVq3y3gjMW,Daniel Baran,2006-09-16,USA,,,,,{},,,,mls,mls
eVq3y6KGMW,David Martínez,2006-02-07,Venezuela,FW,W,,,"['2024', '2025', '2026']",5.0,10.0,150.0,mls,mls
eVq3yPAGMW,Morris Duggan,2000-10-24,Germany,DF,CB,,,"['2024', '2025', '2026']",,,,mls,mls
eVq3yR3yMW,Owen Gene,2003-03-19,France,MF,CM,,,"['2025', '2026']",6.0,1.0,172.0,mls,mls
eVq3ydEvMW,Monsef Bakrar,2001-01-13,Algeria,FW,ST,,,"['2023', '2024', '2025']",6.0,0.0,176.0,mls,mls
eVq3yl2jMW,Victor Eriksson,2000-09-17,Sweden,DF,CB,,,2024,6.0,4.0,,mls,mls
eVq3yp76MW,Alonso Martínez,1998-10-15,Costa Rica,FW,ST,,,"['2023', '2024', '2025']",,,,mls,mls
eVq3yvnvMW,Edward Davis,2006-06-17,USA,FW,ST,,,2025,6.0,0.0,150.0,mls,mls
eVq3zAy5WO,Pablo Álvarez,1980-05-14,Spain,MF,W,,AM,2015,5.0,9.0,148.0,mls,mls
eVq3zmy5WO,Hassoun Camara,1984-02-03,France,DF,FB,,,"['2013', '2014', '2015', '2016', '2017']",6.0,2.0,192.0,mls,mls
eVq3zwj5WO,Christian Fuchs,1986-04-07,Austria,DF,FB,,CB,2022,6.0,2.0,196.0,mls,mls
gOMn2geJMw,Bryce Washington,1998-09-12,USA,,,,,{},6.0,3.0,181.0,mls,mls
gOMn2jBXMw,Alec Smir,1999-04-13,USA,GK,GK,,,"['2024', '2025']",,,,mls,mls
gOMn2jvJMw,Kevin Partida,1995-03-10,USA,DF,FB,,,"['2018', '2019']",5.0,8.0,150.0,mls,mls
gOMn3Wx5wN,Damien Perrinelle,1983-09-12,France,DF,CB,,,"['2014', '2015', '2016', '2017']",6.0,1.0,172.0,mls,mls
gOMn4PlqwN,Rodney Wallace,1988-06-17,Costa Rica,MF,W,FW,W,"['2013', '2014', '2015', '2017', '2018', '2019']",6.0,0.0,165.0,mls,mls
gOMn66nAMw,Alex Ring,1991-04-09,Finland,MF,DM,,,"['2017', '2018', '2019', '2020', '2021', '2022', '2023', '2024']",5.0,10.0,161.0,mls,mls
gOMn6DwAMw,Joseph Holland,1993-04-20,England,MF,W,,,2017,5.0,10.0,170.0,mls,mls
gOMn6KnxMw,Greg Garza,1991-08-16,USA,DF,FB,,,"['2017', '2018', '2019', '2020']",5.0,8.0,146.0,mls,mls
gOMn6NBlMw,Yaw Yeboah,1997-03-28,Ghana,DF,FB,,,"['2022', '2023', '2024', '2025']",5.0,9.0,154.0,mls,mls
gOMn6ObBMw,Joe Gyau,1992-09-16,USA,DF,FB,MF,W,"['2019', '2020', '2021']",5.0,9.0,165.0,mls,mls
gOMn6OlmMw,Ryan Meara,1990-11-15,USA,GK,GK,,,"['2015', '2018', '2019', '2020', '2022', '2024']",6.0,4.0,185.0,mls,mls
gOMn6X0eMw,Mikey Ambrose,1993-10-05,USA,DF,FB,,,"['2016', '2017', '2018', '2019', '2020', '2021', '2022']",5.0,9.0,165.0,mls,mls
gOMn6Z1lMw,Quillan Roberts,1994-09-13,Canada,,,,,{},6.0,0.0,194.0,mls,mls
gOMn6d48Mw,Andrea Mancini,1992-08-13,Italy,,,,,{},5.0,10.0,157.0,mls,mls
gOMn6djxMw,Jimmy McLaughlin,1993-04-30,USA,DF,CB,MF,DM,"['2014', '2015', '2020']",5.0,8.0,137.0,mls,mls
gOMn6eOBMw,Timo Werner,1996-03-06,Germany,MF,W,,,2026,5.0,11.0,168.0,mls,mls
gOMn6jW8Mw,Júnior Alonso,1993-02-09,Paraguay,DF,CB,,,2026,6.0,1.0,183.0,mls,mls
gOMn6kVXMw,Luke Mulholland,1988-08-07,England,MF,CM,,DM,"['2014', '2015', '2016', '2017', '2018', '2019']",5.0,9.0,152.0,mls,mls
gOMn6lJmMw,Jake Gleeson,1990-06-26,New Zealand,GK,GK,,,"['2015', '2016', '2017', '2018']",6.0,3.0,201.0,mls,mls
gOMn6ldmMw,Chris Korb,1987-10-08,USA,DF,FB,,,"['2013', '2014', '2015', '2017']",5.0,9.0,161.0,mls,mls
gOMn6lylMw,Joe Willis,1988-08-10,USA,GK,GK,,,"['2013', '2015', '2016', '2017', '2018', '2019', '2020', '2021', '2022', '2023', '2024', '2025']",6.0,5.0,192.0,mls,mls
gOMn6m3OMw,Federico Bravo,1993-10-05,Argentina,MF,DM,,CM,2016,6.0,1.0,181.0,mls,mls
gOMn6n8XMw,Christian Ramírez,1991-04-04,USA,FW,ST,,,"['2017', '2018', '2019', '2020', '2021', '2023', '2024', '2025', '2026']",6.0,2.0,187.0,mls,mls
gOMn6oPAMw,Federico Bernardeschi,1994-02-16,Italy,FW,W,,,"['2022', '2023', '2024', '2025']",6.0,1.0,170.0,mls,mls
gOMn6vAOMw,Shawn Sloan,1990-11-24,USA,,,,,{},5.0,11.0,165.0,mls,mls
gOMn6vBBMw,Erik Hurtado,1990-11-15,USA,FW,ST,,,"['2013', '2014', '2015', '2016', '2017', '2018', '2019', '2020', '2021', '2022', '2023']",5.0,10.0,181.0,mls,mls
gOMn6vzOMw,Adam Jahn,1991-01-05,USA,FW,ST,,,"['2013', '2014', '2015', '2016', '2017', '2018', '2020']",6.0,3.0,185.0,mls,mls
gOMn6w4eMw,Andy Craven,1992-01-21,USA,FW,ST,,,2015,5.0,11.0,168.0,mls,mls
gOMn6yyXMw,Éver Alvarado,1992-01-30,Honduras,FW,W,,,2016,5.0,10.0,,mls,mls
gOMn6zeOMw,Diego Rodríguez,1991-01-08,Uruguay,DF,CB,,,2015,6.0,3.0,168.0,mls,mls
gOMnB3AMwN,Corey Ashe,1986-03-14,USA,DF,FB,,,"['2013', '2014', '2015', '2016']",5.0,7.0,154.0,mls,mls
gOMnBb8MwN,James Riley,1982-10-27,USA,DF,FB,,,"['2013', '2014', '2015']",5.0,10.0,152.0,mls,mls
gOMnBnmMwN,Johnny Russell,1990-04-08,Scotland,FW,W,,,"['2018', '2019', '2020', '2021', '2022', '2023', '2024', '2025']",5.0,10.0,154.0,mls,mls
gOMnJm6MwN,Nedum Onuoha,1986-11-12,England,DF,CB,,,"['2018', '2019', '2020']",6.0,0.0,207.0,mls,mls
gOMnPAOqwN,Laurent Courtois,1978-09-11,France,MF,W,,CM,2013,5.0,8.0,154.0,mls,mls
gOMnR08XMw,Joaquín Ardáiz,1999-01-11,Uruguay,FW,ST,,,2019,6.0,0.0,179.0,mls,mls
gOMnR0BmMw,Erik Holt,1996-09-06,USA,DF,CB,,,"['2019', '2020', '2021', '2022', '2023']",6.0,1.0,163.0,mls,mls
gOMnR0w8Mw,Christopher Wehan,1994-01-29,USA,MF,W,,,2018,5.0,9.0,141.0,mls,mls
gOMnR0wlMw,Julian Gressel,1993-12-16,Germany,DF,FB,,,"['2017', '2018', '2019', '2020', '2021', '2022', '2023', '2024', '2025', '2026']",6.0,1.0,209.0,mls,mls
gOMnR16JMw,Anthony Fontana,1999-10-14,USA,MF,AM,,,"['2018', '2019', '2020', '2021']",5.0,10.0,161.0,mls,mls
gOMnR17eMw,Kingsley Bryce,1993-04-16,USA,,,,,{},6.0,0.0,183.0,mls,mls
gOMnR1D8Mw,Otis Earle,1992-01-17,England,,,,,{},6.0,1.0,170.0,mls,mls
gOMnR22JMw,George Malki,1992-04-21,USA,,,,,{},5.0,11.0,165.0,mls,mls
gOMnR2NmMw,Andreas Ivan,1995-01-10,Germany,MF,W,,,"['2018', '2019']",5.0,10.0,148.0,mls,mls
gOMnR6e6Mw,Nick Lima,1994-11-17,USA,DF,FB,,,"['2017', '2018', '2019', '2020', '2021', '2022', '2023', '2024', '2025']",5.0,9.0,176.0,mls,mls
gOMnR96lMw,Alex Muyl,1995-09-30,USA,MF,W,,,"['2016', '2017', '2018', '2019', '2020', '2021', '2022', '2023', '2024', '2025', '2026']",5.0,11.0,174.0,mls,mls
gOMnR9bXMw,Tom Pearce,1998-04-12,England,DF,FB,MF,W,"['2024', '2025']",6.0,1.0,,mls,mls
gOMnRE1JMw,Bryan Reynolds,2001-06-28,USA,DF,FB,,,"['2019', '2020']",6.0,2.0,165.0,mls,mls
gOMnRE8BMw,Marcel Hartel,1996-01-19,Germany,MF,AM,,,"['2024', '2025', '2026']",5.0,10.0,150.0,mls,mls
gOMnREolMw,Shannon Gomez,1996-10-05,Trinidad & Tobago,,,,,{},,,,mls,mls
gOMnRK4xMw,Miguel Camargo,1993-09-05,,FW,W,,,2017,5.0,11.0,170.0,mls,mls
gOMnRNm8Mw,Jeisson Vargas,1997-09-15,Chile,FW,ST,,,2018,5.0,7.0,150.0,mls,mls
gOMnRPlOMw,Alejandro Zendejas,1998-02-07,USA,MF,W,,,2015,5.0,5.0,146.0,mls,mls
gOMnRPxXMw,Michael Barrios,1991-04-21,Colombia,MF,W,,,"['2015', '2016', '2017', '2018', '2019', '2020', '2021', '2022', '2023']",5.0,4.0,135.0,mls,mls
gOMnRVm8Mw,Nicolás Stefanelli,1994-11-22,Argentina,MF,W,,AM,2023,5.0,5.0,159.0,mls,mls
gOMnRmNmMw,Ian Hoffman,2001-09-08,USA,DF,FB,,,2021,5.0,7.0,135.0,mls,mls
gOMnRnO8Mw,Thomas Hasal,1999-07-09,Canada,GK,GK,,,"['2020', '2021', '2022', '2023', '2024', '2025', '2026']",6.0,3.0,170.0,mls,mls
gOMnRpBOMw,Alex Kapp,1994-10-18,USA,,,,,{},6.0,1.0,187.0,mls,mls
gOMnRrJxMw,Pity Martínez,1993-06-13,Argentina,MF,AM,,,"['2019', '2020']",5.0,7.0,148.0,mls,mls
gOMnRxreMw,Andre Shinyashiki,1997-06-11,Brazil,MF,W,,,"['2019', '2020', '2021', '2022', '2023']",5.0,9.0,152.0,mls,mls
gOMnRzp8Mw,Jacori Hayes,1995-06-28,USA,MF,DM,,CM,"['2017', '2018', '2019', '2020', '2021', '2022']",5.0,9.0,150.0,mls,mls
gOMnRzymMw,James Pantemis,1997-02-21,Canada,GK,GK,,,"['2020', '2021', '2022', '2023', '2024', '2025', '2026']",6.0,2.0,168.0,mls,mls
gOMnXVOqwN,John Bostock,1992-01-15,England,MF,W,,,2013,5.0,10.0,165.0,mls,mls
gOMnY6XOQw,Moises Castillo Mosquera,2001-05-24,Colombia,DF,CB,,,2026,6.0,2.0,176.0,mls,mls
gOMnYNjlQw,Stiven Jimenez,2007-06-24,USA,MF,CM,,,"['2023', '2024', '2025', '2026']",,,,mls,mls
gOMnYNmXQw,Owen Anderson,2007-06-06,USA,,,,,{},,,,mls,mls
gOMnYVweQw,Gonzalo Lujan,2001-04-07,Argentina,DF,CB,,,"['2025', '2026']",,,,mls,mls
gOMnYZnAQw,Mamadou Fall,2002-11-21,Senegal,DF,CB,,,"['2021', '2022', '2023', '2026']",6.0,2.0,163.0,mls,mls
gOMnYnlxQw,Allen Obando,2006-06-13,Ecuador,FW,ST,,,2025,,,,mls,mls
gOMnYwGJQw,Kellan LeBlanc,2008-03-17,USA,,,,,{},,,,mls,mls
gOMnYzdxQw,Tsiki Ntsabeleng,1998-02-09,South Africa,MF,CM,,,"['2022', '2023', '2024', '2025']",5.0,7.0,159.0,mls,mls
gOMna9OOQw,Forster Ajago,2001-08-16,Ghana,FW,ST,,,"['2024', '2025']",,,,mls,mls
gOMnaJEJQw,Tomas Pondeca,2001-02-10,USA,MF,AM,,CM,2024,,,,mls,mls
gOMnaJwAQw,Damario McIntosh,,USA,,,,,{},,,,mls,mls
gOMnaOzBQw,Santiago Pita,2007-06-01,USA,,,,,{},,,,mls,mls
gOMnamAQwN,Carlos Ruiz,1979-09-15,Guatemala,FW,ST,,,"['2013', '2016']",5.0,9.0,146.0,mls,mls
gOMnbn8MwN,Yannick Boli,1988-01-13,France,FW,ST,,,2018,6.0,0.0,161.0,mls,mls
gOMnd9ROqw,Ayoub Lajhar,2004-07-10,Libya,DF,FB,,,2026,6.0,0.0,,mls,mls
gOMndX0Jqw,Ricky Louis,2004-10-04,Haiti,MF,AM,,,2026,6.0,2.0,,mls,mls
gOMndYAxqw,Troy Putt,2006-09-27,New Zealand,MF,W,,,2026,,,,mls,mls
gOMngPA5wN,Oswaldo Minda,1983-07-26,Ecuador,MF,CM,,DM,"['2013', '2014']",6.0,0.0,174.0,mls,mls
gOMnl3Yxqw,Beckham Sunderland,2003-06-30,USA,,,,,{},,,,mls,mls
gOMnl3ZXqw,Marcelo Weigandt,2000-01-11,Argentina,DF,FB,,,"['2024', '2025']",5.0,7.0,163.0,mls,mls
gOMnl3y6qw,Jeong Sang-Bin,2002-04-01,South Korea,MF,W,,,"['2023', '2024', '2025', '2026']",5.0,8.0,150.0,mls,mls
gOMnl4n6qw,Antonio Leone,2004-04-28,USA,,,,,{},6.0,0.0,174.0,mls,mls
gOMnl6Nmqw,Matúš Kmeť,2000-06-27,Slovakia,,,,,{},5.0,8.0,152.0,mls,mls
gOMnl6zBqw,Osaze De Rosario,2001-07-19,Canada,FW,ST,,,"['2025', '2026']",,,,mls,mls
gOMnl78qwN,Emanuel Pogatetz,1983-01-16,Austria,DF,CB,,,"['2014', '2015']",6.0,3.0,198.0,mls,mls
gOMnl7PAqw,Piero Elias,2002-09-08,USA,MF,W,,,2024,,,,mls,mls
gOMnlA96qw,Chris Brady,2004-03-03,USA,GK,GK,,,"['2022', '2023', '2024', '2025', '2026']",6.0,3.0,170.0,mls,mls
gOMnlGZmqw,Mohamed Farsi,1999-12-16,Canada,DF,FB,,,"['2022', '2023', '2024', '2025', '2026']",5.0,10.0,152.0,mls,mls
gOMnlGbAqw,Phillip Mayaka,2000-11-30,USA,,,,,{},5.0,7.0,,mls,mls
gOMnlKNeqw,Liel Abada,2001-10-03,Israel,MF,W,,,"['2024', '2025', '2026']",5.0,5.0,,mls,mls
gOMnlNzlqw,Luke Hille,2003-02-19,USA,MF,W,,,2025,5.0,11.0,152.0,mls,mls
gOMnlWY8qw,Jaziel Orozco,2004-06-02,USA,DF,CB,,FB,"['2022', '2025', '2026']",,,,mls,mls
gOMnlXymqw,Pablo Bonilla,1999-12-02,Venezuela,DF,FB,,,"['2020', '2021', '2022', '2023']",5.0,8.0,154.0,mls,mls
gOMnlYO6qw,Roberto Avila,2000-10-16,USA,MF,W,,,2022,5.0,8.0,143.0,mls,mls
gOMnlYPAqw,Damiano Pecile,2002-04-11,Canada,FW,ST,,,2020,5.0,10.0,161.0,mls,mls
gOMnld7xqw,Paul Christensen,1996-04-15,USA,GK,GK,,,2018,6.0,1.0,190.0,mls,mls
gOMnldW8qw,Ema Twumasi,1997-05-18,Ghana,DF,FB,,,"['2018', '2019', '2020', '2021', '2022', '2023', '2024']",6.0,0.0,161.0,mls,mls
gOMnlp9eqw,Matti Peltola,2002-07-03,Finland,MF,CM,,DM,"['2024', '2025', '2026']",6.0,1.0,,mls,mls
gOMnlpeXqw,Jack Gurr,1995-11-26,England,DF,FB,,,2021,5.0,8.0,161.0,mls,mls
gOMnlpw8qw,Juninho,2001-01-23,Brazil,MF,DM,,,2023,5.0,9.0,170.0,mls,mls
gOMnlrDeqw,George Campbell,2001-06-22,USA,DF,CB,,,"['2020', '2021', '2022', '2023', '2024', '2025']",6.0,2.0,174.0,mls,mls
gOMnlwnJqw,Emil Cuello,1997-01-02,USA,MF,W,,AM,"['2019', '2020']",5.0,11.0,165.0,mls,mls
gOMnv0OMwN,Andraz Struna,1989-04-23,Slovenia,DF,FB,,,2017,6.0,1.0,159.0,mls,mls
gOMnv1XMwN,Magnus Eriksson,1990-04-08,Sweden,MF,W,,,"['2018', '2019', '2020']",5.0,11.0,174.0,mls,mls
gOMnvaBMwN,Samuel Inkoom,1989-06-01,Ghana,MF,W,DF,FB,2014,5.0,10.0,165.0,mls,mls
gOMnvdxMwN,Adrian Winter,1988-07-08,Switzerland,MF,W,,,"['2015', '2016']",5.0,10.0,165.0,mls,mls
gOMnz3xMwN,Boniek García,1984-09-04,Honduras,MF,CM,,,"['2013', '2014', '2015', '2016', '2017', '2018', '2019', '2020', '2021']",5.0,9.0,152.0,mls,mls
gOMnzEOMwN,Andrés Romero,1989-12-21,Argentina,MF,W,,,"['2013', '2014', '2015', '2017']",5.0,10.0,161.0,mls,mls
gjMN37Y5Kp,Winston Reid,1988-07-03,New Zealand,DF,CB,,,2020,6.0,3.0,192.0,mls,mls
gjMN3W45Kp,Kenneth Kronholm,1985-10-14,Germany,GK,GK,,,"['2019', '2020']",6.0,2.0,183.0,mls,mls
gjMN614vMK,Ramiro Enrique,2001-05-04,Argentina,FW,ST,,,"['2023', '2024', '2025']",,,,mls,mls
gjMN694KMK,Abdoul Zanne,2003-02-18,Ivory Coast,FW,ST,,,2022,5.0,5.0,130.0,mls,mls
gjMN69KMKp,Wayne Rooney,1985-10-24,England,FW,ST,,,"['2018', '2019']",5.0,9.0,183.0,mls,mls
gjMN6B9KMK,Mateja Djordjevic,2003-01-17,Serbia,DF,CB,,,"['2025', '2026']",,,,mls,mls
gjMN6gkKMK,Felipe Andrade,2002-05-29,Brazil,DF,FB,,,"['2025', '2026']",,,152.0,mls,mls
gjMN6r64MK,Lucas Bartlett,1997-07-26,USA,DF,CB,,,"['2023', '2024', '2025', '2026']",6.0,3.0,201.0,mls,mls
gjMN6wzjMK,Favian Loyola,2005-05-18,USA,MF,AM,,,2023,,,,mls,mls
gjMN7Xz05K,Gage Guerra,2002-12-21,USA,FW,ST,,,"['2025', '2026']",5.0,10.0,181.0,mls,mls
gjMNBo4MKp,Roy Miller,1984-11-24,Costa Rica,DF,FB,,CB,"['2013', '2014', '2015', '2017']",6.0,2.0,168.0,mls,mls
gjMNGDY5Kp,Luis Bolaños,1985-03-27,Ecuador,MF,W,,,2014,5.0,9.0,143.0,mls,mls
gjMNKgv5Kp,Samuel Ochoa,1986-09-04,USA,FW,ST,,,2013,6.0,0.0,190.0,mls,mls
gjMNNDjMKp,Tony Taylor,1989-07-13,USA,FW,W,,,"['2014', '2015', '2016']",6.0,0.0,172.0,mls,mls
gjMNNgKMKp,Mekeil Williams,1990-07-24,Trinidad & Tobago,DF,FB,,,"['2016', '2017']",5.0,9.0,,mls,mls
gjMNPnpqKp,Kyle Beckerman,1982-04-23,USA,MF,DM,,,"['2013', '2014', '2015', '2016', '2017', '2018', '2019', '2020']",5.0,11.0,165.0,mls,mls
gjMNR0vBMK,Patrick Seagrist,1998-02-21,USA,DF,FB,,,2020,6.0,0.0,174.0,mls,mls
gjMNR790MK,José Bizama,1994-06-25,Chile,DF,FB,,,"['2019', '2020', '2021']",5.0,11.0,154.0,mls,mls
gjMNR8xjMK,Tyler Miller,1993-03-12,USA,GK,GK,,,"['2016', '2017', '2018', '2019', '2020', '2021', '2022', '2023', '2024']",6.0,4.0,194.0,mls,mls
gjMNRBVDMK,Ben Mines,2000-05-13,USA,MF,W,,,"['2018', '2020']",5.0,9.0,141.0,mls,mls
gjMNRGojMK,Guilherme,1995-04-13,Brazil,MF,W,FW,W,2026,5.0,10.0,143.0,mls,mls
gjMNRJkkMK,Joshua Smith,1992-03-10,USA,DF,CB,,,2017,,,,mls,mls
gjMNRVXYMK,Silvester van der Water,1996-09-30,Netherlands,MF,W,,,"['2021', '2022']",6.0,0.0,163.0,mls,mls
gjMNRZE3MK,Stefan Cleveland,1994-05-25,USA,GK,GK,,,"['2018', '2021', '2022', '2023', '2026']",6.0,2.0,185.0,mls,mls
gjMNRZZYMK,Ricardo Pérez,1995-05-30,USA,,,,,{},5.0,10.0,161.0,mls,mls
gjMNReABMK,Marcelino Moreno,1994-06-25,Argentina,MF,AM,,,"['2020', '2021', '2022']",5.0,6.0,143.0,mls,mls
gjMNRerBMK,Hirving Lozano,1995-07-30,Mexico,FW,W,,,2025,5.0,9.0,154.0,mls,mls
gjMNRl1pMK,Alex Gersbach,1997-05-08,Australia,DF,FB,,,2023,6.0,0.0,161.0,mls,mls
gjMNRlApMK,Ronaldo Cisneros,1997-01-08,Mexico,FW,ST,,,2022,5.0,10.0,154.0,mls,mls
gjMNRpYYMK,Gordon Wild,1995-10-16,Germany,MF,AM,FW,ST,2020,5.0,10.0,165.0,mls,mls
gjMNRrgvMK,Liam Fraser,1998-02-13,Canada,MF,CM,,DM,"['2018', '2019', '2020', '2021', '2023', '2024']",6.0,1.0,179.0,mls,mls
gjMNRvwBMK,Spencer Richey,1992-05-30,USA,GK,GK,,,"['2017', '2019', '2020', '2021', '2022', '2023', '2024']",6.0,1.0,194.0,mls,mls
gjMNRxjvMK,Maximiliano Falcón,1997-05-01,Uruguay,DF,CB,,,"['2025', '2026']",,,,mls,mls
gjMNWyv5Kp,Diego Calderón,1986-10-26,Ecuador,DF,CB,,,2013,5.0,11.0,174.0,mls,mls
gjMNbgpMKp,Daniele Paponi,1988-04-16,Italy,FW,ST,,,2013,5.0,10.0,146.0,mls,mls
gjMNeXBpQK,Roman Celentano,2000-09-14,USA,GK,GK,,,"['2022', '2023', '2024', '2025', '2026']",,,,mls,mls
gjMNjAK4MK,Edward Kizza,1998-12-17,Uganda,FW,ST,,,2021,,,,mls,mls
gjMNjAd0MK,Cristian Olivera,2002-04-17,Uruguay,FW,W,,,"['2023', '2024']",5.0,9.0,170.0,mls,mls
gjMNjJbkMK,Jacob Bartlett,2005-10-07,USA,MF,DM,,,"['2025', '2026']",,,,mls,mls
gjMNjOvvMK,Slade Starnes,2003-10-10,USA,,,,,{},,,,mls,mls
gjMNjPx4MK,Carter Manley,1996-04-29,USA,DF,FB,,,"['2018', '2019']",5.0,11.0,170.0,mls,mls
gjMNjRAKMK,John Harms,2002-03-01,USA,,,,,{},6.0,1.0,181.0,mls,mls
gjMNjWyKMK,Alex Freeman,2004-08-09,USA,DF,FB,,,"['2023', '2024', '2025']",6.0,2.0,,mls,mls
gjMNjY0kMK,Dominik Fitz,1999-06-16,Austria,FW,ST,,,"['2025', '2026']",5.0,9.0,148.0,mls,mls
gjMNjY14MK,Diego Campos,1995-10-01,Costa Rica,DF,FB,,,"['2018', '2019']",5.0,10.0,170.0,mls,mls
gjMNjnavMK,Alex Rando,2001-04-15,USA,,,,,{},6.0,3.0,185.0,mls,mls
gjMNjxPBMK,Ian Pilcher,2003-03-21,USA,DF,CB,,FB,"['2025', '2026']",,,,mls,mls
gjMNrO3MKp,Diego Valeri,1986-05-01,Argentina,MF,AM,,,"['2013', '2014', '2015', '2016', '2017', '2018', '2019', '2020', '2021']",5.0,10.0,165.0,mls,mls
gjMNrbKMKp,Christian Benteke,1990-12-03,Belgium,FW,ST,,,"['2022', '2023', '2024', '2025']",6.0,3.0,183.0,mls,mls
gjMNv0DBMK,Joao Meira,1987-04-30,Portugal,DF,CB,,,"['2016', '2017']",6.0,1.0,170.0,mls,mls
gjMNv4DpMK,Alexander Hack,1993-09-08,Germany,DF,CB,,,2025,6.0,4.0,194.0,mls,mls
gjMNv4J4MK,Caleb Calvert,1996-10-22,USA,FW,ST,MF,W,"['2016', '2017', '2018']",6.0,2.0,161.0,mls,mls
gjMNv7PpMK,Aníbal Godoy,1990-02-10,Panama,MF,CM,,,"['2015', '2016', '2017', '2018', '2019', '2020', '2021', '2022', '2023', '2024', '2025', '2026']",5.0,11.0,159.0,mls,mls
gjMNv8gBMK,Patrick Mullins,1992-02-05,USA,FW,ST,,,"['2014', '2015', '2016', '2017', '2018', '2019', '2020', '2021']",6.0,1.0,174.0,mls,mls
gjMNvD9vMK,Brian Span,1992-02-23,USA,,,,,{},6.0,1.0,187.0,mls,mls
gjMNvDAkMK,Greg Klazura,1989-01-27,USA,DF,FB,,CB,2013,5.0,11.0,165.0,mls,mls
gjMNvE1KMK,Manolo Sánchez,1991-11-10,USA,MF,W,,,2015,6.0,0.0,205.0,mls,mls
gjMNvEXkMK,Dennis Castillo,1993-04-30,Costa Rica,DF,FB,,,"['2016', '2017']",5.0,10.0,168.0,mls,mls
gjMNvJR4MK,Paddy McNair,1995-04-27,Northern Ireland,DF,CB,,,2025,6.0,0.0,159.0,mls,mls
gjMNvLRpMK,Octavio Rivero,1992-01-24,Uruguay,FW,ST,,,"['2015', '2016']",6.0,2.0,176.0,mls,mls
gjMNvObkMK,Mandela Egbo,1997-08-17,England,DF,FB,,,"['2020', '2021']",5.0,11.0,163.0,mls,mls
gjMNvP63MK,Xavier Kouassi,1989-12-28,Ivory Coast,MF,DM,,,2017,5.0,9.0,152.0,mls,mls
gjMNvV70MK,Ben Lundt,1995-09-24,Germany,GK,GK,,,"['2023', '2024', '2025', '2026']",6.0,6.0,214.0,mls,mls
gjMNvVKDMK,Connor Hallisey,1993-02-09,USA,FW,W,,,"['2015', '2016']",5.0,10.0,154.0,mls,mls
gjMNvZdBMK,Yamil Asad,1994-07-27,Argentina,MF,W,,,"['2017', '2018', '2020', '2021', '2023', '2024']",5.0,10.0,163.0,mls,mls
gjMNvg3KMK,Luís Martins,1992-06-10,Portugal,DF,FB,,,"['2019', '2020', '2021', '2022', '2023', '2024']",5.0,10.0,148.0,mls,mls
gjMNvjYvMK,Darlington Nagbe,1990-07-19,Liberia,MF,CM,,,"['2013', '2014', '2015', '2016', '2017', '2018', '2019', '2020', '2021', '2022', '2023', '2024', '2025']",5.0,9.0,165.0,mls,mls
gjMNvnjDMK,Dario Župarić,1992-05-03,Croatia,DF,CB,,,"['2020', '2021', '2022', '2023', '2024', '2025']",6.0,2.0,187.0,mls,mls
gjMNvrO4MK,Steven Moreira,1994-08-13,France,DF,CB,,FB,"['2021', '2022', '2023', '2024', '2025', '2026']",5.0,11.0,161.0,mls,mls
gjMNvzNjMK,Chris Cadden,1996-09-19,Scotland,DF,FB,,,2020,6.0,0.0,168.0,mls,mls
gjMNzJ0MKp,Ben Zemanski,1988-05-12,USA,MF,DM,,,"['2013', '2014', '2016', '2017']",5.0,11.0,152.0,mls,mls
gpMO1aRqzy,Ramiro Corrales,1977-03-12,USA,MF,W,,,2013,6.0,0.0,181.0,mls,mls
gpMO1mnqzy,Jermaine Jones,1981-11-03,USA,MF,DM,,,"['2014', '2015', '2016', '2017']",6.0,0.0,172.0,mls,mls
gpMO1r1yqz,Jesús Barea,2002-04-28,Spain,FW,ST,MF,W,"['2025', '2026']",,,,mls,mls
gpMO40E5zy,Ignacio Piatti,1985-02-04,Argentina,FW,W,,,"['2014', '2015', '2016', '2017', '2018', '2019']",5.0,11.0,170.0,mls,mls
gpMO4XD5zy,Óscar Ustari,1986-07-03,Argentina,GK,GK,,,"['2024', '2025']",6.0,0.0,181.0,mls,mls
gpMO8m25zy,Kenneth Vermeer,1986-01-10,Netherlands,GK,GK,,,"['2020', '2021']",5.0,11.0,172.0,mls,mls
gpMOJRRQzy,Saphir Taïder,1992-02-29,Algeria,MF,CM,,,"['2018', '2019', '2020']",5.0,11.0,161.0,mls,mls
gpMOL01y5z,Lucas Sanabria,2003-12-26,Uruguay,MF,CM,,DM,"['2025', '2026']",5.0,10.0,161.0,mls,mls
gpMOL0G15z,Matthew Bell,2002-08-27,Jamaica,MF,W,,,2024,6.0,0.0,,mls,mls
gpMOL68O5z,Adolfo Enriquez,2006-04-16,USA,MF,AM,,,2024,,,,mls,mls
gpMOLX225z,Joaquín Valiente,2001-04-13,Uruguay,MF,W,,AM,2026,5.0,5.0,148.0,mls,mls
gpMOLj2r5z,Nicklaus Sullivan,2002-07-21,USA,DF,FB,,,2025,,,,mls,mls
gpMOLml5zy,Bastian Schweinsteiger,1984-08-01,Germany,DF,CB,,,"['2017', '2018', '2019']",6.0,0.0,174.0,mls,mls
gpMOR92Qzy,Agustín Viana,1983-08-23,Uruguay,DF,FB,,,"['2013', '2014']",5.0,11.0,165.0,mls,mls
gpMOV4DQzy,Troy Perkins,1981-07-29,USA,GK,GK,,,"['2013', '2014', '2015']",6.0,2.0,190.0,mls,mls
gpMOV7DQzy,Michael Parkhurst,1984-01-24,USA,DF,CB,,,"['2014', '2015', '2016', '2017', '2018', '2019']",5.0,11.0,161.0,mls,mls
gpMOW7DMzy,Chad Marshall,1984-08-22,USA,DF,CB,,,"['2013', '2014', '2015', '2016', '2017', '2018', '2019']",6.0,4.0,192.0,mls,mls
gpMOZk2Qzy,Geoffrey Castillion,1991-05-25,Netherlands,FW,ST,,,2014,6.0,3.0,172.0,mls,mls
gpMOa0D1qz,Marcelo Palomino,2001-05-21,USA,MF,DM,,,2020,5.0,7.0,154.0,mls,mls
gpMOa0lnqz,Luiz Araújo,1996-06-02,Brazil,MF,W,,,"['2021', '2022', '2023']",5.0,9.0,154.0,mls,mls
gpMOa0y1qz,Christopher Gloster,2000-07-28,USA,DF,FB,,,"['2021', '2022']",,,,mls,mls
gpMOa1XOqz,Alex Morrell,1994-05-11,USA,FW,ST,,,2016,5.0,7.0,141.0,mls,mls
gpMOa2rRqz,Besard Šabović,1998-01-05,Sweden,MF,CM,,,"['2025', '2026']",6.0,1.0,170.0,mls,mls
gpMOa627qz,Tony Alfaro,1993-06-15,USA,DF,CB,,,"['2016', '2017', '2018', '2021', '2022', '2023']",6.0,2.0,190.0,mls,mls
gpMOa67Eqz,Ronaldo Vieira,1998-07-19,England,MF,DM,,,"['2025', '2026']",5.0,10.0,154.0,mls,mls
gpMOa6DOqz,Agustín Bouzat,1994-03-28,Argentina,MF,CM,,,2026,5.0,11.0,165.0,mls,mls
gpMOa6zrqz,Derrick Etienne Jr.,1996-11-25,Haiti,MF,W,,,"['2016', '2017', '2018', '2019', '2020', '2021', '2022', '2023', '2024', '2025', '2026']",5.0,10.0,170.0,mls,mls
gpMOa81qzy,Kenny Miller,1979-12-23,Scotland,FW,ST,,,"['2013', '2014']",5.0,10.0,157.0,mls,mls
gpMOa9aRqz,Ashley Fletcher,1995-10-02,England,FW,ST,,,2022,6.0,1.0,172.0,mls,mls
gpMOaDPyqz,Sidney Rivera,1993-11-15,USA,,,,,{},6.0,2.0,185.0,mls,mls
gpMOaDWrqz,Tomás Pochettino,1996-02-01,Argentina,MF,CM,,,2021,5.0,10.0,165.0,mls,mls
gpMOaDz1qz,Joey Dezart,1998-06-09,USA,MF,DM,,CM,"['2020', '2021', '2022']",6.0,1.0,194.0,mls,mls
gpMOaEwrqz,Tomás Conechny,1998-03-30,Argentina,MF,W,,,"['2018', '2019', '2020']",5.0,6.0,143.0,mls,mls
gpMOaPn1qz,Nicholas Hagen,1996-08-02,Guatemala,GK,GK,,,"['2024', '2025']",6.0,4.0,176.0,mls,mls
gpMOaWD2qz,Luiz Fernando,1995-05-08,Brazil,MF,DM,,,2018,5.0,10.0,163.0,mls,mls
gpMOaaB2qz,Manu García,1998-01-02,Spain,MF,CM,,,"['2025', '2026']",5.0,7.0,143.0,mls,mls
gpMOaajrqz,José Mauri,1996-05-16,Italy,MF,DM,,,"['2021', '2022']",5.0,7.0,139.0,mls,mls
gpMOag9Dqz,Michael Estrada,1996-04-07,Ecuador,FW,ST,,,2022,6.0,1.0,190.0,mls,mls
gpMOalORqz,Nick Scardina,2001-06-22,USA,DF,FB,,,"['2024', '2025']",5.0,11.0,163.0,mls,mls
gpMOalwDqz,Ian Harkes,1995-03-30,USA,MF,CM,,DM,"['2017', '2018', '2023', '2024', '2025', '2026']",6.0,0.0,161.0,mls,mls
gpMOaoG7qz,Adam Bedell,1991-12-01,USA,FW,ST,,,2014,6.0,7.0,205.0,mls,mls
gpMOavEDqz,Colton Storm,1994-07-06,USA,,,,,{},,,,mls,mls
gpMOavW2qz,Kevin Politz,1996-03-22,USA,,,,,{},6.0,0.0,170.0,mls,mls
gpMOawV2qz,Logan Ketterer,1993-11-09,USA,GK,GK,,,2021,5.0,11.0,146.0,mls,mls
gpMOe7GOqz,Emiro Garcés,2001-10-11,Colombia,DF,CB,,,"['2024', '2025', '2026']",,,,mls,mls
gpMOeA61qz,Dean Boltz,2006-06-07,USA,,,,,{},,,,mls,mls
gpMOeAdDqz,Santiago Morales,2007-02-09,USA,MF,AM,,,"['2025', '2026']",,,,mls,mls
gpMOeD0lqz,Mikołaj Biegański,2002-04-05,Poland,,,,,{},6.0,3.0,185.0,mls,mls
gpMOeEDEqz,Rubén Ramos Jr.,2007-01-22,USA,FW,W,,,"['2024', '2025', '2026']",5.0,9.0,154.0,mls,mls
gpMOeEnOqz,Zavier Gozo,2007-03-22,USA,DF,FB,MF,W,"['2023', '2024', '2025', '2026']",,,,mls,mls
gpMOeEzyqz,Tomás Jacob,2004-04-20,Argentina,DF,FB,,,2026,,,,mls,mls
gpMOeGdrqz,Antony,2001-09-08,Brazil,MF,W,,,"['2023', '2024', '2025', '2026']",,,,mls,mls
gpMOeP02qz,Cesar Abadia-Reda,2006-02-21,USA,DF,FB,,,2026,,,,mls,mls
gpMOeWWRqz,Jules-Anthony Vilsaint,2003-01-06,Canada,FW,ST,MF,AM,"['2023', '2024', '2025', '2026']",6.0,3.0,,mls,mls
gpMOel1Rqz,Justin Rasmussen,1998-12-15,USA,DF,FB,,,"['2022', '2023']",,,,mls,mls
gpMOk9rMzy,Chris Pontius,1987-05-12,USA,MF,W,,,"['2013', '2014', '2015', '2016', '2017', '2018', '2019']",6.0,0.0,170.0,mls,mls
gpMOmoOqzy,Marcelo Sarvas,1981-10-16,Brazil,MF,CM,,DM,"['2013', '2014', '2015', '2016', '2017']",5.0,10.0,157.0,mls,mls
gpMOo0eyMz,Ally Ng'anzi,2000-09-03,Tanzania,,,,,{},5.0,11.0,159.0,mls,mls
gpMOo141Mz,Abraham Rodriguez,2002-07-19,USA,GK,GK,,,"['2022', '2023']",5.0,9.0,165.0,mls,mls
gpMOo1JyMz,Theo Corbeanu,2002-05-17,Canada,MF,W,,,"['2025', '2026']",,,,mls,mls
gpMOo1PRMz,Luke Singh,2001-09-12,Trinidad & Tobago,DF,CB,,,2021,6.0,2.0,163.0,mls,mls
gpMOoLXyMz,Mender García,1998-04-28,Colombia,FW,ST,,,"['2022', '2023']",5.0,10.0,154.0,mls,mls
gpMOoN8OMz,Nicholas Gioacchini,2000-07-25,USA,FW,ST,,,"['2022', '2023', '2024']",6.0,0.0,,mls,mls
gpMOoO8rMz,John Pulskamp,2001-04-19,USA,GK,GK,,,"['2021', '2022', '2023', '2024', '2025', '2026']",6.0,2.0,174.0,mls,mls
gpMOoOERMz,Julian Gaines,2002-11-05,USA,DF,FB,,,"['2023', '2024', '2025']",5.0,11.0,146.0,mls,mls
gpMOoOjEMz,Justin Haak,2001-09-12,USA,DF,CB,,,"['2019', '2022', '2023', '2024', '2025', '2026']",6.0,0.0,165.0,mls,mls
gpMOoOjnMz,Kwaku Owusu,2000-12-13,Ghana,DF,CB,,,2022,,,,mls,mls
gpMOoOpOMz,Bryce Duke,2001-02-28,USA,MF,AM,,,"['2020', '2021', '2022', '2023', '2024', '2025', '2026']",5.0,7.0,146.0,mls,mls
gpMOoXmEMz,Brian Schaefer,2002-04-17,USA,,,,,{},6.0,3.0,,mls,mls
gpMOoY8RMz,Keesean Ferdinand,2003-08-17,Canada,,,,,{},6.0,0.0,159.0,mls,mls
gpMOoYj1Mz,Missael Rodríguez,2003-02-09,USA,MF,W,,,2023,5.0,9.0,161.0,mls,mls
gpMOoZ47Mz,Jorge Ruvalcaba,2001-07-23,USA,FW,W,,,2026,,,,mls,mls
gpMOoa2RMz,Chris Kablan,1994-11-30,Switzerland,MF,W,,,2022,5.0,9.0,152.0,mls,mls
gpMOoayMzy,Zlatan Ibrahimovic,1981-10-03,Sweden,FW,ST,,,"['2018', '2019']",6.0,5.0,209.0,mls,mls
gpMOoe9lMz,Chituru Odunze,2002-10-14,USA,,,,,{},6.0,7.0,,mls,mls
gpMOogB1Mz,Telasco Segovia,2003-04-02,Venezuela,MF,W,,,"['2025', '2026']",5.0,9.0,159.0,mls,mls
gpMOokN7Mz,Calegari,2002-02-27,Brazil,DF,FB,,,2023,,,,mls,mls
gpMOoor7Mz,Jeorgio Kocevski,2002-08-02,USA,MF,DM,,,2024,,,,mls,mls
gpMOopORMz,Hernán López,2000-09-07,Argentina,MF,AM,,,"['2024', '2025']",5.0,6.0,,mls,mls
gpMOorbDMz,Juan José Purata,1998-01-09,Mexico,DF,CB,,,"['2022', '2023']",5.0,11.0,170.0,mls,mls
gpMOov07Mz,Nectarios Triantis,2003-05-11,Australia,MF,CM,,,"['2025', '2026']",6.0,3.0,,mls,mls
gpMOoypDMz,Zach Booth,2004-02-17,USA,DF,FB,FW,W,2026,6.0,0.0,174.0,mls,mls
gpMOpB15zy,Fredy Montero,1987-07-26,Colombia,FW,ST,,,"['2017', '2019', '2020', '2021', '2022', '2023']",5.0,9.0,161.0,mls,mls
gpMOrZv2Qz,Sidnei Tavares,2001-09-29,Portugal,MF,DM,,,2023,,,,mls,mls
gpMOx375zy,Steven Kinney,1987-10-28,USA,DF,FB,,,"['2013', '2014']",6.0,0.0,174.0,mls,mls
gpMOxK15zy,Daniel Royer,1990-05-22,Austria,MF,W,,,"['2016', '2017', '2018', '2019', '2020', '2021']",5.0,10.0,161.0,mls,mls
gpMOxZO5zy,Emil Larsen,1991-06-22,Denmark,MF,W,,,2016,5.0,11.0,161.0,mls,mls
gpMOy2yqzy,Magnus Wolff Eikrem,1990-08-08,Norway,MF,W,,,2018,5.0,8.0,152.0,mls,mls
gpMOyGlqzy,Kevin Molino,1990-06-17,Trinidad & Tobago,MF,W,,,"['2015', '2016', '2017', '2018', '2019', '2020', '2021', '2022', '2023']",6.0,0.0,146.0,mls,mls
gpMOz121Qz,Ruben Bover,1992-06-24,Spain,MF,W,,,"['2013', '2014']",5.0,7.0,146.0,mls,mls
gpMOz1KyQz,Diego Rubio,1993-05-15,Chile,FW,ST,,,"['2016', '2017', '2018', '2019', '2020', '2021', '2022', '2023', '2024', '2025']",5.0,10.0,168.0,mls,mls
gpMOz1kDQz,Eirik Holmen Johansen,1992-07-12,Norway,GK,GK,,,"['2016', '2017']",6.0,6.0,209.0,mls,mls
gpMOz8d1Qz,Cordell Cato,1992-07-15,Trinidad & Tobago,MF,W,DF,FB,"['2013', '2014', '2015', '2016', '2017']",5.0,9.0,152.0,mls,mls
gpMOz8oEQz,Miguel Ibarra,1990-03-15,USA,MF,W,,,"['2017', '2018', '2019', '2020']",5.0,7.0,135.0,mls,mls
gpMOz8onQz,Darren Mattocks,1990-09-02,Jamaica,FW,ST,,,"['2013', '2014', '2015', '2016', '2017', '2018', '2019']",6.0,0.0,154.0,mls,mls
gpMOzAKRQz,Jairo Arrieta,1983-08-25,Costa Rica,FW,ST,,,"['2013', '2014', '2015']",5.0,9.0,152.0,mls,mls
gpMOzAxnQz,John Stiven Mendoza,1992-06-27,Colombia,FW,W,,,2016,5.0,8.0,154.0,mls,mls
gpMOzE9lQz,Cody Mizell,1991-09-30,USA,,,,,{},6.0,1.0,185.0,mls,mls
gpMOzKV7Qz,Kekuta Manneh,1994-12-30,Gambia,MF,W,,,"['2013', '2014', '2015', '2016', '2017', '2019', '2020', '2021']",5.0,9.0,146.0,mls,mls
gpMOzKl2Qz,Christian Duke,1991-06-05,USA,,,,,{},5.0,9.0,157.0,mls,mls
gpMOzL17Qz,Adolfo Machado,1985-02-14,Panama,DF,CB,,,"['2017', '2018']",6.0,0.0,159.0,mls,mls
gpMOzNz1Qz,Syamsir Alam,1992-07-06,Indonesia,,,,,{},5.0,9.0,148.0,mls,mls
gpMOzYLRQz,Matt Wiet,1990-09-23,USA,,,,,{},5.0,11.0,172.0,mls,mls
gpMOzZ21Qz,Michael Salazar,1992-11-15,Belize,MF,W,,,"['2016', '2017', '2019', '2020']",5.0,11.0,165.0,mls,mls
gpMOzZlrQz,Álvaro Medrán,1994-03-15,Spain,MF,CM,,DM,"['2020', '2021']",5.0,9.0,157.0,mls,mls
gpMOzbDrQz,Callum Irving,1993-03-16,Canada,,,,,{},6.0,0.0,187.0,mls,mls
gpMOzd8rQz,Everton Luiz,1988-05-24,Brazil,MF,DM,,CM,"['2019', '2020', '2021', '2022']",5.0,8.0,154.0,mls,mls
gpMOzjb7Qz,Jefferson Mena,1989-06-15,Colombia,DF,CB,,,"['2015', '2016']",6.0,0.0,174.0,mls,mls
gpMOzrjDQz,Tom Heinemann,1987-04-23,USA,FW,ST,,,2013,6.0,4.0,181.0,mls,mls
gpMOzvmDQz,Gideon Baah,1991-10-01,Ghana,DF,CB,,,2016,6.0,0.0,183.0,mls,mls
gpMOzy3RQz,Walter Restrepo,1988-06-21,USA,FW,ST,MF,W,2016,5.0,8.0,152.0,mls,mls
gpMOzy4nQz,Damion Lowe,1993-05-05,USA,DF,CB,,,"['2022', '2023', '2024']",6.0,3.0,176.0,mls,mls
jYQJ129ZqG,Boris Sekulic,1991-10-21,Slovakia,DF,FB,,,"['2020', '2021', '2022']",6.0,1.0,181.0,mls,mls
jYQJ14KyqG,Philip Zinckernagel,1994-12-16,Denmark,FW,W,MF,W,"['2025', '2026']",5.0,9.0,154.0,mls,mls
jYQJ170EqG,Manuel Castro,1995-09-27,Uruguay,MF,W,,,2020,5.0,9.0,159.0,mls,mls
jYQJ1D4DqG,Leandro Barrera,1991-02-22,Argentina,MF,W,,,"['2014', '2015']",5.0,8.0,172.0,mls,mls
jYQJ1DDBqG,Innocent Emeghara,1989-05-27,Switzerland,MF,W,FW,ST,"['2015', '2016']",5.0,7.0,150.0,mls,mls
jYQJ1EOGqG,Mikey Lopez,1993-02-20,USA,MF,CM,,DM,"['2014', '2015', '2016', '2017']",5.0,8.0,161.0,mls,mls
jYQJ1EZDqG,Fabinho,1985-03-16,Brazil,DF,FB,,,"['2013', '2014', '2015', '2016', '2017', '2018', '2019']",5.0,7.0,150.0,mls,mls
jYQJ1GRWqG,Carlos Gruezo,1995-04-19,Ecuador,MF,DM,,,"['2016', '2017', '2018', '2019', '2023', '2024']",5.0,8.0,157.0,mls,mls
jYQJ1GpWqG,Oscar Sorto,1994-08-13,USA,DF,FB,,,"['2014', '2015']",5.0,8.0,157.0,mls,mls
jYQJ1LoDqG,Frédéric Brillant,1985-06-26,France,DF,CB,,,"['2016', '2017', '2018', '2019', '2020', '2021']",6.0,3.0,154.0,mls,mls
jYQJ1NaWqG,Sean Melvin,1994-07-09,Canada,,,,,{},6.0,4.0,181.0,mls,mls
jYQJ1PaVqG,Antônio Carlos,1993-03-07,Brazil,DF,CB,,,"['2020', '2021', '2022', '2023', '2025', '2026']",6.0,3.0,174.0,mls,mls
jYQJ1PddqG,Leonardo Bertone,1994-03-14,Switzerland,MF,DM,,CM,2019,5.0,10.0,159.0,mls,mls
jYQJ1RaPqG,Bryan Gaul,1989-08-10,USA,,,,,{},6.0,5.0,201.0,mls,mls
jYQJ1W7PqG,Marius Obekop,1994-12-19,Cameroon,MF,W,,,"['2013', '2014', '2015']",5.0,10.0,170.0,mls,mls
jYQJ1ZRDqG,Pele van Anholt,1991-04-23,Netherlands,DF,FB,,,2017,5.0,7.0,157.0,mls,mls
jYQJ1dWDqG,José Adolfo Valencia,1991-12-18,Colombia,FW,ST,,,2013,6.0,1.0,181.0,mls,mls
jYQJ1kXEqG,Dane Kelly,1991-02-09,Jamaica,DF,FB,,,2018,5.0,11.0,159.0,mls,mls
jYQJ1l4DqG,Tsubasa Endoh,1993-08-20,Japan,MF,W,,,"['2016', '2017', '2019', '2020', '2021']",5.0,8.0,146.0,mls,mls
jYQJ1w0GqG,Stuart Findlay,1995-09-14,Scotland,DF,CB,,,"['2021', '2022']",6.0,3.0,181.0,mls,mls
jYQJ1zWBqG,Jon Kempin,1993-04-08,USA,GK,GK,,,"['2014', '2015', '2017', '2018', '2019', '2021', '2022']",6.0,1.0,172.0,mls,mls
jYQJ43k5GR,Jonathan dos Santos,1990-04-26,Mexico,MF,DM,,,"['2017', '2018', '2019', '2020', '2021']",5.0,8.0,163.0,mls,mls
jYQJ6PEQGR,Lisandro López,1983-03-02,Argentina,FW,ST,,,2021,5.0,9.0,163.0,mls,mls
jYQJB7wVQG,Cole Bassett,2001-07-28,USA,MF,DM,,,"['2018', '2019', '2020', '2021', '2023', '2024', '2025', '2026']",5.0,11.0,150.0,mls,mls
jYQJBvJGQG,Jon Bell,1997-08-26,USA,DF,CB,,,"['2021', '2022', '2023', '2024', '2025', '2026']",5.0,11.0,165.0,mls,mls
jYQJGDWMGR,Adam Larsen Kwarasey,1987-12-12,Ghana,GK,GK,,,"['2015', '2016']",6.0,2.0,179.0,mls,mls
jYQJGvDMGR,Jørgen Skjelvik,1991-07-05,Norway,DF,CB,,FB,"['2018', '2019']",6.0,0.0,170.0,mls,mls
jYQJNEyQGR,Haris Medunjanin,1985-03-08,Bosnia and Herzegovina,MF,DM,,,"['2017', '2018', '2019', '2020', '2021', '2022']",6.0,2.0,183.0,mls,mls
jYQJOaZMGR,Osvaldo Alonso,1985-11-11,Cuba,MF,DM,,CM,"['2013', '2014', '2015', '2016', '2017', '2018', '2019', '2020', '2021', '2022', '2023']",5.0,11.0,157.0,mls,mls
jYQJYXLkqG,Oliver Semmle,1998-03-28,Germany,GK,GK,,,2024,6.0,4.0,201.0,mls,mls
jYQJYXpPqG,Tyrese Spicer,2000-12-04,Trinidad & Tobago,DF,FB,,,"['2024', '2025', '2026']",6.0,1.0,,mls,mls
jYQJYy1BqG,Antonio Gomez,2001-12-15,USA,,,,,{},,,,mls,mls
jYQJYzKDqG,Chris Applewhite,2007-08-23,USA,DF,CB,,,2025,,,,mls,mls
jYQJZzEQGR,Joe Cannon,1975-01-01,USA,GK,GK,,,2013,6.0,2.0,201.0,mls,mls
jYQJa1NyqG,Leo Burney,2001-11-02,USA,,,,,{},6.0,2.0,165.0,mls,mls
jYQJa30DqG,Joseph Rosales,2000-11-06,Honduras,DF,FB,,,"['2021', '2022', '2023', '2024', '2025', '2026']",,,,mls,mls
jYQJa3GEqG,Japhet Sery Larsen,2000-04-10,Denmark,DF,CB,,,2026,,,,mls,mls
jYQJa3zDqG,Jhon Durán,2003-12-13,Colombia,FW,ST,,,2022,6.0,1.0,161.0,mls,mls
jYQJa4pBqG,José Mulato,2003-01-09,Colombia,FW,ST,,,2023,5.0,11.0,165.0,mls,mls
jYQJa67yqG,Rodrigo Piñeiro,1999-05-05,Uruguay,MF,W,,,2021,5.0,9.0,146.0,mls,mls
jYQJa6EZqG,Allan Arigoni,1998-11-04,Switzerland,DF,FB,,,2024,6.0,0.0,176.0,mls,mls
jYQJa6wEqG,Bertrand Owundi Eko'o,1993-10-15,Cameroon,,,,,{},6.0,2.0,181.0,mls,mls
jYQJa7wWqG,Gabriel Pereira,2001-08-01,Brazil,MF,W,,,"['2022', '2023']",5.0,9.0,,mls,mls
jYQJa9GDqG,Nate Jones,2001-08-23,USA,,,,,{},,,,mls,mls
jYQJaAbBqG,Edison Azcona,2003-11-21,USA,MF,W,,,"['2021', '2022', '2023']",5.0,6.0,130.0,mls,mls
jYQJaD9yqG,Jordan Bender,2001-07-09,USA,MF,W,,,2020,5.0,1.0,146.0,mls,mls
jYQJaDnDqG,Leo Afonso,2001-07-13,Brazil,MF,W,,,"['2024', '2025']",5.0,11.0,159.0,mls,mls
jYQJaDwkqG,Damian Las,2002-04-11,USA,,,,,{},6.0,0.0,161.0,mls,mls
jYQJaDyWqG,Sean Karani,2000-12-14,USA,,,,,{},5.0,8.0,154.0,mls,mls
jYQJaXjkqG,Jordy Alcívar,1999-08-05,Ecuador,MF,CM,,,2022,5.0,8.0,157.0,mls,mls
jYQJaaBdqG,Jack McGlynn,2003-07-07,USA,MF,CM,,,"['2021', '2022', '2023', '2024', '2025', '2026']",5.0,11.0,146.0,mls,mls
jYQJaaOEqG,Hunter Sulte,2002-04-25,USA,GK,GK,,,2021,6.0,5.0,181.0,mls,mls
jYQJad7DqG,Siad Haji,1999-12-01,USA,MF,W,,,"['2019', '2020', '2021', '2022']",5.0,8.0,150.0,mls,mls
jYQJadGkqG,David Rodriguez,2002-05-05,USA,,,,,{},5.0,7.0,139.0,mls,mls
jYQJagNWqG,Brian Schwake,2001-08-24,USA,GK,GK,,,2026,6.0,2.0,174.0,mls,mls
jYQJajNGqG,Gilberto Rivera,2004-11-28,USA,,,,,{},,,,mls,mls
jYQJal6kqG,Miguel Navarro,1999-02-26,Venezuela,DF,FB,,,"['2020', '2021', '2022', '2023', '2026']",5.0,9.0,154.0,mls,mls
jYQJam8BqG,Ilijah Paul,2002-07-26,USA,FW,ST,,,2023,6.0,0.0,179.0,mls,mls
jYQJamlEqG,Bongokuhle Hlongwane,2000-06-20,South Africa,MF,W,,,"['2022', '2023', '2024', '2025', '2026']",,,,mls,mls
jYQJanvVqG,Daniel Edelman,2003-04-28,USA,MF,CM,,DM,"['2022', '2023', '2024', '2025', '2026']",5.0,8.0,135.0,mls,mls
jYQJawgVqG,Colin Shutler,1998-08-02,USA,,,,,{},6.0,1.0,185.0,mls,mls
jYQJbbEQGR,Seb Hines,1988-05-29,England,DF,CB,,,"['2015', '2016', '2017']",6.0,2.0,172.0,mls,mls
jYQJbkDQGR,Christian Fernández,1985-10-15,Spain,DF,FB,,,2014,6.0,0.0,170.0,mls,mls
jYQJg3nEMG,Palmer Ault,2004-04-19,USA,FW,ST,,,2026,5.0,10.0,154.0,mls,mls
jYQJg6lWMG,Augustin Anello,2002-04-22,USA,MF,W,,,2026,6.0,0.0,165.0,mls,mls
jYQJg7nEMG,Antone Bossenberry,2008-08-14,Canada,MF,CM,,AM,2026,,,,mls,mls
jYQJgDREMG,Mohamed Traore,2002-08-15,Senegal,DF,CB,,,2020,,,,mls,mls
jYQJgEJdMG,Cavan Sullivan,2009-09-28,USA,MF,W,,,"['2024', '2025', '2026']",,,,mls,mls
jYQJgJvdMG,Koa Santos,1999-09-21,USA,MF,W,,,2022,5.0,10.0,159.0,mls,mls
jYQJgRABMG,Ethan Kohler,2005-05-20,USA,DF,CB,,,2026,5.0,11.0,161.0,mls,mls
jYQJgRXGMG,João Pedro,2003-03-14,Brazil,DF,FB,,,2024,6.0,0.0,161.0,mls,mls
jYQJgokGMG,Lazar Stefanovic,2006-08-10,USA,DF,CB,,,"['2023', '2025', '2026']",,,,mls,mls
jYQJgrOWMG,Luca Bombino,2006-07-10,USA,DF,FB,,,"['2025', '2026']",,,,mls,mls
jYQJnAGQGR,Jonathan Bornstein,1984-11-07,USA,DF,FB,,CB,"['2019', '2020', '2021', '2022']",5.0,9.0,146.0,mls,mls
jYQJnEGQGR,Nana Attakora,1989-03-27,Canada,DF,CB,,,2013,6.0,1.0,185.0,mls,mls
jYQJnLkQGR,Danny O'Rourke,1983-05-31,USA,DF,CB,MF,CM,"['2013', '2014']",6.0,0.0,165.0,mls,mls
jYQJnnVQGR,Dan Gargan,1982-12-14,USA,DF,FB,,,"['2013', '2014', '2015']",5.0,11.0,176.0,mls,mls
jYQJvxWQGR,Corben Bone,1988-09-16,USA,FW,ST,,,"['2013', '2014', '2019']",5.0,9.0,154.0,mls,mls
jYQJxXE5GR,Samuel Armenteros,1990-05-27,Sweden,FW,ST,,,2018,5.0,11.0,176.0,mls,mls
jYQJxmD5GR,Benjamin Angoua,1986-11-28,Ivory Coast,DF,CB,,,2017,6.0,0.0,159.0,mls,mls
jYQJz0RGQG,CJ dos Santos,2000-08-24,USA,GK,GK,,,"['2023', '2024', '2025', '2026']",6.0,4.0,170.0,mls,mls
jYQJz3rWQG,Andrew Tarbell,1993-10-07,USA,GK,GK,,,"['2016', '2017', '2018', '2020', '2021', '2022', '2023', '2024', '2025']",6.0,3.0,190.0,mls,mls
jYQJz8jVQG,Richie Marquez,1992-05-26,USA,DF,CB,,,"['2015', '2016', '2017']",6.0,2.0,181.0,mls,mls
jYQJz8kZQG,Kris Tyrpak,1992-05-07,USA,MF,W,FW,ST,2014,5.0,11.0,146.0,mls,mls
jYQJz8pkQG,Alhaji Kamara,1994-04-16,Sierra Leone,FW,ST,,,"['2016', '2017']",5.0,11.0,161.0,mls,mls
jYQJzApVQG,Silvan Hefti,1997-10-25,Switzerland,DF,FB,,,2026,6.0,0.0,168.0,mls,mls
jYQJzDXEQG,Emanuel Cecchini,1996-12-24,Argentina,MF,DM,,,2019,5.0,10.0,170.0,mls,mls
jYQJzEnGQG,Josué Colmán,1998-07-25,Paraguay,MF,W,,,"['2018', '2019']",5.0,7.0,157.0,mls,mls
jYQJzWGyQG,Miles Robinson,1997-03-14,USA,DF,CB,,,"['2018', '2019', '2020', '2021', '2022', '2023', '2024', '2025', '2026']",6.0,2.0,185.0,mls,mls
jYQJzjEQGR,Marcus Hahnemann,1972-06-15,USA,GK,GK,,,2013,6.0,3.0,220.0,mls,mls
jYQJzjRyQG,Kyle Morton,1994-03-31,USA,GK,GK,,,2021,6.0,4.0,190.0,mls,mls
jYQJzlpBQG,Bradley Bourgeois,1994-04-13,USA,,,,,{},5.0,11.0,185.0,mls,mls
jYQJzmgEQG,Alexandru Matan,1999-08-29,Romania,MF,AM,,,"['2021', '2022', '2023', '2024', '2026']",5.0,6.0,135.0,mls,mls
jYQJznnkQG,Chris Durkin,2000-02-08,USA,MF,CM,,DM,"['2018', '2019', '2022', '2023', '2024', '2025', '2026']",6.0,0.0,165.0,mls,mls
jYQJznrBQG,Prince Owusu,1997-01-07,Germany,FW,ST,,,"['2023', '2024', '2025', '2026']",6.0,3.0,192.0,mls,mls
jYQJzo8ZQG,Cristián Gutiérrez,1997-02-18,Chile,DF,FB,,,"['2020', '2021', '2022', '2023']",5.0,11.0,150.0,mls,mls
jYQJzoGVQG,Maxime Dominguez,1996-02-01,Switzerland,MF,CM,,AM,2025,5.0,8.0,139.0,mls,mls
jYQJzoPWQG,Daniel Bedoya,1994-02-13,USA,MF,W,,,2019,5.0,6.0,,mls,mls
jYQJzpAkQG,Brandt Bronico,1995-06-20,USA,MF,DM,,CM,"['2017', '2018', '2019', '2020', '2022', '2023', '2024', '2025', '2026']",5.0,9.0,154.0,mls,mls
jYQJzpEZQG,Eric Klenofsky,1994-09-21,USA,,,,,{},6.0,0.0,181.0,mls,mls
jYQJzrGyQG,Emiliano Amor,1995-05-16,Argentina,DF,CB,,,2018,6.0,0.0,176.0,mls,mls
jYQJzwXkQG,Jeppe Tverskov,1993-03-12,Denmark,MF,DM,,,"['2025', '2026']",6.0,1.0,185.0,mls,mls
jYQJzwYyQG,Brian Brown,1992-12-24,Jamaica,FW,ST,,,2014,6.0,1.0,185.0,mls,mls
jYQJzwkVQG,Coy Craft,1997-05-23,USA,MF,W,,,"['2014', '2015', '2016', '2017']",6.0,2.0,176.0,mls,mls
jYQJzy1EQG,Dylan Teves,2000-05-14,USA,MF,W,,,"['2022', '2023', '2024']",5.0,8.0,141.0,mls,mls
jwvq9omMWn,Shaun Wright-Phillips,1981-10-25,England,MF,W,,,"['2015', '2016']",5.0,6.0,141.0,mls,mls
kRQa00gqKZ,Edgar Castillo,1986-10-08,USA,DF,FB,,,"['2018', '2019', '2020', '2021']",5.0,9.0,146.0,mls,mls
kRQa207YMK,Paxton Pomykal,1999-12-17,USA,MF,CM,,,"['2017', '2018', '2019', '2020', '2021', '2022', '2023', '2024', '2025']",5.0,7.0,143.0,mls,mls
kRQa22abMK,Bill Tuiloma,1995-03-27,New Zealand,DF,CB,,,"['2018', '2019', '2020', '2021', '2022', '2023', '2024', '2025']",6.0,0.0,172.0,mls,mls
kRQa22wjMK,Pedro Gallese,1990-02-23,Peru,GK,GK,,,"['2020', '2021', '2022', '2023', '2024', '2025']",6.0,2.0,174.0,mls,mls
kRQa2AvjMK,Evander,1998-06-09,Brazil,MF,AM,,,"['2023', '2024', '2025', '2026']",5.0,10.0,161.0,mls,mls
kRQa2D9oMK,Justin Fiddes,1996-01-03,USA,,,,,{},5.0,11.0,159.0,mls,mls
kRQa2EGYMK,Tomas Gomez,1993-05-20,USA,,,,,{},,,,mls,mls
kRQa2L2LMK,Evan Louro,1996-01-19,USA,GK,GK,,,"['2024', '2025', '2026']",6.0,3.0,225.0,mls,mls
kRQa2LebMK,Dayne St. Clair,1997-05-09,Canada,GK,GK,,,"['2020', '2021', '2022', '2023', '2024', '2025', '2026']",6.0,3.0,165.0,mls,mls
kRQa2NpbMK,Aidan Daniels,1998-09-06,Canada,MF,W,,,2018,5.0,9.0,165.0,mls,mls
kRQa2dnkMK,Danilo Acosta,1997-11-17,Honduras,DF,FB,,,"['2017', '2018', '2019', '2021']",5.0,11.0,170.0,mls,mls
kRQa2j0LMK,Kyle Smith,1992-01-09,USA,DF,FB,,,"['2019', '2020', '2021', '2022', '2023', '2024', '2025', '2026']",6.0,1.0,181.0,mls,mls
kRQa2kY8MK,Matthew Hundley,2000-05-11,USA,,,,,{},5.0,10.0,163.0,mls,mls
kRQa2nZkMK,Ross Friedman,1992-01-08,USA,,,,,{},5.0,9.0,157.0,mls,mls
kRQa2oe8MK,Brian Wright,1995-03-24,Canada,FW,ST,,,"['2017', '2018', '2019']",6.0,0.0,192.0,mls,mls
kRQa2okMKZ,Alessandro Nesta,1976-03-19,Italy,DF,CB,,,2013,6.0,1.0,176.0,mls,mls
kRQa2xy8MK,Abdi Mohamed,1996-10-25,Kenya,,,,,{},5.0,11.0,150.0,mls,mls
kRQa7Ro5KZ,Dani Fragoso,1982-03-31,Spain,FW,ST,,,2014,5.0,8.0,161.0,mls,mls
kRQaG3Y5KZ,Vincent Nogueira,1988-01-16,France,MF,DM,,,"['2014', '2015', '2016']",5.0,7.0,141.0,mls,mls
kRQaP8xjqK,Matthew Arana,2010-08-28,Mexico,MF,CM,,,2026,,,,mls,mls
kRQaPd61qK,Agustín Resch,2002-02-28,Argentina,DF,CB,,,2026,6.0,6.0,,mls,mls
kRQaW9J15K,Brett Pahn,2008-08-04,USA,,,,,{},,,,mls,mls
kRQaWA2b5K,Cruz Medina,2006-09-24,USA,,,,,{},,,,mls,mls
kRQaWRJk5K,Julian Placias,2006-04-06,USA,,,,,{},6.0,2.0,170.0,mls,mls
kRQaWymL5K,Van Parker,2009-01-29,Canada,,,,,{},,,,mls,mls
kRQaYKkQKZ,Jeff Parke,1982-03-23,USA,DF,CB,,,"['2013', '2014']",6.0,1.0,185.0,mls,mls
kRQaYR8QKZ,Dominic Oduro,1985-08-13,Ghana,MF,W,FW,ST,"['2013', '2014', '2015', '2016', '2017', '2018']",6.0,0.0,161.0,mls,mls
kRQab9e8MK,Jared Watts,1992-02-03,USA,DF,CB,,,"['2014', '2015', '2016', '2017', '2018']",6.0,1.0,157.0,mls,mls
kRQabJDgMK,Wandrille Lefevre,1989-12-17,France,DF,CB,,,"['2013', '2014', '2015', '2016', '2017']",6.0,1.0,176.0,mls,mls
kRQabLv8MK,Andrés Ricaurte,1991-10-03,Colombia,MF,AM,,DM,"['2020', '2021']",6.0,0.0,148.0,mls,mls
kRQabOD8MK,Sebastian Velasquez,1991-02-11,Colombia,MF,CM,,,"['2013', '2014', '2015']",5.0,7.0,157.0,mls,mls
kRQabOROMK,Jun Marques Davidson,1983-06-07,Japan,MF,DM,,,2013,6.0,2.0,165.0,mls,mls
kRQabOWgMK,Andrew Wenger,1990-12-25,USA,MF,W,,,"['2013', '2014', '2015', '2016', '2017', '2018']",6.0,0.0,185.0,mls,mls
kRQabOZYMK,Tyler Blackett,1994-04-02,England,DF,CB,,,"['2021', '2022']",6.0,0.0,168.0,mls,mls
kRQabXDmMK,Yony González,1994-07-11,Colombia,FW,ST,MF,W,2020,6.0,0.0,165.0,mls,mls
kRQabYwjMK,Corentin Jean,1995-07-15,France,MF,W,,,"['2022', '2023']",5.0,7.0,143.0,mls,mls
kRQabZyoMK,Caleb Stanko,1993-07-26,USA,MF,CM,,DM,"['2019', '2020', '2021']",5.0,11.0,179.0,mls,mls
kRQabgWgMK,Marquinhos Pedroso,1993-10-04,Brazil,DF,FB,,,"['2018', '2019']",5.0,9.0,161.0,mls,mls
kRQabo8gMK,Perry Kitchen,1992-02-29,USA,MF,CM,,DM,"['2013', '2014', '2015', '2018', '2019', '2020', '2021']",6.0,0.0,161.0,mls,mls
kRQabvJjMK,Cristian Techera,1992-05-31,Uruguay,MF,W,,,"['2015', '2016', '2017', '2018']",5.0,2.0,170.0,mls,mls
kRQabvYbMK,Walker Zimmerman,1993-05-19,USA,DF,CB,,,"['2013', '2014', '2015', '2016', '2017', '2018', '2019', '2020', '2021', '2022', '2023', '2024', '2025', '2026']",6.0,2.0,192.0,mls,mls
kRQabyN8MK,Jonathan Rodríguez,1993-07-06,Uruguay,MF,W,,,"['2024', '2025']",5.0,11.0,172.0,mls,mls
kRQabyPjMK,Miguel Araujo,1994-10-24,Peru,DF,CB,,,"['2023', '2024']",5.0,10.0,157.0,mls,mls
kRQadBoqKZ,Chris Tierney,1986-01-09,USA,DF,FB,,,"['2013', '2014', '2015', '2016', '2017', '2018']",6.0,0.0,172.0,mls,mls
kRQaerNYQK,Christopher Lee,2001-08-14,Canada,,,,,{},,,,mls,mls
kRQaerljQK,Jack Lynn,2000-01-12,USA,FW,ST,,,"['2022', '2023', '2024']",6.0,1.0,174.0,mls,mls
kRQaeyE1QK,Mustafa Kizza,1999-09-03,Uganda,DF,FB,,,"['2020', '2021']",6.0,1.0,,mls,mls
kRQajLmMKZ,Hernán Grana,1985-04-12,Argentina,DF,FB,,,"['2015', '2017']",5.0,7.0,152.0,mls,mls
kRQao63j5K,London Aghedo,2000-05-31,USA,DF,CB,,,2024,,,,mls,mls
kRQao7Bg5K,André Franco,1998-04-12,Portugal,MF,CM,,,2025,5.0,10.0,161.0,mls,mls
kRQao82b5K,Jason Beaulieu,1994-02-12,Canada,,,,,{},6.0,4.0,201.0,mls,mls
kRQaoNZj5K,Miguel Berry,1997-09-16,Spain,FW,ST,,,"['2021', '2022', '2023', '2024', '2025']",6.0,3.0,181.0,mls,mls
kRQaoRPO5K,Isaac Boehmer,2001-11-20,USA,GK,GK,,,"['2022', '2024', '2026']",6.0,2.0,185.0,mls,mls
kRQaoZOb5K,Modesto Mendez,1998-01-06,Cuba,,,,,{},6.0,2.0,168.0,mls,mls
kRQaodJm5K,Keisuke Kurokawa,1997-04-13,Japan,DF,FB,,,2026,5.0,8.0,154.0,mls,mls
kRQaoj6O5K,Dylan Borrero,2002-01-05,Colombia,MF,W,,,"['2022', '2023', '2024']",5.0,11.0,146.0,mls,mls
kRQaonbo5K,Patrick Schulte,2001-03-13,USA,GK,GK,,,"['2023', '2024', '2025', '2026']",6.0,3.0,174.0,mls,mls
kRQaoox15K,Daron Iskenderian,2002-03-19,USA,,,,,{},5.0,10.0,154.0,mls,mls
kRQaopnY5K,David Schnegg,1998-09-29,Austria,DF,FB,,,"['2024', '2025', '2026']",6.0,1.0,176.0,mls,mls
kRQaor8O5K,Georgios Koutsias,2004-02-08,Greece,FW,ST,,,"['2023', '2024']",5.0,11.0,163.0,mls,mls
kRQaorKj5K,Alan Montes Castro,2000-10-26,Mexico,DF,CB,,,2025,,,,mls,mls
kRQaovVo5K,Gabriel Pec,2001-02-11,Brazil,MF,W,FW,W,"['2024', '2025', '2026']",5.0,10.0,139.0,mls,mls
kRQaw1eO5K,Nicolás Rodríguez,2004-04-24,Colombia,MF,W,,,2025,,,,mls,mls
kRQawAyb5K,Emilio Aristizábal,2005-08-05,Colombia,FW,ST,,,2026,6.0,2.0,154.0,mls,mls
kRQawPbO5K,Nicholas Simmonds,2006-12-17,Jamaica,FW,ST,,,2026,2.0,9.0,421.0,mls,mls
kRQawobY5K,Aiden Hezarkhani,2007-06-28,USA,FW,W,,,"['2025', '2026']",,,,mls,mls
kRQax61qKZ,Fredrik Gulbrandsen,1992-09-10,Norway,FW,ST,,,2017,5.0,10.0,165.0,mls,mls
kRQay0LQKZ,Andy Najar,1993-03-16,Honduras,DF,FB,,,"['2020', '2021', '2022', '2023', '2025', '2026']",5.0,7.0,150.0,mls,mls
kRQayrjQKZ,Nicolas Isimat-Mirin,1991-11-15,France,DF,CB,,,"['2021', '2022']",6.0,2.0,181.0,mls,mls
kRQazJjMKZ,Facundo Coria,1987-05-28,Argentina,FW,ST,MF,W,2015,5.0,11.0,172.0,mls,mls
l7vQ7125D1,Thierry Henry,1977-08-17,France,FW,ST,,,"['2013', '2014']",6.0,2.0,185.0,mls,mls
lgpMOvnQzy,Carlo Cudicini,1973-09-06,Italy,GK,GK,,,2013,6.0,1.0,163.0,mls,mls
ljqE1Lwqx0,Leonardo Jara,1991-05-20,Argentina,DF,FB,,,2019,5.0,10.0,159.0,mls,mls
ljqE20nYQx,Sebastian Kowalczyk,1998-08-22,Poland,MF,W,FW,ST,"['2023', '2024', '2025']",5.0,7.0,119.0,mls,mls
ljqE212OQx,Francis Atuahene,1996-06-08,Ghana,MF,W,,,2019,5.0,11.0,170.0,mls,mls
ljqE2DeVQx,Justin Portillo,1992-09-09,USA,MF,DM,,CM,"['2019', '2020', '2021']",5.0,6.0,135.0,mls,mls
ljqE2EWkQx,Cristhian Paredes,1998-05-18,Paraguay,MF,DM,,CM,"['2018', '2019', '2020', '2021', '2022', '2023', '2024', '2025']",6.0,0.0,165.0,mls,mls
ljqE2EwAQx,Mamadou Fofana,1998-01-21,Mali,DF,CB,,,"['2025', '2026']",6.0,1.0,165.0,mls,mls
ljqE2Ly4Qx,Estrela,1995-09-22,Portugal,,,,,{},5.0,8.0,157.0,mls,mls
ljqE2PbYQx,Javairô Dilrosun,1998-06-22,Netherlands,FW,W,,,2025,5.0,9.0,163.0,mls,mls
ljqE2PwVQx,Memo Rodríguez,1995-12-27,USA,MF,CM,,W,"['2017', '2018', '2019', '2020', '2021', '2022', '2023', '2024', '2025']",5.0,8.0,146.0,mls,mls
ljqE2VkOQx,Luciano Acosta,1994-05-31,Argentina,MF,AM,,,"['2016', '2017', '2018', '2019', '2021', '2022', '2023', '2024', '2025']",5.0,3.0,135.0,mls,mls
ljqE2XRzQx,Joedrick Pupe,1997-06-04,Belgium,DF,CB,,,2025,6.0,2.0,168.0,mls,mls
ljqE2eaAQx,Guzmán Corujo,1996-08-02,Uruguay,DF,CB,,,"['2022', '2023']",6.0,2.0,187.0,mls,mls
ljqE2ekNQx,Žan Kolmanič,2000-03-03,Slovenia,DF,FB,,,"['2021', '2022', '2023', '2024', '2025', '2026']",,,,mls,mls
ljqE2jbwQx,Léo Pereira,1996-01-31,Brazil,DF,CB,,,2017,6.0,2.0,185.0,mls,mls
ljqE2keVQx,JT Marcinkowski,1997-05-09,USA,GK,GK,,,"['2018', '2020', '2021', '2022', '2023', '2025', '2026']",6.0,1.0,185.0,mls,mls
ljqE2kjYQx,Lucas Meek,1999-03-07,USA,,,,,{},,,,mls,mls
ljqE2oxkQx,Sergio Campbell,1992-01-16,Jamaica,DF,CB,,,2015,6.0,4.0,198.0,mls,mls
ljqE2vBzQx,John Nelson,1998-07-11,USA,DF,FB,,,"['2019', '2020', '2021', '2022', '2023', '2024', '2025', '2026']",5.0,9.0,159.0,mls,mls
ljqE2yXAQx,Emmanuel Appiah,1993-09-26,USA,MF,CM,,,2016,5.0,10.0,165.0,mls,mls
ljqE83Y5x0,Anton Tinnerholm,1991-02-26,Sweden,DF,FB,,,"['2018', '2019', '2020', '2021', '2022']",5.0,9.0,150.0,mls,mls
ljqE9aWVqx,Braudílio Rodrigues,1999-11-15,Guinea-Bissau,,,,,{},,,,mls,mls
ljqE9kzoqx,Dieng Mamadou,2004-02-04,Senegal,FW,ST,,,"['2025', '2026']",6.0,2.0,170.0,mls,mls
ljqEJ0okQx,Luka Jovanovic,2005-05-20,Australia,,,,,{},5.0,11.0,168.0,mls,mls
ljqEJ8KkQx,Ian James,2008-06-06,USA,DF,CB,,,"['2025', '2026']",6.0,2.0,190.0,mls,mls
ljqEJEozQx,Harbor Miller,2007-06-21,USA,MF,W,DF,FB,"['2025', '2026']",,,,mls,mls
ljqEJEvzQx,Snyder Brunell,2007-03-23,USA,MF,DM,,,"['2025', '2026']",5.0,6.0,135.0,mls,mls
ljqEJGGOQx,Federico Redondo,2003-01-18,Argentina,MF,CM,,,"['2024', '2025']",6.0,2.0,165.0,mls,mls
ljqEJWxzQx,Dominik Marczuk,2003-11-01,Poland,MF,W,,,"['2024', '2025', '2026']",5.0,11.0,163.0,mls,mls
ljqEJonzQx,Bruno Damiani,2002-04-18,Uruguay,FW,ST,,,"['2025', '2026']",6.0,2.0,176.0,mls,mls
ljqEJzKYQx,Abel Caputo,2000-07-11,Venezuela,,,,,{},5.0,10.0,161.0,mls,mls
ljqEJzLkQx,Nolan Miller,2004-03-08,USA,DF,CB,,,2026,6.0,2.0,179.0,mls,mls
ljqEL31N5x,Jake Leeker,1995-06-14,USA,,,,,{},6.0,5.0,205.0,mls,mls
ljqEL4wo5x,Gerardo Valenzuela,2004-09-28,USA,MF,CM,,AM,"['2023', '2024', '2025', '2026']",,,,mls,mls
ljqEL93k5x,Tyler Freeman,2003-01-09,USA,,,,,{},5.0,10.0,143.0,mls,mls
ljqELA3E5x,Matthew Hoppe,2001-03-13,USA,MF,W,,AM,2023,6.0,3.0,176.0,mls,mls
ljqELGYo5x,William Reilly,2002-12-03,USA,MF,DM,,,"['2025', '2026']",5.0,1.0,154.0,mls,mls
ljqELL0E5x,Ruben Messalles,2002-11-11,USA,,,,,{},,,,mls,mls
ljqELLzz5x,Maxwell Murray,2002-04-08,USA,,,,,{},6.0,5.0,185.0,mls,mls
ljqELX2N5x,Finn Sundstrom,2006-11-19,USA,DF,FB,,,2026,,,,mls,mls
ljqELaBw5x,Youba Diarra,1998-03-24,Mali,MF,CM,,DM,2021,5.0,10.0,174.0,mls,mls
ljqELaO45x,Thomás Chacón,2000-08-17,Uruguay,MF,W,,,"['2019', '2020']",5.0,4.0,128.0,mls,mls
ljqELjn45x,Franko Kovacevic,1999-08-08,Croatia,FW,ST,,,"['2020', '2021']",,,,mls,mls
ljqELmRk5x,Victor Loturi,2001-05-21,Canada,MF,DM,,CM,"['2025', '2026']",5.0,8.0,135.0,mls,mls
ljqELmeo5x,Ousseni Bouda,2000-04-28,Burkina Faso,MF,W,,,"['2022', '2023', '2024', '2025', '2026']",5.0,9.0,172.0,mls,mls
ljqELmrw5x,Santiago Muñoz,2002-08-14,Mexico,MF,AM,,W,2025,5.0,10.0,143.0,mls,mls
ljqELvRw5x,Filip Yavorov Krastev,2001-10-15,Bulgaria,MF,CM,,,2023,5.0,10.0,,mls,mls
ljqENjNQx0,Eddie Johnson,1984-03-31,USA,FW,ST,,,"['2013', '2014']",6.0,0.0,181.0,mls,mls
ljqEVeEoQx,Rodrigo Schlegel,1997-04-03,Argentina,DF,CB,,,"['2020', '2021', '2022', '2023', '2024', '2025']",6.0,0.0,181.0,mls,mls
ljqEVeeEQx,Steeve Saint-Duc,2000-01-08,Haiti,,,,,{},5.0,9.0,141.0,mls,mls
ljqEVnJ4Qx,Thomas Williamson,1999-05-05,USA,,,,,{},6.0,1.0,174.0,mls,mls
ljqEVnKkQx,Daniel Kinumbe,1999-03-15,Canada,DF,FB,,,2019,5.0,8.0,139.0,mls,mls
ljqEWR4Mx0,Daniel Woolard,1984-05-22,USA,DF,CB,,,2013,5.0,10.0,157.0,mls,mls
ljqEWYVMx0,Eric Kronberg,1983-06-07,USA,GK,GK,,,"['2014', '2015', '2016']",6.0,5.0,212.0,mls,mls
ljqEWn4Mx0,Laurent Ciman,1985-08-05,Belgium,DF,CB,,,"['2015', '2016', '2017', '2018', '2019', '2020']",6.0,0.0,150.0,mls,mls
ljqEZWwQx0,Michael Ciani,1984-04-06,France,DF,CB,,,"['2017', '2018']",6.0,2.0,194.0,mls,mls
ljqEgE4Mx0,Sunny,1988-09-17,Nigeria,MF,DM,,CM,"['2016', '2017', '2018']",5.0,11.0,161.0,mls,mls
ljqEj3mYQx,Dimitry Imbongo Boele,1990-03-28,France,FW,ST,,,"['2013', '2014']",6.0,0.0,161.0,mls,mls
ljqEj6gkQx,Dany Rosero,1993-10-06,Colombia,DF,CB,,,"['2023', '2024', '2025']",5.0,11.0,179.0,mls,mls
ljqEj8WNQx,Andrew Farrell,1992-04-02,USA,DF,CB,,FB,"['2013', '2014', '2015', '2016', '2017', '2018', '2019', '2020', '2021', '2022', '2023', '2024', '2025', '2026']",5.0,11.0,185.0,mls,mls
ljqEjAWwQx,Romain Alessandrini,1989-04-03,France,MF,W,,,"['2017', '2018', '2019']",5.0,8.0,154.0,mls,mls
ljqEjEVoQx,Chris Duvall,1991-09-10,USA,DF,FB,,,"['2014', '2015', '2016', '2017', '2018', '2019', '2020', '2021']",5.0,10.0,152.0,mls,mls
ljqEjLaEQx,Diego Fagundez,1995-02-14,Uruguay,MF,W,,,"['2013', '2014', '2015', '2016', '2017', '2018', '2019', '2020', '2021', '2022', '2023', '2024', '2025', '2026']",5.0,8.0,141.0,mls,mls
ljqEjOY4Qx,Ricardo Velazco,1993-05-26,USA,MF,W,,,2017,5.0,8.0,152.0,mls,mls
ljqEjOZEQx,Alex Bono,1994-04-25,USA,GK,GK,,,"['2016', '2017', '2018', '2019', '2020', '2021', '2022', '2023', '2024']",6.0,3.0,194.0,mls,mls
ljqEjOpzQx,Zack Steffen,1995-04-02,USA,GK,GK,,,"['2017', '2018', '2019', '2024', '2025', '2026']",6.0,3.0,190.0,mls,mls
ljqEjV8oQx,Nathan Byrne,1992-06-05,England,DF,FB,,,"['2022', '2023', '2024', '2025', '2026']",5.0,11.0,185.0,mls,mls
ljqEjWXkQx,Josh Turnley,1993-12-22,USA,,,,,{},5.0,11.0,174.0,mls,mls
ljqEjeAQx0,Jordan Stewart,1982-03-03,England,DF,FB,,,"['2013', '2014', '2015', '2016']",6.0,0.0,181.0,mls,mls
ljqEjgK4Qx,Christian Dean,1993-03-14,USA,DF,CB,,,"['2014', '2015', '2017', '2018']",6.0,3.0,201.0,mls,mls
ljqEjjZkQx,Nicolás Mezquida,1992-01-21,Uruguay,MF,AM,,,"['2014', '2015', '2016', '2017', '2018', '2019', '2020', '2021', '2022']",5.0,7.0,152.0,mls,mls
ljqEjjeoQx,Valeri Qazaishvili,1993-01-29,Georgia,MF,W,,,"['2017', '2018', '2019', '2020']",6.0,0.0,163.0,mls,mls
ljqEjkPwQx,Przemyslaw Frankowski,1995-04-12,Poland,MF,W,,,"['2019', '2020', '2021']",5.0,9.0,154.0,mls,mls
ljqEjvzwQx,Érik Correa,1992-07-20,Colombia,FW,ST,,,2013,6.0,1.0,192.0,mls,mls
ljqEjyAAQx,Kharlton Belmar,1992-12-01,USA,FW,ST,,W,"['2017', '2018']",5.0,11.0,159.0,mls,mls
mvzqojj5ap,Robbie Keane,1980-07-08,Republic of Ireland,FW,ST,,,"['2013', '2014', '2015', '2016']",5.0,9.0,161.0,mls,mls
odMX70VAQY,Calvin Harris,2000-03-20,England,MF,W,,,"['2021', '2022', '2023', '2024', '2025', '2026']",6.0,0.0,161.0,mls,mls
odMX70eoQY,Bret Halsey,2000-06-01,USA,DF,FB,,,"['2023', '2024', '2025']",5.0,9.0,,mls,mls
odMX74RaQY,Matthew Nocita,2000-04-24,USA,DF,CB,,,2023,6.0,8.0,205.0,mls,mls
odMX74aAQY,George Bello,2002-01-22,USA,DF,FB,,,"['2018', '2020', '2021']",5.0,5.0,159.0,mls,mls
odMX77zoQY,Maclean Learned,2002-08-05,USA,,,,,{},,,,mls,mls
odMX7BGeQY,Isaiah Parker,2002-09-01,USA,,,,,{},,,,mls,mls
odMX7KkoQY,Ousmane Doumbia,1992-05-21,Ivory Coast,MF,DM,,,2023,5.0,8.0,150.0,mls,mls
odMX7PRaQY,Ignatius Ganago,1999-02-16,Cameroon,MF,W,FW,ST,2025,5.0,10.0,181.0,mls,mls
odMX7XZoQY,Zac McGraw,1997-06-08,USA,DF,CB,,,"['2021', '2022', '2023', '2024', '2025']",6.0,4.0,205.0,mls,mls
odMX7aKWQY,Marinos Tzionis,2001-07-16,Cyprus,FW,W,,,"['2022', '2023', '2024']",5.0,7.0,,mls,mls
odMX7m8rQY,Richard Fleming III,2004-07-07,USA,,,,,{},5.0,8.0,154.0,mls,mls
odMX7wpAQY,Jordan Farr,1994-10-05,USA,GK,GK,,,2025,6.0,1.0,183.0,mls,mls
odMX820JMY,Lucas Pittinari,1991-11-30,Argentina,MF,DM,,,2015,5.0,10.0,165.0,mls,mls
odMX84koMY,Son Heung-Min,1992-07-08,South Korea,FW,ST,,,"['2025', '2026']",6.0,0.0,172.0,mls,mls
odMX86Z0MY,Carlos Lizarazo,1991-04-26,Colombia,MF,AM,,,2016,5.0,7.0,148.0,mls,mls
odMX86wAMY,Mobi Fehr,1994-12-13,USA,,,,,{},6.0,0.0,161.0,mls,mls
odMX87NJMY,Joshua Gatt,1991-08-29,USA,MF,W,,,2017,5.0,10.0,161.0,mls,mls
odMX8NdaMY,Kevin Venegas,1989-07-29,USA,DF,FB,,,2017,5.0,10.0,150.0,mls,mls
odMX8Pb0MY,Ishmael Yartey,1990-01-11,Ghana,MF,W,,,2015,5.0,6.0,143.0,mls,mls
odMX8YarMY,Alexandru Mihail Baluta,1993-09-13,Romania,MF,CM,FW,ST,2025,5.0,7.0,137.0,mls,mls
odMX8ZE2MY,Casey Townsend,1989-07-07,USA,FW,ST,,,2013,5.0,11.0,163.0,mls,mls
odMX8g8aMY,Jordan Smith,1991-04-23,Costa Rica,DF,FB,,,"['2015', '2016']",6.0,1.0,,mls,mls
odMX8leAMY,Bryce Alderson,1994-02-05,Canada,,,,,{},5.0,10.0,172.0,mls,mls
odMX8nN0MY,Jesús Medina,1997-04-30,Paraguay,MF,W,,,"['2018', '2019', '2020', '2021']",5.0,10.0,146.0,mls,mls
odMX8pAMYL,Robert Earnshaw,1981-04-06,Wales,FW,ST,,,"['2013', '2014', '2015']",5.0,8.0,161.0,mls,mls
odMX8vKoMY,Yazid Atouba,1993-01-02,Cameroon,MF,W,,CM,2013,5.0,6.0,150.0,mls,mls
odMX8vzrMY,Daniel Withrow,1990-05-24,USA,,,,,{},6.0,1.0,181.0,mls,mls
odMX8wWeMY,Jordi Quintillà,1993-10-25,Spain,MF,CM,,,"['2015', '2016']",5.0,10.0,152.0,mls,mls
odMX8xmrMY,Sebastien Ibeagha,1992-01-21,USA,DF,CB,,,"['2018', '2019', '2020', '2021', '2022', '2023', '2024', '2025', '2026']",6.0,2.0,187.0,mls,mls
odMXBLaqYL,Demar Phillips,1983-09-23,Jamaica,DF,FB,,,"['2015', '2016', '2017', '2018']",5.0,6.0,132.0,mls,mls
odMXBZeqYL,Fabian Espindola,1985-05-04,Argentina,FW,ST,,,"['2013', '2014', '2015', '2016']",5.0,9.0,161.0,mls,mls
odMXE2rG5Y,Puso Dithejane,2004-07-24,South Africa,MF,W,,,2026,,,,mls,mls
odMXE3OJ5Y,Adem Sipic,2005-04-06,USA,,,,,{},,,,mls,mls
odMXE64e5Y,Kage Romanshyn Jr,2005-06-19,USA,FW,W,,,2024,,,,mls,mls
odMXE98x5Y,Owen Graham-Roache,2008-02-11,Canada,FW,ST,,,"['2025', '2026']",6.0,0.0,187.0,mls,mls
odMXEANx5Y,Tahir Reid-Brown,2006-07-02,USA,DF,CB,,,2026,,,,mls,mls
odMXEAde5Y,Adam Beaudry,2006-04-18,USA,GK,GK,,,"['2024', '2025']",,,,mls,mls
odMXEAeW5Y,Edwyn Mendoza,2006-05-03,USA,,,,,{},,,,mls,mls
odMXEZjr5Y,Sam Williams,2005-03-18,USA,MF,CM,,,2025,5.0,9.0,,mls,mls
odMXEax05Y,Alejandro Bran,2001-03-05,Costa Rica,MF,CM,,,2024,,,,mls,mls
odMXEazG5Y,Esmir Bajraktarevic,2005-03-10,USA,MF,W,,,"['2022', '2023', '2024']",,,,mls,mls
odMXGB1xQY,Nicolás Dubersarsky,2004-12-21,Argentina,MF,CM,,,"['2025', '2026']",6.0,2.0,,mls,mls
odMXGL8JQY,Logan Farrington,2001-12-14,USA,FW,ST,,,"['2024', '2025', '2026']",6.0,2.0,,mls,mls
odMXGvVoQY,Javaun Mussenden,,USA,,,,,{},,,,mls,mls
odMXJkAqYL,Benoit Cheyrou,1981-05-03,France,MF,DM,,CM,"['2015', '2016', '2017']",6.0,0.0,172.0,mls,mls
odMXLj2MYL,Pablo Piatti,1989-03-31,Argentina,MF,W,,,2020,5.0,4.0,139.0,mls,mls
odMXR02JqY,DJ Taylor,1997-08-26,USA,DF,FB,,,"['2021', '2022', '2023', '2024', '2025', '2026']",5.0,8.0,159.0,mls,mls
odMXR4waqY,Kemar Lawrence,1992-09-17,Jamaica,DF,FB,,,"['2015', '2016', '2017', '2018', '2019', '2021', '2022', '2023']",5.0,10.0,154.0,mls,mls
odMXR6GGqY,Jonathan Dean,1997-05-15,USA,DF,FB,,,"['2023', '2024', '2025', '2026']",5.0,10.0,159.0,mls,mls
odMXR9k2qY,Luis Caicedo,1996-05-18,Colombia,MF,DM,,CM,"['2018', '2019', '2021', '2023']",5.0,8.0,148.0,mls,mls
odMXRLKWqY,Claudio Bravo,1997-03-13,Argentina,DF,FB,,,"['2021', '2022', '2023', '2024', '2025']",5.0,7.0,152.0,mls,mls
odMXRNkeqY,Younes Namli,1994-06-20,Denmark,MF,W,,,"['2020', '2021']",5.0,11.0,154.0,mls,mls
odMXRO3xqY,Lalas Abubakar,1994-12-25,Ghana,DF,CB,,,"['2017', '2018', '2019', '2020', '2021', '2022', '2023', '2024', '2025', '2026']",6.0,1.0,181.0,mls,mls
odMXRPDGqY,Dante Vanzeir,1998-04-16,Belgium,FW,ST,,,"['2023', '2024']",5.0,9.0,150.0,mls,mls
odMXRZnWqY,Justin Bilyeu,1994-02-03,USA,DF,FB,,,"['2016', '2017']",6.0,2.0,174.0,mls,mls
odMXRoXoqY,Matt Freese,1998-09-02,USA,GK,GK,,,"['2019', '2020', '2021', '2023', '2024', '2025', '2026']",6.0,3.0,194.0,mls,mls
odMXRrOAqY,Yeferson Quintana,1996-04-19,Uruguay,DF,CB,,,2018,6.0,4.0,196.0,mls,mls
odMXRxV2qY,Dénis Bouanga,1994-11-11,Gabon,FW,W,,,"['2022', '2023', '2024', '2025', '2026']",5.0,11.0,157.0,mls,mls
odMXRxZJqY,James Sands,2000-07-06,USA,MF,DM,DF,CB,"['2017', '2018', '2019', '2020', '2021', '2023', '2024', '2026']",5.0,11.0,161.0,mls,mls
odMXXZAMYL,Michael Stephens,1989-04-03,USA,MF,CM,,,"['2013', '2015', '2016']",5.0,9.0,157.0,mls,mls
odMXaLW5YL,Blaise Matuidi,1987-04-09,France,MF,DM,,CM,"['2020', '2021']",5.0,9.0,154.0,mls,mls
odMXeda5YL,Lamar Neagle,1987-05-07,USA,MF,W,FW,ST,"['2013', '2014', '2015', '2016', '2017', '2018']",5.0,11.0,165.0,mls,mls
odMXj3JqYL,Drew Moor,1984-01-15,USA,DF,CB,,,"['2013', '2014', '2015', '2016', '2017', '2018', '2019', '2020', '2021', '2022']",6.0,0.0,165.0,mls,mls
odMXjX2qYL,Kieran Gibbs,1989-09-26,England,DF,FB,,,"['2021', '2022']",5.0,11.0,161.0,mls,mls
odMXjdxqYL,Chad Barrett,1985-04-30,USA,FW,ST,MF,W,"['2013', '2014', '2015', '2016', '2017']",5.0,11.0,185.0,mls,mls
odMXp3AMYL,Teemu Pukki,1990-03-29,Finland,FW,ST,,,"['2023', '2024']",5.0,11.0,176.0,mls,mls
odMXrPeqYL,Cam Weaver,1983-06-10,USA,FW,ST,,,"['2013', '2014']",6.0,4.0,196.0,mls,mls
odMXrvAqYL,Erik Sviatchenko,1991-10-04,Denmark,DF,CB,,,"['2023', '2024', '2025', '2026']",6.0,0.0,181.0,mls,mls
odMXwjWQYL,Gonzalo Pineda,1982-10-19,Mexico,MF,CM,,,"['2014', '2015']",5.0,10.0,168.0,mls,mls
odMXxGeMYL,Rolf Feltscher,1990-10-06,Venezuela,DF,FB,,,"['2018', '2019', '2020']",6.0,0.0,185.0,mls,mls
odMXzD2qYL,Gastón Fernández,1983-10-12,Argentina,MF,AM,,,"['2014', '2015']",5.0,7.0,161.0,mls,mls
p6qb0K3M0G,Tosaint Ricketts,1987-08-06,Canada,FW,ST,,,"['2016', '2017', '2018', '2019', '2020', '2021', '2022']",6.0,0.0,170.0,mls,mls
p6qb0L4M0G,Ruben Gabrielsen,1992-03-10,Norway,DF,CB,,,2022,6.0,1.0,192.0,mls,mls
p6qb32XQ0G,Damien Perquis,1984-04-10,Poland,DF,CB,,,"['2015', '2016']",6.0,0.0,163.0,mls,mls
p6qb33mbQ0,Érick Díaz,2006-03-04,Panama,,,,,{},6.0,0.0,,mls,mls
p6qb3Z8pQ0,Ricardo Montenegro,2004-09-23,USA,,,,,{},,,,mls,mls
p6qb3zlDQ0,Nicolas Fleuriau Chateau,2002-05-21,Canada,DF,FB,FW,ST,"['2024', '2025']",,,,mls,mls
p6qb4OwM0G,Michael Lahoud,1986-09-15,USA,MF,DM,,,"['2013', '2014', '2015']",5.0,8.0,163.0,mls,mls
p6qb4pwM0G,Rafael Cabral,1990-05-20,Brazil,GK,GK,,,"['2025', '2026']",6.0,1.0,194.0,mls,mls
p6qbEGB50G,Hendry Thomas,1985-02-23,Honduras,MF,DM,,,"['2013', '2014']",5.0,11.0,176.0,mls,mls
p6qbKw6Q0G,Sebastian Giovinco,1987-01-26,Italy,FW,ST,,,"['2015', '2016', '2017', '2018']",5.0,5.0,130.0,mls,mls
p6qbOAnDQ0,Khaly Thiam,1994-01-07,Senegal,MF,DM,,CM,2016,6.0,1.0,,mls,mls
p6qbOD1bQ0,Eddie Segura,1997-02-02,Colombia,DF,CB,,,"['2019', '2020', '2021', '2022', '2024', '2025', '2026']",5.0,10.0,154.0,mls,mls
p6qbODV3Q0,David Norman,1998-05-31,Canada,,,,,{},6.0,2.0,181.0,mls,mls
p6qbON3aQ0,Franco Negri,1995-02-20,Argentina,DF,FB,,,"['2023', '2024', '2025', '2026']",5.0,7.0,154.0,mls,mls
p6qbONo3Q0,Aiden O'Neill,1998-07-04,Australia,MF,DM,,,"['2025', '2026']",5.0,10.0,154.0,mls,mls
p6qbOOL8Q0,Eugene Ansah,1994-12-16,Ghana,FW,ST,,,"['2023', '2024']",,,,mls,mls
p6qbOPb6Q0,Nathan Smith,1994-10-18,USA,DF,FB,,,2017,5.0,10.0,161.0,mls,mls
p6qbOXVXQ0,A.J. Cochran,1993-02-09,USA,DF,CB,,,"['2014', '2015']",6.0,3.0,196.0,mls,mls
p6qbOb4BQ0,Kevin Silva,1998-01-05,USA,,,,,{},6.0,1.0,179.0,mls,mls
p6qbOdB4Q0,Greg Ranjitsingh,1993-07-18,Trinidad & Tobago,GK,GK,,,"['2019', '2020', '2023']",6.0,2.0,194.0,mls,mls
p6qbOeRXQ0,Jordan Morris,1994-10-26,USA,MF,W,FW,ST,"['2016', '2017', '2019', '2020', '2021', '2022', '2023', '2024', '2025', '2026']",5.0,10.0,165.0,mls,mls
p6qbOkywQ0,Pablo Ruiz,1998-12-20,Argentina,MF,CM,,DM,"['2018', '2020', '2021', '2022', '2023', '2024', '2025', '2026']",5.0,8.0,176.0,mls,mls
p6qbOn3DQ0,Jonathan Bamba,1996-03-26,France,FW,W,MF,W,"['2025', '2026']",5.0,9.0,159.0,mls,mls
p6qbOnRpQ0,Getterson,1991-05-16,Brazil,MF,W,,,2016,5.0,10.0,154.0,mls,mls
p6qbOnb8Q0,Saba Lobjanidze,1994-12-18,Georgia,MF,W,,,"['2023', '2024', '2025', '2026']",5.0,9.0,159.0,mls,mls
p6qbOpVDQ0,Lucas Halter,2000-05-02,Brazil,DF,CB,,,2026,6.0,2.0,198.0,mls,mls
p6qbOr43Q0,Raul Aguilera Jr.,1999-08-02,USA,MF,DM,,,2021,5.0,9.0,154.0,mls,mls
p6qbOyLXQ0,Jaime Villarreal,1995-06-23,USA,MF,DM,,,2017,5.0,8.0,170.0,mls,mls
p6qbPO3M0G,Kevin Hartman,1974-05-25,USA,,,,,{},6.0,1.0,194.0,mls,mls
p6qbPXRpM0,Alex Harris,2005-02-16,USA,MF,W,,,"['2025', '2026']",5.0,11.0,,mls,mls
p6qbPrmDM0,Charles-Emile Brunet,2003-11-26,Canada,MF,DM,,,2026,,,,mls,mls
p6qbRvwq0G,Terry Dunfield,1982-02-20,Canada,MF,CM,,,2013,5.0,10.0,165.0,mls,mls
p6qbe1xw50,Jere Uronen,1994-07-13,Finland,DF,FB,,,"['2023', '2024']",5.0,10.0,152.0,mls,mls
p6qbe72X50,Alessandro Schöpf,1994-02-07,Austria,MF,CM,,,"['2022', '2023', '2024']",5.0,10.0,163.0,mls,mls
p6qbeAGX50,Ben Speas,1991-01-17,USA,MF,W,,,"['2013', '2014', '2015']",5.0,8.0,157.0,mls,mls
p6qbeAe350,Erich Marscheider,1993-01-05,USA,,,,,{},6.0,3.0,185.0,mls,mls
p6qbeAm650,Carlo Chueca,1993-03-23,Peru,MF,DM,,AM,2013,5.0,7.0,143.0,mls,mls
p6qbeEd350,Brad Stuver,1991-04-16,USA,GK,GK,,,"['2016', '2018', '2019', '2021', '2022', '2023', '2024', '2025', '2026']",6.0,3.0,181.0,mls,mls
p6qbeEp850,Jossimar Sanchez,1991-09-04,USA,,,,,{},5.0,9.0,172.0,mls,mls
p6qbeLpB50,Brecht Dejaegere,1991-05-29,Belgium,MF,AM,FW,W,"['2023', '2024']",5.0,8.0,157.0,mls,mls
p6qbeO2850,Bryan de la Fuente,1992-07-01,USA,MF,W,,,2013,5.0,11.0,157.0,mls,mls
p6qbePyD50,Santiago Arias,1992-01-13,Colombia,DF,FB,,,2023,5.0,10.0,159.0,mls,mls
p6qbeZ1p50,Robin Lod,1993-04-17,Finland,MF,W,,,"['2019', '2020', '2021', '2022', '2023', '2024', '2025', '2026']",5.0,11.0,181.0,mls,mls
p6qbedyp50,Brandon Allen,1993-10-08,USA,MF,W,FW,ST,"['2016', '2017']",6.0,0.0,181.0,mls,mls
p6qbekPD50,Tyler Boyd,1994-12-30,USA,MF,W,,,"['2023', '2024', '2025', '2026']",6.0,0.0,163.0,mls,mls
p6qbekRb50,Jalen Robinson,1994-05-08,USA,DF,CB,,,"['2016', '2017', '2018', '2019']",5.0,9.0,146.0,mls,mls
p6qbenoB50,Ethan Finlay,1990-08-06,USA,MF,W,,,"['2013', '2014', '2015', '2016', '2017', '2018', '2019', '2020', '2021', '2022', '2023', '2024']",5.0,9.0,161.0,mls,mls
p6qbeo1650,Omar Salgado,1993-09-10,USA,MF,W,FW,ST,2014,6.0,4.0,212.0,mls,mls
p6qbeyWD50,Lucas Ontivero,1994-09-09,Argentina,MF,W,,,2016,5.0,7.0,141.0,mls,mls
p6qbgGEpQ0,Kerwin Vargas,2002-01-02,Colombia,MF,W,,,"['2022', '2023', '2024', '2025', '2026']",5.0,11.0,154.0,mls,mls
p6qbgNaBQ0,Baltasar Rodríguez,2003-07-09,Argentina,MF,W,,,2025,5.0,8.0,139.0,mls,mls
p6qbgb04Q0,Omar Marquez,2008-02-21,USA,,,,,{},5.0,5.0,,mls,mls
p6qbgbN8Q0,Sawyer Jura,2006-03-09,USA,DF,FB,,,2024,,,,mls,mls
p6qbgzx4Q0,Jasper Löeffelsend,1997-09-10,,MF,CM,,,"['2022', '2023', '2024', '2025']",,,,mls,mls
p6qboAn8Q0,Luca Orellano,2000-03-22,Argentina,DF,FB,,,"['2024', '2025']",5.0,10.0,146.0,mls,mls
p6qboGWbQ0,Carlos Harvey,2000-02-03,Panama,DF,CB,,,"['2020', '2021', '2024', '2025', '2026']",6.0,0.0,165.0,mls,mls
p6qboL8pQ0,Erik McCue,2001-01-18,,,,,,{},6.0,3.0,185.0,mls,mls
p6qboXnDQ0,JahLane Forbes,2002-02-05,USA,,,,,{},6.0,0.0,154.0,mls,mls
p6qboeJDQ0,Damian Rivera,2002-12-08,USA,MF,W,,,"['2021', '2022', '2023']",5.0,10.0,161.0,mls,mls
p6qbokmpQ0,Jairo Quinteros,2001-02-07,Bolivia,DF,CB,,,2022,6.0,0.0,174.0,mls,mls
p6qbomNwQ0,Caio Alexandre,1999-02-24,Brazil,MF,CM,,,"['2021', '2022']",5.0,9.0,146.0,mls,mls
p6qborPBQ0,Javier Otero,2002-11-18,Spain,GK,GK,,,"['2024', '2025', '2026']",6.0,6.0,190.0,mls,mls
p6qbp3XM0G,Issey Nakajima-Farran,1984-05-14,Canada,MF,W,,,2014,5.0,10.0,161.0,mls,mls
p6qbpwpM0G,Jorge Bava,1981-08-02,Uruguay,GK,GK,,,2017,6.0,4.0,203.0,mls,mls
p6qbr04q0G,Andrew Jacobson,1985-09-25,USA,MF,DM,,,"['2013', '2014', '2015', '2016', '2017']",6.0,2.0,194.0,mls,mls
p6qbrkpq0G,Harrison Afful,1986-07-24,Ghana,DF,FB,,,"['2015', '2016', '2017', '2018', '2019', '2020', '2021', '2022', '2023']",5.0,7.0,148.0,mls,mls
p6qbrx8q0G,Steve Purdy,1985-02-05,El Salvador,DF,CB,,,2013,6.0,4.0,192.0,mls,mls
p6qbzJ4q0G,Eloi Amagat,1985-05-21,Spain,MF,CM,,,2018,5.0,11.0,159.0,mls,mls
raMy1LRMd2,Mario Martínez,1989-07-30,Honduras,MF,W,,,2013,5.0,8.0,154.0,mls,mls
raMy43RQd2,Oswaldo Alanís,1989-03-18,Mexico,DF,CB,,,"['2020', '2021']",6.0,0.0,183.0,mls,mls
raMy4eBQd2,Dom Dwyer,1990-07-30,England,FW,ST,,,"['2013', '2014', '2015', '2016', '2017', '2018', '2019', '2020', '2021', '2022']",5.0,9.0,181.0,mls,mls
raMy4ylQd2,Omar González,1988-10-11,USA,DF,CB,,,"['2013', '2014', '2015', '2019', '2020', '2021', '2022', '2023', '2024', '2025']",6.0,5.0,207.0,mls,mls
raMy7neqd2,Robbie Russell,1979-07-16,USA,MF,CM,,,2013,6.0,2.0,201.0,mls,mls
raMy7oNqd2,Donovan Ricketts,1977-07-06,Jamaica,GK,GK,,,"['2013', '2014', '2015']",6.0,4.0,212.0,mls,mls
raMyA4JNMd,James Murphy,1997-09-17,USA,,,,,{},5.0,11.0,159.0,mls,mls
raMyA6KRMd,Jon Gallagher,1996-02-23,Republic of Ireland,DF,FB,,,"['2020', '2021', '2022', '2023', '2024', '2025', '2026']",5.0,9.0,159.0,mls,mls
raMyAExNMd,Nick Fernandez,2001-12-22,USA,MF,AM,,,"['2025', '2026']",5.0,11.0,150.0,mls,mls
raMyAGEBMd,Fafa Picault,1991-02-23,USA,MF,W,,,"['2017', '2018', '2019', '2020', '2021', '2022', '2023', '2024', '2025', '2026']",5.0,8.0,139.0,mls,mls
raMyAK7RMd,Romario Williams,1994-08-15,Jamaica,FW,ST,,,"['2015', '2018', '2019']",5.0,11.0,172.0,mls,mls
raMyAW6BMd,Sebastian Breza,1998-03-15,Canada,GK,GK,,,"['2021', '2022', '2024', '2025', '2026']",6.0,5.0,192.0,mls,mls
raMyAWZAMd,Kévin Denkey,2000-11-30,Togo,FW,ST,,,"['2025', '2026']",5.0,11.0,179.0,mls,mls
raMyAWjdMd,Kevon Lambert,1997-03-22,Jamaica,DF,CB,,,2023,6.0,2.0,165.0,mls,mls
raMyAZR2Md,Cristian Roldan,1995-06-03,USA,MF,DM,,,"['2015', '2016', '2017', '2018', '2019', '2020', '2021', '2022', '2023', '2024', '2025', '2026']",5.0,8.0,165.0,mls,mls
raMyAZyBMd,Nicholas DePuy,1994-11-14,USA,DF,CB,,,"['2017', '2020', '2021', '2022']",6.0,5.0,205.0,mls,mls
raMyAn8AMd,Leo Väisänen,1997-07-23,Finland,DF,CB,,,"['2023', '2024']",6.0,1.0,168.0,mls,mls
raMyAnbAMd,Shamit Shome,1997-09-05,Canada,MF,CM,,,"['2017', '2018', '2019', '2020']",5.0,9.0,152.0,mls,mls
raMyArbNMd,Ambroise Oyongo,1991-06-22,Cameroon,DF,FB,,,"['2014', '2015', '2016', '2017']",5.0,9.0,152.0,mls,mls
raMyArxkMd,Zeca,1994-05-16,Brazil,DF,FB,,,2022,5.0,7.0,150.0,mls,mls
raMyAwplMd,Jeff Caldwell,1996-02-20,USA,,,,,{},6.0,3.0,192.0,mls,mls
raMyAx7JMd,David Milinkovic,1994-05-20,Serbia,MF,W,,AM,2020,5.0,11.0,154.0,mls,mls
raMyAyVlMd,Eduardo Sosa,1996-06-20,Venezuela,MF,AM,,,"['2018', '2019']",5.0,6.0,150.0,mls,mls
raMyAywlMd,Miguel Almirón,1994-02-10,Paraguay,MF,AM,,,"['2017', '2018', '2025', '2026']",5.0,9.0,154.0,mls,mls
raMyDGeQd2,Dilly Duka,1989-12-15,USA,MF,W,,,"['2013', '2014', '2015', '2016', '2017']",5.0,9.0,161.0,mls,mls
raMyDbBQd2,Daneil Cyrus,1990-12-15,Trinidad & Tobago,DF,CB,,FB,2015,6.0,3.0,152.0,mls,mls
raMyDodQd2,Bryan Oviedo,1990-02-18,Costa Rica,DF,FB,,,"['2022', '2023', '2024']",5.0,8.0,152.0,mls,mls
raMyJE25d2,Eric Alexander,1988-04-14,USA,MF,DM,,W,"['2013', '2014', '2015', '2016', '2017', '2018', '2019']",6.0,1.0,165.0,mls,mls
raMyJle5d2,Róger Torres,1991-07-13,Colombia,MF,DM,,CM,2013,5.0,5.0,141.0,mls,mls
raMyKAkeqd,Jahmarie Nolan,2009-11-11,Jamaica,,,,,{},,,,mls,mls
raMyKZlRqd,Vicente Garcia,2010-06-25,USA,,,,,{},,,,mls,mls
raMyRP25d2,Zoltán Stieber,1988-10-16,Hungary,MF,W,,,"['2017', '2018', '2019']",5.0,9.0,148.0,mls,mls
raMyYgOMd2,Justin Braun,1987-03-31,USA,FW,ST,,,2013,6.0,3.0,196.0,mls,mls
raMyZ9RN5d,Matt Walker,1992-09-16,USA,,,,,{},5.0,6.0,152.0,mls,mls
raMyZA6R5d,Ravel Morrison,1993-02-02,England,MF,CM,,,2022,5.0,9.0,157.0,mls,mls
raMyZARk5d,Mathieu Deplagne,1991-10-01,France,DF,FB,,,"['2019', '2020']",6.0,0.0,172.0,mls,mls
raMyZGX25d,Kellen Gulley,1994-04-06,USA,,,,,{},6.0,0.0,185.0,mls,mls
raMyZGeA5d,Andy Rose,1990-02-13,England,DF,CB,MF,CM,"['2013', '2014', '2015', '2019', '2020', '2021']",6.0,2.0,172.0,mls,mls
raMyZKNl5d,Bradford Rusin,1986-09-05,USA,DF,CB,,,2013,6.0,4.0,216.0,mls,mls
raMyZWeR5d,Sebastian Schonlau,1994-08-05,Germany,DF,CB,,,2026,6.0,1.0,176.0,mls,mls
raMyZX9N5d,Anton Salétros,1996-04-12,Sweden,MF,CM,,DM,2026,6.0,0.0,157.0,mls,mls
raMyZXgA5d,Carlos Ascues,1992-05-19,Peru,MF,CM,,DM,"['2018', '2019']",6.0,2.0,172.0,mls,mls
raMyZXrR5d,Bjørn Maars Johnsen,1991-11-06,Norway,FW,ST,,,2021,6.0,5.0,179.0,mls,mls
raMyZd6k5d,Martin Ponce,1992-06-30,Mexico,MF,CM,,,2013,5.0,10.0,141.0,mls,mls
raMyZkgd5d,Ryan Neil,1992-01-02,USA,,,,,{},6.0,1.0,165.0,mls,mls
raMyZoDk5d,Elías Vásquez,1992-06-18,Guatemala,DF,CB,,,2015,5.0,4.0,,mls,mls
raMyZoye5d,Rodolfo Zelaya,1988-07-03,El Salvador,FW,W,,ST,2019,5.0,9.0,154.0,mls,mls
raMyZpb25d,London Woodberry,1991-05-28,USA,DF,CB,,FB,"['2013', '2015', '2016', '2017']",6.0,1.0,157.0,mls,mls
raMyZr7A5d,Michael Nanchoff,1988-09-24,USA,MF,W,,,"['2013', '2014', '2015']",5.0,8.0,152.0,mls,mls
raMyZzBN5d,Matt Lampson,1989-09-06,USA,GK,GK,,,"['2013', '2016', '2017', '2018', '2019']",6.0,3.0,201.0,mls,mls
raMye0jJMd,Matai Akinmboni,2006-10-17,USA,DF,CB,,,"['2022', '2023', '2024']",6.0,3.0,170.0,mls,mls
raMye4vBMd,Charles Auguste,1999-11-25,Canada,,,,,{},5.0,10.0,,mls,mls
raMyeRERMd,Tate Johnson,2005-07-10,USA,DF,FB,,,"['2025', '2026']",5.0,7.0,141.0,mls,mls
raMyeZ2NMd,Pablo Ortíz,2000-06-08,Colombia,DF,CB,,,2025,5.0,11.0,154.0,mls,mls
raMyedEkMd,Rémi Cabral,1999-07-10,France,DF,FB,,,2023,6.0,0.0,161.0,mls,mls
raMyedmkMd,Griffin Dillon,2003-04-25,USA,MF,CM,,,2026,5.0,11.0,159.0,mls,mls
raMyeeOAMd,Tomás Ángel,2003-02-20,Colombia,FW,ST,,,"['2024', '2025']",5.0,9.0,,mls,mls
raMyekYkMd,Miguel Perez,2005-04-28,USA,MF,CM,,DM,"['2023', '2026']",5.0,11.0,154.0,mls,mls
raMyeneJMd,Ryan Sailor,1998-11-27,USA,DF,CB,,,"['2022', '2023', '2024', '2025']",,,,mls,mls
raMyew7JMd,Lorenzo Dellavalle,2004-04-04,Italy,,,,,{},,,,mls,mls
raMyez0kMd,Alejandro Urzua,2006-04-03,USA,,,,,{},,,,mls,mls
raMyndB5d2,Vytautas Andriuskevicius,1990-10-08,Lithuania,DF,FB,,,"['2016', '2017', '2018']",6.0,2.0,174.0,mls,mls
raMyoAOeqd,Mauricio Gonzalez,2004-09-15,Colombia,MF,AM,,,2026,,,,mls,mls
raMyoEVOqd,Aidan O'Connor,2001-10-07,USA,DF,CB,,,2024,6.0,3.0,,mls,mls
raMyoLlNqd,Lucas Herrington,2007-07-05,Australia,DF,CB,,,2026,6.0,4.0,139.0,mls,mls
raMyob1lqd,Sydney Wathuta,,Canada,MF,W,,,2025,6.0,3.0,172.0,mls,mls
raMyr4Ne5d,David Brekalo,1998-12-03,Slovenia,DF,CB,,FB,"['2024', '2025', '2026']",6.0,2.0,,mls,mls
raMyr9D25d,Akeem Ward,1996-01-05,USA,DF,FB,,,2019,5.0,7.0,150.0,mls,mls
raMyrEDR5d,Patrickson Delgado,2003-10-17,Ecuador,MF,CM,,,"['2024', '2025', '2026']",5.0,8.0,141.0,mls,mls
raMyrW2A5d,Matheus Pereira,2000-12-21,Brazil,DF,FB,,,2026,5.0,8.0,150.0,mls,mls
raMyrZKR5d,Moses Nyeman,2003-11-05,USA,MF,CM,,,"['2020', '2021', '2022', '2023', '2024']",5.0,5.0,126.0,mls,mls
raMyrgzB5d,Gavin Beavers,2005-04-29,USA,GK,GK,,,"['2023', '2024']",6.0,5.0,170.0,mls,mls
raMyrjVN5d,Logan Erb,2004-01-07,USA,,,,,{},,,,mls,mls
raMyrkZe5d,Jack Sandmeyer,2002-10-18,USA,,,,,{},,,,mls,mls
raMyrrNJ5d,Bode Hidalgo,2002-02-22,USA,DF,FB,,,"['2022', '2023', '2024', '2025', '2026']",5.0,11.0,154.0,mls,mls
raMyrrxd5d,Jack De Vries,2002-03-28,USA,MF,W,,AM,2020,5.0,10.0,146.0,mls,mls
raMyrwkR5d,Boris Enow,2000-03-30,Cameroon,MF,CM,,,"['2024', '2025']",,,,mls,mls
raMyxpAQd2,Vicente Sánchez,1979-12-07,Uruguay,MF,W,,,"['2013', '2014', '2015', '2017']",5.0,7.0,146.0,mls,mls
raMyyJaAMd,Paul Marie,1995-03-24,France,DF,FB,,,"['2019', '2020', '2021', '2022', '2023', '2024', '2025', '2026']",5.0,8.0,141.0,mls,mls
raMyyvBOMd,Julian Dunn-Johnson,2000-11-07,Canada,DF,CB,,,"['2018', '2021']",6.0,2.0,181.0,mls,mls
vzqo0rBQap,Rasmus Schüller,1991-06-18,Finland,MF,CM,,DM,"['2017', '2018', '2019']",5.0,10.0,148.0,mls,mls
vzqo4GNQap,Graham Zusi,1986-08-18,USA,DF,FB,,,"['2013', '2014', '2015', '2016', '2017', '2018', '2019', '2020', '2021', '2022', '2023']",5.0,10.0,161.0,mls,mls
vzqo4PJQap,Danny Cruz,1990-01-03,USA,MF,W,,,"['2013', '2014']",5.0,8.0,172.0,mls,mls
vzqo4pvQap,Mix Diskerud,1990-10-02,USA,MF,CM,,,"['2015', '2016']",6.0,0.0,150.0,mls,mls
vzqo6dp5ap,Gudmundur Thórarinsson,1992-04-15,Iceland,DF,FB,,,"['2020', '2021']",6.0,0.0,165.0,mls,mls
vzqo70PBqa,Amar Sejdić,1996-11-29,USA,MF,CM,,,"['2019', '2020', '2021', '2022', '2023', '2024', '2025', '2026']",5.0,10.0,159.0,mls,mls
vzqo71lNqa,Nick Besler,1993-05-07,USA,MF,DM,DF,CB,"['2018', '2019', '2020', '2021', '2022']",6.0,1.0,165.0,mls,mls
vzqo71pNqa,Yair Arboleda,1996-04-07,Colombia,MF,W,,,2016,5.0,8.0,159.0,mls,mls
vzqo71rBqa,Auston Trusty,1998-08-12,USA,DF,CB,,,"['2018', '2019', '2020', '2021', '2022']",6.0,3.0,185.0,mls,mls
vzqo721jqa,Mason Stajduhar,1997-12-02,USA,GK,GK,,,"['2021', '2022', '2023', '2024']",6.0,2.0,190.0,mls,mls
vzqo77Pkqa,Cristhian Machado,1990-06-20,Bolivia,MF,DM,,CM,2018,5.0,8.0,154.0,mls,mls
vzqo78BJqa,Omir Fernández,1999-02-08,USA,MF,W,,,"['2019', '2020', '2021', '2022', '2023', '2024', '2025', '2026']",5.0,7.0,141.0,mls,mls
vzqo7A3Lqa,Noah Billingsley,1997-08-06,New Zealand,DF,FB,,,2020,6.0,1.0,183.0,mls,mls
vzqo7Azvqa,Emir Karic,1997-06-09,Austria,DF,FB,,,2026,6.0,0.0,157.0,mls,mls
vzqo7E6Bqa,Amos Shapiro-Thompson,2000-01-11,USA,,,,,{},5.0,8.0,,mls,mls
vzqo7EpLqa,Anthony Markanich,1999-12-26,USA,DF,FB,,,"['2022', '2023', '2024', '2025', '2026']",6.0,1.0,,mls,mls
vzqo7G7Lqa,Bryan Gallego,1993-03-10,USA,,,,,{},5.0,10.0,165.0,mls,mls
vzqo7Gkpqa,Andy Polo,1994-09-29,Peru,MF,W,,CM,"['2018', '2019', '2020', '2021']",5.0,9.0,154.0,mls,mls
vzqo7Kevqa,Nicolas Samayoa,1995-08-02,Guatemala,,,,,{},5.0,9.0,174.0,mls,mls
vzqo7KzLqa,Eduardo Cortés,1993-08-31,USA,,,,,{},6.0,1.0,,mls,mls
vzqo7OyYqa,Anthony Jackson-Hamel,1993-08-03,Canada,FW,ST,,,"['2014', '2015', '2016', '2017', '2018', '2019', '2020']",6.0,1.0,181.0,mls,mls
vzqo7PoNqa,Marlon Hairston,1994-03-23,USA,MF,W,DF,FB,"['2014', '2015', '2016', '2017', '2018', '2019', '2020', '2021', '2022']",6.0,0.0,159.0,mls,mls
vzqo7WBNqa,Forrest Lasso,1993-05-11,USA,DF,CB,,,2019,6.0,5.0,209.0,mls,mls
vzqo7XWpqa,Jackson Ragen,1998-09-24,USA,DF,CB,,,"['2022', '2023', '2024', '2025', '2026']",6.0,4.0,194.0,mls,mls
vzqo7YOpqa,Cengiz Ünder,1997-07-14,Turkey,FW,W,,,2025,5.0,8.0,146.0,mls,mls
vzqo7b9Lqa,Bryan Róchez,1995-01-01,Honduras,FW,ST,,,2015,5.0,11.0,161.0,mls,mls
vzqo7j3Jqa,Niko Hansen,1994-09-14,Denmark,MF,W,,,"['2017', '2018', '2019', '2020', '2021', '2022']",5.0,10.0,170.0,mls,mls
vzqo7j8kqa,Matías Cóccaro,1997-11-15,Uruguay,FW,ST,,,2024,5.0,10.0,161.0,mls,mls
vzqo7jLvqa,Nouhou,1997-06-23,Cameroon,DF,FB,,,"['2017', '2018', '2019', '2020', '2021', '2022', '2023', '2024', '2025', '2026']",5.0,10.0,174.0,mls,mls
vzqo7joZqa,Teenage Hadebe,1995-09-17,Zimbabwe,DF,CB,,,"['2021', '2022', '2023', '2024', '2025', '2026']",5.0,11.0,163.0,mls,mls
vzqo7mXJqa,Iván Angulo,1999-03-22,Colombia,MF,W,,,"['2022', '2023', '2024', '2025', '2026']",5.0,7.0,146.0,mls,mls
vzqo7o4kqa,Milan Iloski,1999-07-29,USA,FW,ST,MF,W,"['2020', '2021', '2025', '2026']",5.0,10.0,154.0,mls,mls
vzqo7onNqa,Zachary Brault-Guillard,1998-12-30,Canada,DF,FB,,,"['2019', '2020', '2021', '2022', '2023']",5.0,7.0,143.0,mls,mls
vzqo7rGYqa,Ismaila Jome,1994-11-04,USA,DF,FB,,,"['2017', '2021']",6.0,1.0,170.0,mls,mls
vzqo7xdZqa,Adrián Arregui,1992-08-12,Argentina,MF,DM,,CM,2017,5.0,9.0,163.0,mls,mls
vzqo7xwjqa,Janio Bikel,1995-06-28,Portugal,MF,CM,,,"['2020', '2021']",5.0,9.0,139.0,mls,mls
vzqo7z9vqa,Lawson Sunderland,2001-11-07,USA,MF,CM,,,"['2023', '2024']",,,,mls,mls
vzqo7zLjqa,Thomas Meilleur-Giguère,1997-11-13,Canada,,,,,{},6.0,0.0,176.0,mls,mls
vzqo7zWLqa,Hugo Cuypers,1997-02-07,Belgium,FW,ST,,,"['2024', '2025', '2026']",6.0,1.0,165.0,mls,mls
vzqo7zdZqa,Oliver Larraz,2001-09-16,USA,MF,DM,,,"['2021', '2023', '2024', '2025', '2026']",,,,mls,mls
vzqo8xZQap,David Ferreira,1979-08-09,Colombia,MF,AM,,,2013,5.0,5.0,146.0,mls,mls
vzqoG47qap,Shaun Maloney,1983-01-24,Scotland,MF,AM,,,2015,5.0,7.0,152.0,mls,mls
vzqoG6aLqa,Juan Manuel Sanabria,2000-03-29,Uruguay,DF,FB,,,2026,5.0,7.0,132.0,mls,mls
vzqoJ3pj5a,Julian Hall,2008-03-24,USA,FW,ST,,,"['2023', '2024', '2025', '2026']",,,,mls,mls
vzqoJEEv5a,Felix Samson,2007-10-26,Canada,,,,,{},6.0,2.0,,mls,mls
vzqoJLyY5a,Tarik Scott,2005-04-23,USA,MF,W,,,"['2024', '2025']",5.0,10.0,141.0,mls,mls
vzqoJNWB5a,Enes Sali,2006-02-23,Romania,MF,W,,,2025,5.0,6.0,,mls,mls
vzqoJNzk5a,Aiden Harangi,2006-02-08,USA,DF,FB,,,2025,5.0,7.0,,mls,mls
vzqoJRKB5a,Dylan Judelson,2008-06-05,Canada,,,,,{},,,,mls,mls
vzqoJZmN5a,Riley Lynch,2003-01-02,USA,,,,,{},,,,mls,mls
vzqoJrEk5a,Diego Gómez,2003-03-27,Paraguay,FW,W,MF,CM,"['2023', '2024']",6.0,1.0,170.0,mls,mls
vzqoJyzB5a,Ashton Gordon,2007-04-14,Jamaica,,,,,{},,,,mls,mls
vzqoJzL75a,Nicholas Markanich,1999-12-26,USA,FW,ST,,,"['2022', '2026']",,,,mls,mls
vzqoOJ2Jqa,Bertin Jacquesson,2001-01-20,France,MF,W,FW,ST,2023,6.0,0.0,181.0,mls,mls
vzqoOO2Zqa,Hamady Diop,2002-06-06,Senegal,DF,FB,,,"['2023', '2025']",6.0,0.0,,mls,mls
vzqoOapqap,Nick Rimando,1979-06-17,USA,GK,GK,,,"['2013', '2014', '2015', '2016', '2017', '2018', '2019']",5.0,9.0,185.0,mls,mls
vzqoWPLqap,Gregory Van der Wiel,1988-02-03,Netherlands,DF,FB,,CB,2018,5.0,11.0,152.0,mls,mls
vzqoWWYqap,Nick LaBrocca,1984-12-04,USA,MF,CM,,,"['2013', '2014', '2015', '2016']",5.0,10.0,165.0,mls,mls
vzqoWbkqap,Luis Robles,1984-05-11,USA,GK,GK,,,"['2013', '2014', '2015', '2016', '2017', '2018', '2019', '2020']",6.0,1.0,181.0,mls,mls
vzqoYOBMap,Andrés Imperiale,1986-07-08,Argentina,DF,CB,,,"['2016', '2017']",6.0,1.0,172.0,mls,mls
vzqod6okQa,Curtis Ofori,2005-11-20,USA,,,,,{},5.0,7.0,128.0,mls,mls
vzqod7xBQa,Shapi Suleymanov,1999-12-16,Russia,MF,W,FW,W,"['2025', '2026']",5.0,7.0,146.0,mls,mls
vzqod8K7Qa,Kyogo Furuhashi,1995-01-20,Japan,FW,W,,,2026,5.0,7.0,139.0,mls,mls
vzqod90kQa,Andres Jasson,2002-01-17,USA,MF,W,DF,FB,"['2021', '2022', '2023', '2024']",5.0,9.0,,mls,mls
vzqodD8ZQa,Quimi Ordoñez,2003-08-05,USA,FW,ST,,,"['2021', '2022', '2023']",6.0,2.0,159.0,mls,mls
vzqodDYYQa,Gabriel Slonina,2004-05-15,USA,GK,GK,,,"['2021', '2022']",6.0,4.0,194.0,mls,mls
vzqodDnvQa,Rida Zouhir,2003-11-23,Canada,MF,CM,,,"['2021', '2022', '2023', '2024', '2025']",5.0,10.0,161.0,mls,mls
vzqodKdZQa,Capita,2002-01-10,Angola,MF,W,,,2026,5.0,7.0,,mls,mls
vzqodVa7Qa,Hamzat Ojediran,2003-11-14,Nigeria,MF,DM,,,2026,5.0,8.0,174.0,mls,mls
vzqodWY7Qa,Alejandro Alvarado Jr.,2003-07-29,USA,MF,CM,,,"['2025', '2026']",5.0,8.0,150.0,mls,mls
vzqodXdjQa,Jamar Ricketts,2001-10-24,USA,DF,FB,,,"['2024', '2025', '2026']",,,,mls,mls
vzqodXlBQa,Britton Fischer,2004-02-25,USA,,,,,{},6.0,4.0,181.0,mls,mls
vzqodYYvQa,Malik Henry-Scott,2001-11-28,USA,,,,,{},5.0,10.0,174.0,mls,mls
vzqoddBpQa,Riley Thomas,2002-03-15,USA,,,,,{},,,,mls,mls
vzqoddNJQa,Garrison Tubbs,2002-02-17,USA,DF,CB,,,"['2024', '2025']",6.0,4.0,161.0,mls,mls
vzqoddvZQa,Dante Sealy,2003-04-17,USA,MF,W,,,"['2020', '2021', '2023', '2024', '2025', '2026']",5.0,11.0,161.0,mls,mls
vzqoddyjQa,Ousman Jabang,2001-03-29,USA,DF,CB,,,"['2023', '2024', '2025']",6.0,2.0,161.0,mls,mls
vzqodgRYQa,Sunusi Ibrahim,2002-10-01,Nigeria,FW,ST,,,"['2021', '2022', '2023', '2024', '2025']",,,,mls,mls
vzqodkKBQa,Zorhan Bassong,1999-05-07,Canada,DF,FB,,,"['2021', '2022', '2024', '2025', '2026']",5.0,10.0,,mls,mls
vzqodxN7Qa,Jacen Russell-Rowe,2002-09-13,Canada,FW,ST,,,"['2022', '2023', '2024', '2025']",6.0,0.0,161.0,mls,mls
vzqodxnBQa,Mathias Jørgensen,2000-09-20,Denmark,FW,ST,,,"['2019', '2020']",6.0,1.0,154.0,mls,mls
vzqoe47Map,Philippe Senderos,1985-02-14,Switzerland,DF,CB,,,"['2017', '2018']",6.0,3.0,190.0,mls,mls
vzqoeGWZMa,Pierre Lurot,2002-03-11,France,,,,,{},6.0,3.0,170.0,mls,mls
vzqoekyYMa,Luca Costabile,2002-07-10,Denmark,,,,,{},5.0,11.0,165.0,mls,mls
vzqokoZqap,Martin Steuble,1988-06-09,Philippines,MF,CM,,,2014,5.0,8.0,159.0,mls,mls
vzqor7PL5a,Arnór Ingvi Traustason,1993-04-30,Iceland,MF,W,,,"['2021', '2022']",6.0,0.0,165.0,mls,mls
vzqor9jp5a,Johan Kappelhof,1990-08-05,Netherlands,DF,CB,,,"['2016', '2017', '2018', '2019', '2020', '2021', '2022']",5.0,11.0,154.0,mls,mls
vzqorDOv5a,Leo Stolz,1991-02-15,Germany,,,,,{},5.0,11.0,170.0,mls,mls
vzqorGW75a,Gastón Brugman,1992-09-07,Uruguay,MF,DM,,CM,"['2022', '2023', '2024', '2025']",5.0,10.0,165.0,mls,mls
vzqorL075a,Yann Songo'o,1991-11-19,France,,,,,{},6.0,1.0,170.0,mls,mls
vzqorOPY5a,Yoshimar Yotún,1990-04-07,Peru,MF,CM,,DM,"['2017', '2018']",5.0,7.0,146.0,mls,mls
vzqorOeB5a,Éric Davis,1991-03-31,Panama,DF,FB,,,2023,5.0,11.0,172.0,mls,mls
vzqorWeJ5a,Zach Carroll,1994-03-16,USA,,,,,{},6.0,3.0,185.0,mls,mls
vzqorZ1J5a,Jay Chapman,1994-01-01,Canada,MF,CM,,,"['2015', '2016', '2017', '2018', '2019', '2020', '2021']",6.0,0.0,157.0,mls,mls
vzqorbnB5a,Marc Pelosi,1994-06-17,USA,MF,CM,,,2015,6.0,0.0,170.0,mls,mls
vzqordej5a,Evan Newton,1988-04-01,USA,,,,,{},6.0,2.0,192.0,mls,mls
vzqordwj5a,Richard Sánchez,1994-04-05,Mexico,GK,GK,,,"['2017', '2018', '2020']",6.0,3.0,196.0,mls,mls
vzqorepv5a,Thomas,1993-02-24,Brazil,MF,W,,,2015,5.0,10.0,159.0,mls,mls
vzqorgZ75a,Julio Morales,1993-12-19,Mexico,FW,ST,,,2013,5.0,11.0,163.0,mls,mls
vzqorjWv5a,Alexander Callens,1992-05-04,Peru,DF,CB,,,"['2017', '2018', '2019', '2020', '2021', '2022']",6.0,1.0,168.0,mls,mls
vzqorn0J5a,Tom Pettersson,1990-03-25,Sweden,DF,CB,,,"['2020', '2021']",6.0,3.0,183.0,mls,mls
vzqorndj5a,Tommy Meyer,1990-03-20,USA,DF,CB,,,"['2013', '2014', '2015']",6.0,2.0,176.0,mls,mls
vzqornnY5a,Mohamed El-Munir,1992-04-08,Libya,DF,FB,,,"['2018', '2019', '2020']",5.0,9.0,154.0,mls,mls
vzqorrRk5a,Carles Gil,1992-11-22,Spain,MF,AM,,,"['2019', '2020', '2021', '2022', '2023', '2024', '2025', '2026']",5.0,7.0,139.0,mls,mls
vzqorvWB5a,Dillon Serna,1994-03-25,USA,MF,W,,,"['2013', '2014', '2015', '2016', '2017', '2018', '2019']",5.0,7.0,137.0,mls,mls
vzqorxkY5a,Alex Tambakis,1992-12-08,Greece,GK,GK,,,2017,6.0,2.0,198.0,mls,mls
vzqory4B5a,Aaron Wheeler,1988-05-11,USA,DF,CB,,,"['2013', '2014']",6.0,4.0,198.0,mls,mls
vzqowm7qap,Lionel Messi,1987-06-24,Argentina,FW,ST,,W,"['2023', '2024', '2025', '2026']",5.0,7.0,159.0,mls,mls
vzqozAB5ap,Gustavo Bou,1990-02-18,Argentina,FW,ST,,,"['2019', '2020', '2021', '2022', '2023']",5.0,9.0,159.0,mls,mls
wvq90Ym5Wn,Xherdan Shaqiri,1991-10-10,Switzerland,MF,AM,,,"['2022', '2023', '2024']",5.0,7.0,159.0,mls,mls
wvq932XBMW,Holden Trent,1999-07-07,USA,,,,,{},,,,mls,mls
wvq94415Wn,Kosuke Kimura,1984-05-14,Japan,DF,FB,,,"['2013', '2014']",5.0,9.0,157.0,mls,mls
wvq94DB5Wn,Krisztián Németh,1989-01-05,Hungary,FW,ST,,W,"['2015', '2017', '2018', '2019', '2020']",5.0,11.0,163.0,mls,mls
wvq94NN5Wn,Brad Knighton,1985-02-06,USA,GK,GK,,,"['2013', '2014', '2015', '2016', '2017', '2018', '2019', '2020', '2021', '2022']",6.0,2.0,181.0,mls,mls
wvq94zN5Wn,Fred,1979-08-18,Brazil,MF,AM,,,"['2014', '2015']",5.0,8.0,152.0,mls,mls
wvq9E1mqWn,Bobby Convey,1983-05-27,USA,MF,W,,,"['2013', '2014']",5.0,9.0,152.0,mls,mls
wvq9GKwMWn,Patrick Nyarko,1986-01-15,Ghana,MF,W,,,"['2013', '2014', '2015', '2016', '2017']",6.0,0.0,165.0,mls,mls
wvq9X6JB5W,Alan Carleton,2005-03-20,USA,MF,W,FW,W,2025,5.0,8.0,119.0,mls,mls
wvq9XGwN5W,Andrés Gómez,2002-09-12,Colombia,MF,W,,,"['2023', '2024']",,,,mls,mls
wvq9XO7B5W,Colin Guske,2007-01-29,USA,MF,CM,,DM,"['2025', '2026']",,,,mls,mls
wvq9XOgm5W,Marcos Zambrano-Delgado,2005-01-20,USA,FW,W,,,2026,,,,mls,mls
wvq9XOlw5W,Micah Burton,2006-03-26,USA,MF,W,,,2026,,,,mls,mls
wvq9Xd3l5W,Marcos Dias,2001-11-30,Brazil,MF,W,,,2024,,,,mls,mls
wvq9Xdlw5W,Tadeo Allende,1999-02-20,Argentina,MF,W,,,"['2025', '2026']",,,,mls,mls
wvq9Xp1B5W,Gabriel Pirani,2002-04-12,Brazil,MF,AM,,,"['2023', '2024', '2025', '2026']",,,,mls,mls
wvq9XpEN5W,Isak Jensen,2003-12-23,Denmark,MF,W,,,2023,6.0,1.0,201.0,mls,mls
wvq9XwJ35W,Luka Gavran,2000-05-09,Canada,GK,GK,,,"['2023', '2024', '2025', '2026']",6.0,6.0,201.0,mls,mls
wvq9Xym5Wn,Rod Fanni,1981-12-06,France,DF,CB,,,"['2018', '2019', '2020']",6.0,1.0,172.0,mls,mls
wvq9ZjBQWn,David Guzmán,1990-02-18,Costa Rica,MF,DM,,,"['2017', '2018', '2019']",5.0,10.0,132.0,mls,mls
wvq9bOBQWn,Felipe,1990-09-30,Brazil,MF,DM,,,"['2013', '2014', '2015', '2016', '2017', '2018', '2019', '2020', '2021', '2022', '2023', '2024']",5.0,7.0,152.0,mls,mls
wvq9e92NqW,Ben Martino,2002-09-13,USA,,,,,{},6.0,6.0,194.0,mls,mls
wvq9eBAlqW,Ricky Lopez-Espin,1995-12-02,USA,FW,ST,,,2018,6.0,3.0,201.0,mls,mls
wvq9eKg7qW,Kamran Acito,2004-03-05,USA,,,,,{},,,,mls,mls
wvq9eLBwqW,Alhassan Yusuf,2000-07-18,Nigeria,MF,CM,,DM,"['2024', '2025', '2026']",5.0,9.0,146.0,mls,mls
wvq9eWbBqW,Deandre Kerr,2002-11-29,Canada,FW,ST,,,"['2022', '2023', '2024', '2025', '2026']",5.0,11.0,179.0,mls,mls
wvq9eXy3qW,Sam Sarver,2003-03-03,USA,DF,FB,,,"['2025', '2026']",5.0,10.0,187.0,mls,mls
wvq9eY8YqW,Robert Voloder,2001-05-09,Germany,DF,CB,,,"['2022', '2023', '2024', '2025', '2026']",6.0,1.0,165.0,mls,mls
wvq9eZdYqW,Benji Kikanović,2000-01-06,USA,DF,FB,,,"['2021', '2022', '2023', '2024', '2025', '2026']",6.0,1.0,170.0,mls,mls
wvq9ebLaqW,Reed Baker-Whiting,2005-03-31,USA,DF,FB,,,"['2021', '2022', '2023', '2024', '2025', '2026']",6.0,0.0,154.0,mls,mls
wvq9ed47qW,Brendan McSorley,2002-02-01,USA,MF,W,,,"['2024', '2025', '2026']",,,,mls,mls
wvq9edX1qW,Irakoze Donasiyano,1998-02-03,USA,MF,CM,,,2021,5.0,10.0,152.0,mls,mls
wvq9edxmqW,Ian Smith,2002-07-16,USA,DF,FB,,,"['2025', '2026']",6.0,1.0,,mls,mls
wvq9el3NqW,Max Anchor,2004-07-21,Canada,GK,GK,,,2022,,,,mls,mls
wvq9emNqWn,Andrea Pisanu,1982-01-07,Italy,MF,W,,,2013,5.0,8.0,159.0,mls,mls
wvq9ena3qW,Jack Jasinski,2003-12-04,USA,DF,FB,,,2026,6.0,0.0,159.0,mls,mls
wvq9epE3qW,Manny Perez,1999-02-19,USA,FW,ST,,,2021,6.0,0.0,150.0,mls,mls
wvq9g7AaMW,Tim Parker,1993-02-23,USA,DF,CB,,,"['2015', '2016', '2017', '2018', '2019', '2020', '2021', '2022', '2023', '2024', '2025', '2026']",6.0,2.0,194.0,mls,mls
wvq9g7B7MW,Patrick Doody,1992-04-22,USA,DF,FB,,,"['2015', '2017']",6.0,0.0,181.0,mls,mls
wvq9gLbaMW,Erickson Gallardo,1996-07-26,Venezuela,MF,W,,,"['2019', '2020']",5.0,8.0,150.0,mls,mls
wvq9gNOBMW,Jairo Torres,2000-07-05,Mexico,MF,W,,,"['2022', '2023']",5.0,7.0,154.0,mls,mls
wvq9gNWlMW,Zachary Herivaux,1996-02-01,Haiti,DF,FB,,,"['2016', '2018']",6.0,1.0,150.0,mls,mls
wvq9gNglMW,Thomas Edwards,1999-01-22,England,DF,CB,,,"['2021', '2022']",5.0,9.0,168.0,mls,mls
wvq9gNr3MW,Souleyman Doumbia,1996-09-24,Ivory Coast,DF,FB,,,2025,5.0,10.0,161.0,mls,mls
wvq9gPmNMW,Jack Elliott,1995-08-25,England,DF,CB,,,"['2017', '2018', '2019', '2020', '2021', '2022', '2023', '2024', '2025', '2026']",6.0,6.0,183.0,mls,mls
wvq9gbRaMW,Luiz Fernando,1997-06-23,Brazil,,,,,{},5.0,9.0,161.0,mls,mls
wvq9go6aMW,Diego Rossi,1998-03-05,Uruguay,FW,W,,,"['2018', '2019', '2020', '2021', '2023', '2024', '2025', '2026']",5.0,7.0,146.0,mls,mls
wvq9gwJZMW,Kadin Chung,1998-09-05,Canada,DF,FB,,CB,2022,5.0,7.0,146.0,mls,mls
wvq9gxBmMW,Joao Ortíz,1996-05-01,Ecuador,MF,DM,,CM,"['2025', '2026']",5.0,10.0,154.0,mls,mls
wvq9gzx1MW,Sergi Palencia,1996-03-23,Spain,DF,FB,,,"['2023', '2024', '2025', '2026']",5.0,8.0,148.0,mls,mls
wvq9j2YQWn,Jon Busch,1976-08-18,USA,GK,GK,,,"['2013', '2014', '2015']",5.0,10.0,165.0,mls,mls
wvq9jYdBQW,Stephen Afrifa,2001-02-19,Canada,MF,W,FW,W,"['2023', '2024', '2025', '2026']",5.0,11.0,,mls,mls
wvq9jvANQW,Markus Anderson,2003-12-11,USA,MF,CM,FW,ST,"['2024', '2025']",6.0,1.0,,mls,mls
wvq9o3BMWn,Eloy Room,1989-02-06,Curaçao,GK,GK,,,"['2019', '2020', '2021', '2022', '2023']",6.0,2.0,179.0,mls,mls
wvq9opZMWn,Jordi Alba,1989-03-21,Spain,DF,FB,,,"['2023', '2024', '2025']",5.0,7.0,150.0,mls,mls
wvq9p0mY5W,Bryan Salazar,1994-10-17,USA,,,,,{},5.0,9.0,157.0,mls,mls
wvq9p10l5W,Yimmi Chará,1991-04-02,Colombia,MF,W,,,"['2020', '2021', '2022', '2023']",5.0,4.0,143.0,mls,mls
wvq9p2xB5W,Brendan Ruiz,1993-08-06,USA,,,,,{},6.0,2.0,174.0,mls,mls
wvq9p7dY5W,Taylor Kemp,1990-07-23,USA,DF,FB,,,"['2013', '2014', '2015', '2016', '2017']",5.0,11.0,154.0,mls,mls
wvq9p9y15W,Alan Benítez,1994-01-25,Paraguay,DF,FB,,,2022,5.0,10.0,152.0,mls,mls
wvq9pAjl5W,Ryan Hollingshead,1991-04-16,USA,DF,FB,,,"['2014', '2015', '2016', '2017', '2018', '2019', '2020', '2021', '2022', '2023', '2024', '2025', '2026']",6.0,1.0,183.0,mls,mls
wvq9pBZm5W,Uri Rosell,1992-07-07,Spain,MF,DM,,,"['2013', '2014', '2018', '2019', '2020', '2021', '2022', '2023']",6.0,0.0,170.0,mls,mls
wvq9pj2w5W,Gilberto Júnior,1988-10-20,Brazil,,,,,{},6.0,2.0,181.0,mls,mls
wvq9ppPN5W,Doneil Henry,1993-04-20,Canada,DF,CB,,,"['2013', '2014', '2018', '2019', '2022']",6.0,2.0,181.0,mls,mls
wvq9r3NQWn,Michael Videira,1986-01-06,USA,DF,FB,,,2013,5.0,5.0,174.0,mls,mls
wvq9rwBQWn,Casemiro,1992-02-23,Brazil,MF,CM,,DM,2026,6.0,1.0,185.0,mls,mls
wvq9wYNMWn,Victor Wanyama,1991-06-25,Kenya,MF,CM,,DM,"['2020', '2021', '2022', '2023', '2024']",6.0,2.0,176.0,mls,mls
wvq9zVmQWn,Kalifa Cissé,1984-09-01,Mali,MF,CM,,DM,2013,6.0,1.0,176.0,mls,mls
xW5p46l5g1,Jerome Thiesson,1987-08-06,Switzerland,DF,FB,,,"['2017', '2018']",5.0,9.0,163.0,mls,mls
xW5p4e95g1,Darrius Barnes,1986-12-24,USA,DF,FB,,,"['2013', '2014', '2015', '2016']",6.0,1.0,176.0,mls,mls
xW5p4rJ5g1,Baggio Husidic,1987-05-19,USA,MF,CM,,W,"['2014', '2015', '2016', '2017', '2018']",6.0,1.0,161.0,mls,mls
xW5p7L4KMg,Elías Baez,2004-10-18,Argentina,DF,FB,,,2026,,,,mls,mls
xW5p7YJBMg,Robert Turdean,2010-01-14,USA,,,,,{},5.0,7.0,,mls,mls
xW5p7lPJMg,Andy Rojas,2005-12-05,Costa Rica,MF,CM,,,2026,,,,mls,mls
xW5p7vJMg1,Nigel de Jong,1984-11-30,Netherlands,MF,DM,,CM,2016,5.0,9.0,159.0,mls,mls
xW5p8k95g1,Walter Vílchez,1982-02-20,Peru,DF,CB,,,2013,6.0,0.0,176.0,mls,mls
xW5pK0JMg1,Will Johnson,1987-01-21,Canada,MF,CM,,DM,"['2013', '2014', '2015', '2016', '2017', '2018', '2019']",5.0,10.0,161.0,mls,mls
xW5pKJBMg1,Jay Simpson,1988-12-01,England,FW,ST,,,"['2017', '2018']",5.0,11.0,187.0,mls,mls
xW5pKPlMg1,Bojan,1990-08-28,Spain,FW,ST,MF,AM,"['2019', '2020']",5.0,7.0,143.0,mls,mls
xW5pKvlMg1,Gonzalo Higuaín,1987-12-10,Argentina,FW,ST,,,"['2020', '2021', '2022']",6.0,0.0,192.0,mls,mls
xW5pLxJ5g1,Darren O'Dea,1987-02-04,Republic of Ireland,DF,CB,,FB,2013,6.0,1.0,181.0,mls,mls
xW5pXAl5g1,Abdoulie Mansally,1989-01-27,Gambia,DF,FB,,,"['2013', '2014', '2015', '2016']",5.0,10.0,161.0,mls,mls
xW5pXjB5g1,Vadim Demidov,1986-10-10,Norway,DF,CB,,,2017,6.0,1.0,176.0,mls,mls
xW5pYyddqg,Lineker Rodrigues,2002-03-12,Brazil,FW,ST,MF,AM,2026,,,,mls,mls
xW5pZo6Qg1,Alain Rochat,1983-02-01,Switzerland,DF,FB,,,2013,6.0,0.0,172.0,mls,mls
xW5pbAlQg1,Maxime Chanot,1989-11-21,Luxembourg,DF,CB,,,"['2016', '2017', '2018', '2019', '2020', '2021', '2022', '2023', '2024', '2025']",6.0,1.0,172.0,mls,mls
xW5pdnLY5g,Juan Pablo Torres,1999-07-26,USA,MF,W,,,"['2019', '2020']",5.0,8.0,161.0,mls,mls
xW5pgDRMg1,Jack Jewsbury,1981-04-13,USA,DF,FB,MF,DM,"['2013', '2014', '2015', '2016']",6.0,0.0,185.0,mls,mls
xW5pgaJMg1,Charlie Davies,1986-06-25,USA,FW,ST,,,"['2013', '2014', '2015', '2016', '2017']",5.0,10.0,161.0,mls,mls
xW5pgzJMg1,Gonzalo Segares,1982-10-13,Costa Rica,DF,FB,,,"['2013', '2014']",5.0,11.0,161.0,mls,mls
xW5pkAYMg1,Danny Koevermans,1978-11-01,Netherlands,FW,ST,,,2013,6.0,3.0,176.0,mls,mls
xW5pmRRqg1,Reggie Lambe,1991-02-04,Bermuda,MF,W,,,2013,5.0,7.0,152.0,mls,mls
xW5pr1oYQg,Josh Sargent,2000-02-20,USA,FW,ST,,,2026,6.0,1.0,174.0,mls,mls
xW5pr6gRQg,Diogo Gonçalves,1997-02-06,Portugal,MF,W,,,"['2024', '2025']",5.0,10.0,154.0,mls,mls
xW5pr8kKQg,Braian Cufré,1996-12-15,Argentina,DF,FB,,,2023,5.0,10.0,181.0,mls,mls
xW5prAPKQg,Adam Najem,1995-01-19,USA,MF,AM,,,2017,5.0,8.0,154.0,mls,mls
xW5prAjYQg,Raoul Petretta,1997-03-24,Italy,DF,FB,,CB,"['2023', '2024', '2025']",5.0,9.0,154.0,mls,mls
xW5prJRRQg,Jean-Christophe Koffi,1998-01-05,Ivory Coast,,,,,{},5.0,9.0,172.0,mls,mls
xW5prK4BQg,Ariel Lassiter,1994-09-27,Costa Rica,DF,FB,,,"['2015', '2016', '2017', '2018', '2020', '2021', '2022', '2023', '2024', '2025', '2026']",5.0,10.0,154.0,mls,mls
xW5prWaBQg,Niko Hämäläinen,1997-03-05,Finland,DF,FB,,,"['2019', '2021']",5.0,10.0,161.0,mls,mls
xW5prZBdQg,Henry Wingo,1995-10-04,USA,MF,W,DF,FB,"['2017', '2018', '2019', '2024', '2025', '2026']",6.0,0.0,170.0,mls,mls
xW5prbllQg,Artur,1996-03-11,Brazil,MF,DM,,,"['2017', '2018', '2019', '2020', '2021', '2022', '2023', '2024', '2025', '2026']",5.0,11.0,150.0,mls,mls
xW5prjd6Qg,Chris Odoi-Atsem,1995-05-28,USA,DF,FB,,,"['2017', '2018', '2019', '2020', '2021', '2022']",5.0,10.0,150.0,mls,mls
xW5prkRRQg,Harry Shipp,1991-11-07,USA,MF,W,,,"['2014', '2015', '2016', '2017', '2018', '2019', '2020']",5.0,9.0,146.0,mls,mls
xW5prl1KQg,Dominique Badji,1992-10-16,Senegal,FW,ST,,,"['2015', '2016', '2017', '2018', '2019', '2020', '2021', '2022', '2023', '2024', '2025']",6.0,0.0,170.0,mls,mls
xW5prlr6Qg,Tor Saunders,1998-04-30,USA,,,,,{},,,,mls,mls
xW5prlvGQg,Joseph Greenspan,1992-09-12,USA,DF,CB,,FB,"['2015', '2016', '2017']",6.0,6.0,209.0,mls,mls
xW5prmvGQg,Dion Pereira,1999-03-25,England,MF,W,DF,FB,2019,,,,mls,mls
xW5pro36Qg,Sergio Córdova,1997-08-09,Venezuela,FW,ST,,,"['2022', '2023', '2026']",6.0,2.0,192.0,mls,mls
xW5prwxdQg,Keyner Brown,1991-12-30,Costa Rica,DF,CB,,,2016,6.0,2.0,,mls,mls
xW5pw0L6Mg,Christopher Olney Jr.,2006-12-16,USA,MF,CM,,,2024,,,,mls,mls
xW5pw0RGMg,Nabilai Kibunguchy,1998-01-05,USA,MF,DM,,,2022,6.0,3.0,187.0,mls,mls
xW5pw3PYMg,Conrad Wallem,2000-06-09,Norway,DF,FB,,,"['2025', '2026']",5.0,11.0,161.0,mls,mls
xW5pw8KGMg,Lawrence Ennali,2002-03-07,Germany,DF,FB,MF,W,"['2024', '2025', '2026']",5.0,8.0,123.0,mls,mls
xW5pwBoGMg,Shane Donovan,2007-01-06,USA,MF,W,,,2026,,,,mls,mls
xW5pwEwGMg,Finn Surman,2003-09-23,New Zealand,DF,CB,,,"['2024', '2025', '2026']",6.0,3.0,,mls,mls
xW5pwLD9Mg,Hassan Ayari,2002-12-08,Tunisia,,,,,{},,,,mls,mls
xW5pwNlJMg,Jacob Arroyave,2007-11-12,USA,,,,,{},,,,mls,mls
xW5pwWRKMg,Adam Pearlman,2005-04-05,USA,DF,CB,,,2023,,,,mls,mls
xW5pwaEJMg,Grant Leveille,2008-07-03,USA,,,,,{},,,,mls,mls
xW5px1mG5g,Zach Mathers,1994-04-14,USA,,,,,{},5.0,11.0,174.0,mls,mls
xW5px2e95g,Kevin Parsemain,1988-02-13,Martinique,,,,,{},5.0,10.0,165.0,mls,mls
xW5px7oB5g,Jerry Bengtson,1987-04-08,Honduras,FW,ST,,,"['2013', '2014']",6.0,1.0,165.0,mls,mls
xW5pxANJ5g,Marcus Ingvartsen,1996-01-04,Denmark,FW,ST,,,"['2025', '2026']",6.0,2.0,181.0,mls,mls
xW5pxBdY5g,Michael Lisch,1990-08-30,USA,,,,,{},6.0,4.0,176.0,mls,mls
xW5pxRGB5g,Thiago Martins,1995-03-17,Brazil,DF,CB,,,"['2022', '2023', '2024', '2025', '2026']",6.0,1.0,168.0,mls,mls
xW5pxaa95g,Jesús Murillo,1994-02-18,Colombia,DF,CB,,,"['2020', '2021', '2022', '2023', '2024']",6.0,0.0,159.0,mls,mls
xW5pxemB5g,Jamal Blackman,1993-10-27,England,GK,GK,,,2021,6.0,6.0,203.0,mls,mls
xW5pxjEl5g,Juan Fernando Caicedo,1989-07-12,Colombia,FW,ST,,,2019,5.0,11.0,170.0,mls,mls
xW5pxlL95g,Igor Julião,1994-08-23,Brazil,DF,FB,,,"['2014', '2017']",5.0,9.0,137.0,mls,mls
xW5pxvg65g,Drew Beckie,1990-09-30,USA,,,,,{},6.0,1.0,161.0,mls,mls
xW5pxy3l5g,Zac MacMath,1991-08-07,USA,GK,GK,,,"['2013', '2014', '2015', '2016', '2017', '2018', '2019', '2020', '2021', '2022', '2023', '2024']",6.0,2.0,176.0,mls,mls
xW5pxyLJ5g,Bilal Duckett,1989-01-09,USA,DF,FB,,,2013,6.0,2.0,165.0,mls,mls
xW5pxyYl5g,Victor Pineda,1993-05-15,USA,MF,W,,,2014,5.0,11.0,141.0,mls,mls
xW5pxyxB5g,David Bingham,1989-10-19,USA,GK,GK,,,"['2013', '2015', '2016', '2017', '2018', '2019', '2020', '2022', '2023', '2025']",6.0,2.0,185.0,mls,mls
xW5pxzbB5g,Waylon Francis,1990-09-20,Costa Rica,DF,FB,,,"['2014', '2015', '2016', '2017', '2018', '2019', '2020', '2021']",5.0,9.0,161.0,mls,mls
xW5py2Jdqg,Markus Cimermancic,2004-10-01,Canada,DF,FB,MF,AM,"['2025', '2026']",,,,mls,mls
xW5py60Jqg,Nicholas Slonina,2001-03-20,USA,,,,,{},6.0,3.0,196.0,mls,mls
xW5py9o9qg,Richard Aman,2004-03-16,USA,,,,,{},,,,mls,mls
xW5pyAAGqg,Anthony Ramirez,2005-12-22,USA,MF,DM,,W,"['2024', '2025']",,,,mls,mls
xW5pyAVYqg,Stas Kornzeniowski,2003-01-30,USA,FW,ST,,,2026,,,,mls,mls
xW5pyEZBqg,Samuel Bassett,2003-04-13,USA,MF,W,,,2025,6.0,0.0,,mls,mls
xW5pyO7Bqg,Easton Ongaro,1998-06-05,Canada,FW,ST,,,2022,6.0,6.0,185.0,mls,mls
xW5pyPEYqg,Érik Dueñas,2004-10-18,USA,MF,CM,,,"['2020', '2023', '2024', '2025']",5.0,4.0,119.0,mls,mls
xW5pyYB0qg,Mohamed Thiaw,1995-01-24,USA,,,,,{},6.0,2.0,179.0,mls,mls
xW5pybLJqg,Gastón González,2001-06-27,Argentina,MF,W,DF,FB,2023,,,,mls,mls
xW5pygjdqg,Jalen Neal,2003-08-24,USA,DF,CB,,,"['2023', '2024', '2025', '2026']",6.0,1.0,146.0,mls,mls
xW5pykn0qg,Juan Berrocal,1999-02-05,Spain,DF,CB,,,"['2025', '2026']",6.0,0.0,159.0,mls,mls
xW5pynPBqg,Guilherme Biro,2000-05-01,Brazil,DF,FB,,,"['2024', '2025', '2026']",,,,mls,mls
xW5pynj0qg,Matheus Nascimento,2004-03-03,Brazil,FW,ST,,,"['2025', '2026']",6.0,0.0,157.0,mls,mls
xW5pypNJqg,David Egbo,1998-10-31,Nigeria,,,,,{},6.0,1.0,185.0,mls,mls
xW5pyrwKqg,Obinna Nwobodo,1996-11-29,Nigeria,MF,CM,,,"['2022', '2023', '2024', '2025', '2026']",5.0,11.0,,mls,mls
xW5pyx70qg,Tucker Lepley,2002-01-17,USA,MF,CM,,,"['2024', '2025']",5.0,4.0,126.0,mls,mls
xW5pyyaJqg,Braian Ojeda,2000-06-27,Paraguay,MF,DM,,CM,"['2022', '2023', '2024', '2025', '2026']",5.0,8.0,152.0,mls,mls
zeQZ0az5Kw,Michael Gspurning,1981-05-02,Austria,GK,GK,,,2013,6.0,5.0,209.0,mls,mls
zeQZ1NbNqK,Kamil Castillo,2010-03-31,Dominican Republic,,,,,{},,,,mls,mls
zeQZ32rMKw,Marco Di Vaio,1976-07-15,Italy,FW,ST,,,"['2013', '2014']",5.0,11.0,174.0,mls,mls
zeQZ73GYMK,Jordan Allen,1995-04-25,USA,FW,W,,,"['2014', '2015', '2016', '2017']",5.0,11.0,201.0,mls,mls
zeQZ79JKMK,Kimarni Smith,1998-03-14,England,DF,FB,,,"['2021', '2022']",6.0,1.0,161.0,mls,mls
zeQZ7D3xMK,Patryk Klimala,1998-08-05,Poland,FW,ST,,,"['2021', '2022']",6.0,0.0,168.0,mls,mls
zeQZ7DJzMK,Tristan Muyumba,1997-03-07,France,MF,DM,,CM,"['2023', '2024', '2025', '2026']",,,,mls,mls
zeQZ7EwZMK,Nico Lemoine,2000-04-10,USA,MF,W,,,"['2020', '2021']",5.0,11.0,148.0,mls,mls
zeQZ7PjgMK,Eric Ayuk,1997-02-17,Cameroon,MF,W,,,"['2015', '2016']",5.0,9.0,165.0,mls,mls
zeQZ7VG1MK,Drew Conner,1994-02-18,USA,DF,FB,,,"['2017', '2018']",5.0,11.0,165.0,mls,mls
zeQZ7XVrMK,Rafael Ramos,1995-01-09,Portugal,DF,FB,,,"['2015', '2016', '2017', '2018']",5.0,7.0,154.0,mls,mls
zeQZ7jPKMK,Brais Méndez,1997-01-07,Spain,FW,ST,,,2026,6.0,2.0,168.0,mls,mls
zeQZ7p7DMK,Jeffrey Obitey Otoo,1998-01-21,Ghana,,,,,{},5.0,9.0,170.0,mls,mls
zeQZ7pzDMK,David Choinière,1997-02-07,Canada,MF,CM,,,"['2016', '2017', '2018']",5.0,7.0,154.0,mls,mls
zeQZ7xbZMK,Douglas Martínez,1997-06-05,Honduras,FW,ST,,,"['2019', '2020', '2021']",5.0,11.0,150.0,mls,mls
zeQZ7z3zMK,Ben Reveno,1999-03-29,USA,MF,W,,,2022,,,,mls,mls
zeQZ84D5Kw,Dejan Jakovic,1985-07-16,Canada,DF,CB,,,"['2013', '2018', '2019', '2020']",6.0,2.0,179.0,mls,mls
zeQZEkYqKw,Nelson Rivas,1983-03-25,Colombia,DF,CB,,,2013,5.0,11.0,209.0,mls,mls
zeQZJ2bKQK,Zakaria Messoudi,1993-10-30,Canada,,,,,{},5.0,9.0,179.0,mls,mls
zeQZJ63xQK,Dixon Arroyo,1992-06-01,Ecuador,MF,CM,,DM,2023,5.0,10.0,161.0,mls,mls
zeQZJ7YgQK,Rudy Camacho,1991-03-05,France,DF,CB,,,"['2018', '2019', '2020', '2021', '2022', '2023', '2024', '2025', '2026']",6.0,1.0,174.0,mls,mls
zeQZJAYZQK,Gabriel Somi,1991-08-24,Sweden,DF,FB,,,2018,5.0,9.0,148.0,mls,mls
zeQZJBvxQK,David Texeira,1991-02-27,Uruguay,FW,ST,,,"['2014', '2015']",6.0,0.0,181.0,mls,mls
zeQZJJVNQK,Jackson,1988-06-03,Brazil,MF,W,,,"['2013', '2014', '2015']",5.0,9.0,154.0,mls,mls
zeQZJN9jQK,Lucas Zelarayán,1992-06-20,Argentina,MF,AM,,,"['2020', '2021', '2022', '2023']",5.0,8.0,154.0,mls,mls
zeQZJPAgQK,Jerome Kiesewetter,1993-02-09,USA,MF,W,,,2020,6.0,0.0,176.0,mls,mls
zeQZJX1KQK,Zarek Valentin,1991-08-06,USA,DF,FB,,,"['2016', '2017', '2018', '2019', '2020', '2021', '2022', '2023', '2024']",5.0,11.0,157.0,mls,mls
zeQZJX6KQK,Victor Ulloa,1992-03-04,Mexico,MF,DM,,CM,"['2014', '2015', '2016', '2017', '2018', '2019', '2020', '2021', '2022', '2023']",6.0,0.0,165.0,mls,mls
zeQZJXKDQK,Leandro González Pirez,1992-02-26,Argentina,DF,CB,,,"['2017', '2018', '2019', '2020', '2021']",6.0,1.0,198.0,mls,mls
zeQZJXwYQK,Orr Barouch,1991-11-29,Israel,,,,,{},6.0,2.0,192.0,mls,mls
zeQZJYDZQK,Lucas Hoyos,1989-04-29,Argentina,GK,GK,,,2026,6.0,0.0,172.0,mls,mls
zeQZJaarQK,Erik Godoy,1993-08-16,Argentina,DF,CB,,,"['2019', '2020', '2021', '2022']",6.0,1.0,174.0,mls,mls
zeQZJgjZQK,Sean Okoli,1993-02-03,USA,FW,ST,,,"['2014', '2015', '2017']",6.0,1.0,183.0,mls,mls
zeQZJkwzQK,Brayan Beckeles,1985-11-28,Honduras,DF,FB,,,2020,6.0,1.0,176.0,mls,mls
zeQZJm9jQK,Anton Walkes,1997-02-08,England,DF,CB,,,"['2017', '2020', '2021', '2022']",6.0,2.0,181.0,mls,mls
zeQZJvljQK,Greg Cochrane,1990-11-01,USA,DF,FB,,,"['2013', '2014', '2015']",5.0,8.0,141.0,mls,mls
zeQZJwENQK,Marvin Iraheta,1992-05-31,El Salvador,MF,CM,,,2013,5.0,9.0,157.0,mls,mls
zeQZJwX1QK,Nick DeLeon,1990-07-17,USA,MF,W,,,"['2013', '2014', '2015', '2016', '2017', '2018', '2019', '2020', '2021']",5.0,10.0,172.0,mls,mls
zeQZJwyxQK,Kevin Garcia,1990-08-21,USA,DF,CB,,FB,"['2017', '2018', '2019']",6.0,2.0,185.0,mls,mls
zeQZJxR1QK,Eric Miller,1993-01-15,USA,DF,FB,,,"['2014', '2015', '2016', '2017', '2018', '2019', '2020', '2021', '2022', '2023', '2024', '2025']",6.0,0.0,176.0,mls,mls
zeQZK11MKw,Robbie Rogers,1987-05-12,USA,DF,FB,,,"['2013', '2014', '2015', '2016']",5.0,10.0,165.0,mls,mls
zeQZKbYMKw,Luis Suárez,1987-01-24,Uruguay,FW,ST,,,"['2024', '2025', '2026']",6.0,0.0,190.0,mls,mls
zeQZPrN5Kw,Patrice Bernier,1979-09-23,Canada,MF,DM,,CM,"['2013', '2014', '2015', '2016', '2017']",5.0,9.0,181.0,mls,mls
zeQZRx1QKw,Andre Akpan,1987-12-09,USA,FW,ST,,,"['2013', '2014']",6.0,0.0,192.0,mls,mls
zeQZV9KQKw,Tony Beltran,1987-10-11,USA,DF,FB,,,"['2013', '2014', '2015', '2016', '2017']",5.0,8.0,152.0,mls,mls
zeQZX6OY5K,Diego Palacios,1999-07-12,Ecuador,DF,FB,,,"['2019', '2020', '2021', '2022', '2023']",5.0,7.0,,mls,mls
zeQZX6bK5K,Roald Mitchell,2003-01-13,USA,FW,ST,,,"['2024', '2026']",6.0,1.0,161.0,mls,mls
zeQZX96N5K,Jimer Fory,2002-05-24,Colombia,DF,FB,,,"['2025', '2026']",,,,mls,mls
zeQZXW7D5K,Luca Ulrich,2003-03-17,USA,,,,,{},,,,mls,mls
zeQZXXm15K,Jake Davis,2002-01-03,USA,DF,FB,,,"['2021', '2022', '2023', '2024', '2025', '2026']",5.0,10.0,150.0,mls,mls
zeQZXd6N5K,Laurence Wootton,2000-01-10,England,,,,,{},,,,mls,mls
zeQZXgmg5K,Marino Hinestroza,2002-07-08,Colombia,MF,AM,,,2024,5.0,7.0,132.0,mls,mls
zeQZXgxD5K,Callum Montgomery,1997-05-14,Canada,,,,,{},6.0,3.0,183.0,mls,mls
zeQZXlXx5K,Collin Smith,2003-12-04,USA,DF,FB,MF,W,2023,5.0,11.0,161.0,mls,mls
zeQZXr4g5K,Franco Ibarra,2001-04-28,Argentina,MF,DM,,CM,"['2021', '2022', '2023']",5.0,9.0,152.0,mls,mls
zeQZbngQKw,Lee Nguyen,1986-10-07,USA,MF,AM,,CM,"['2013', '2014', '2015', '2016', '2017', '2018', '2019', '2020']",5.0,8.0,152.0,mls,mls
zeQZe4aYqK,Zakaria Taifi,2005-10-01,USA,DF,FB,,,"['2025', '2026']",,,,mls,mls
zeQZeWKjqK,Hugo Picard,2003-05-09,France,MF,W,,,"['2025', '2026']",5.0,6.0,150.0,mls,mls
zeQZeZDNqK,Antony Curic,2001-01-16,Canada,DF,FB,,,2023,6.0,3.0,174.0,mls,mls
zeQZey71qK,Abasa Aremeyaw,2003-08-15,Ghana,,,,,{},,,,mls,mls
zeQZeyKqKw,Tyrone Mears,1983-02-18,Jamaica,DF,FB,,,"['2015', '2016', '2017', '2018']",5.0,11.0,163.0,mls,mls
zeQZjOPjQK,Daniel Aguirre,1999-07-28,USA,MF,DM,,CM,"['2021', '2022', '2023', '2024']",5.0,10.0,159.0,mls,mls
zeQZjOxDQK,Machop Chol,1998-11-14,USA,MF,W,,,"['2021', '2022', '2023']",,,,mls,mls
zeQZkkOjMK,Chris Rindov,2001-10-08,USA,DF,CB,,,"['2023', '2025', '2026']",6.0,2.0,190.0,mls,mls
zeQZzPgQKw,Danny Hoesen,1991-01-15,Netherlands,FW,ST,,,"['2017', '2018', '2019', '2020', '2021', '2022']",6.0,1.0,165.0,mls,mls
